106673|J52_PR_RT|JN010442-SR,CCAATTAGCCCCATTGAAACTGTACCAGTAAAATTAAAGCCAGGAATGGATGGCCCAAAGGTCAAACAATGGCCGTTGACAGAAGAGAAAATAAAAGCATTAACAGCAATTTGTGATGAAATGGAAAAGGAAGGAAAAATTACAAGAATTGGGCCAGAAAATCCATACAACACTCCAGTATTTGCCATAAAAAGAAAGGACAGTACTAAATGGAGAAAATTAGTAGATTTTAGGGAACTCAATAAAAGAACTCAAGACTTTTGGGAAGTTCAATTAGGGATACCACACCCAGCAGGGTTGAAAAAGAAAAAATCAGTGACAGTACTGGATGTGGGGGATGCATATTTTTCAGTACCTTTAGATGAAAACTTTAGGAAATATACTGCATTCACCATACCTAGCACAAACAATGAGACACCAGGAATTAGATATCAATATAATGTGCTTCCACAGGGATGGAAAGGATCACCAGCGATATTCCAGAGTAGTATGACAAAAATCTTAGAGCCCTTTAGAGCACAAAATCCAGAAATAGTTATCTATCAATATATGGATGACTTGTATGTAGGATCTGACTTAGAAATAGGGCAACATAGAGCAAAAATAGAGAAGTTAAGAGAGCATCTATTGAAGTGGGGATTCACCACACCAGACAAGAAACATCAGAAAGAACCCCCATTCCTTTGGATGGGTTATGAACTC------------------------------------------------------------------------------------------------------------------------------------------------------------------------------------------------------------------------------------------------------------------------------------------------------------------------------------------------------------------------------------------------------------------------------------------------------------------------------------------------------------------------------------------------------------------------------------------------------------------------------------------------------------------------------------------------------------------------------------------------------------------------------------------------------------------------------------------------------------------------------------------------------------------------------------------------------------------------------------------------------------------
107432|SP26-78090|EU342752-SR,---------------------------------------------------------------------------------------CAGATTGGTTGTACTTTAAATTTTTGTACAGAAATGGAAAAGGAAGGGAAAATTTCAAAAATTGGGCCTGAAAATCCATACAACACTCCAGTATTTGCCATAAAGAGAAAAGATGGTACTAAATGGAGAAAATTGGTAGATTTCAGAGAGCTCAATAAAAGAACTCAAGACTTCTGGGAGGTTCAATTAGGTATACCCCATCCAGCAGGGTTAAAAAAGAAGAAATCAATAACAGTACTAGATGTGGGAGACGCATATTTTTCAGTTCCCTTAGATGAAGATTTTAGAAAGTAYACTGCATTCACTATACCTAGTACAAACAATGAGACACCAGGGATTAGATATCAGTACAATGTGCTCCCACAGGGATGGAAAGGATCACCAGCAATATTTCAGTGTAGCATGACAAAAATCTTAGAGCCCTTTAGAACAAAGAATCCAGAAATGGTGATCTACCAATACATGGATGATCTACTTGTAGGATCTGACTTAGAAATAGGGCAGCATAGAGCAAAAATAGAAGAGTTAAGAGAACATCTACTGAGATGGGGATTTACCACACCAGATAAAAAATATCAGAAAGAACCTCCATTCCTTTGGATGGGGTATGAGCTCCATCCTGACAAATGGACAGTACAGCCTATACAGCTGCCA---------------------------------------------------------------------------------------------------------------------------------------------------------------------------------------------------------------------------------------------------------------------------------------------------------------------------------------------------------------------------------------------------------------------------------------------------------------------------------------------------------------------------------------------------------------------------------------------------------------------------------------------------------------------------------------------------------------------------------------------------------------------------------------------------------------------------------------------------------------------------------------------------------------------------------------------------------------------------
118568|hnr19|KC988163-SR,CTCATTAGTCCTATTGAAACTGTACCAGTAAAATTAAAGCCAGGAATGGATGGCCCAAAAGTTAAACAATGGCCATTGACAGAAGAAAAAATAAAAGCATTAGTAGAAATTTGTACAAAAATGGAAAAGGAAGGAAAAATTTCAAAAATCGGGCCTGAAAATCCATACAATACTCCAGTATTTGCCATAAAGAGAAAGGACAGTACTAAATGGAGAAAATTAGTAGATTTCAGGAAACCTAATAAAAGAACTCAAGACTTCTGGGAAGTTCAATTAGGAATACCTCATCCCGCAGGGTTAAAAAAGAAAAAATCAGTAACAGTCCTGGATGTGGGTGATGCATACTTCTCAGTCCCTTTATATGAAGATTTCAGGAAATATACTGCATTTACCATACCTAGTGTAAACAATGAGACACCAGGGATCAGATATCAGTATAATGTGCTTCCACAGGGATGGAAAGGATCACCAGCGATATTCCAGTGTAGCATGACAAAAATCTTAGAGCCTTTTAGAAAACAAAACCCAGACATAGTTATCTATCAATACATGGATGATTTGTATGTAGGATCTGATTTAGAAGTAGGGCAGCATAGGGAAAAAATAGAGGAACTAAGACAACATCTGTTGGGGTGGGGATTTACCACACCAGACTAAAAACACCAGAAAGAACCTCCATTCCTTTGGATGGGGTATGAACTCCATCCTGATAAATGGACAGTGCAGCCTATAGTGCTGCCAGAAAGGGACAGCTGGACTGTCAATGACATACAGAAGTTAGTGGGAAAGTTAAATTGGGCAAGTCAGATTTATGCAGGAATTAAGGTAAAGGAATTATGCAAACTCCCTAGGGGAACCAAAGCATTAACAGAAGTAGTACCACTAACAAAAGAAGCAGAGCTAGAACTGGCAGAAAACAGGGAAATTCTAAAAGAGCCAGTACATGGAGTGTATTATGACCCAGCAAAAGACCTAATAGCAGAAATACAGAAGCAGGGGCTAGGCCAATGGACATACCAAATTTATCAAGAGCCATATAAAAATCTGAAAACAGGAAAGTATGCAAGAATGAGGGGTGCCCACACTAATGATGTAAAACAATTAACAGAGGCAGTACAAAAAATAGCCACAGAAAGCATAGTAATATGGGGGAAGACTCCTAAATTTAAACTACCCATACAAAAGAAAACATGGGACGCATGGTGGACAGAGTATTGGCAAGCCCCCTGGATTCCTAAGTGGGAGTTTATCAATACCCCTCCCTTAATAAAATTATGGAATCAGTTAAAGAAAGAACCCATAGGAGGAGCAGAAACCTTCTATGTAAATGGGGCAGCTAATAGGGGGACTAAATTAGAAAAAGCAGGCTATGTTACTAACAAAAAAAGACAAAAAGTTGTCACCCTAACTGACACAACAAATCAGAAGACTGAGTTACAAGCAATTCATTTAGCTTTGCAGGATTCAGGAGTAGAAGTAAACATAGTAACAGACTCACAATATGCATTAGGAATCATTCAAGCACAACCAGATAGGAGTGAATCAGAATTAGTCAGTCAAATAATAGAGCAGTTAATAAAAAAGGAAAAAGTCTACCTGGCATGGGTGCCAGCACACAAAGGAATTGGAGGAAATGAACAAGTAGATAAATTAGTTAGTGCTGGAATCAGGAAAGTACTA
119792|RS0025|KF157417-SR,CCATTTAGTCCTATTGAAACTGTACCAGTAAAATTAAAGCCAGGAATGGATGGCCCAAAAGTTAAACAATGGCCATTGACAGAAGAAAAAATAAAAGCATTAGTAGAAATTTGTACAGAAATGGAAAAGGAAGGGAAAATTTCAAAAATTGGGGCTGAAAAACCCTATAATACTCCAGTATTTGTCATAAAGAGAAAGGACAAAACTAAATGGAGAAAATTAGTAGATTTCAGAGAACTTAATAAGAGAACTCAAGATTTCTGGGAAGTTCAATTAGGAATACCACATCCCGCTGGGTTAAAAAAGAAAAAATCAGTAACAGTACTGGATGTGGGTGATGCATTTTTTTCAGTTCCCTTAGATAAAGACTTCAGGAAATATACTGCATTTACCATACCTAGTTTAAACAATGAGACACCAGGGATTAGATATCAGTACAATGTGCTTCCAAAGGGATGGAAAGGATCACCAGCAATATTCCAAAGTAGTATGACAAAAATCTTAGAGCCTTTTAGAAAAGAAAATCCAGACATAGTTATTCATCAATACGTGGATGATTTGTATGTAGCATCTGATCTTGAAATAGGGCAGCATAGAACAAAAATAGAGGAACTGAGACAGCATCTGTTGAGGTGGGGATTTACCACACCAGACAAAAAACATCAGAAAGAACCTCCATTCCTTTGGATGGGTTATGAACTCCATCCTGATAAATGGACAGTACAGCCTATAATGCTGCCA---------------------------------------------------------------------------------------------------------------------------------------------------------------------------------------------------------------------------------------------------------------------------------------------------------------------------------------------------------------------------------------------------------------------------------------------------------------------------------------------------------------------------------------------------------------------------------------------------------------------------------------------------------------------------------------------------------------------------------------------------------------------------------------------------------------------------------------------------------------------------------------------------------------------------------------------------------------------------
119800|R0146|KF157531-SR,CCCATTAGTCCTATTGAAACTGTACCAGTAAAATTAAAGCCAGGGATGGATGGCCCAAAAGTTAAACAATGGCCATTGACAGAAGAAAAAATAAAAGCATTAATAGAAATTTGTACAGAAATGGAAAAGGAAGGGAAAATTGAAAAAATTGGGCCTGAAAATCCATACAACACACCAGTATTTGCCATAAAGAGAAAAGACAGTACTAAATGGAGAAAATTAGTAGATTTCAGAGAACTTAATAAGAGAACTCAAGACTTCTGGGAAGTTCAATTAGGAATACCACATCCCGCAGGGTTAAAAAAGAACAAATCAGTAACAGTACTAGATGTGGGTGATGCATATTTTTMAGTTCCCTTAGATAAAGATTTCAGGAAGTATACTGCATTTACCATACCTMGTCTAAACAATGAGTCACCAGGGATTAGATATCAGTACAATGTGCTACCACAGGGATGGAAAGGATCACCAGCAATATTCCAAAGTAGCATGACAAAAATCTTAGAGCCTTTTAGAAAACAAAACCCAGACATAGTTATTTGTCAGTACRTGGATGATTTGTATGTAGGATCGGACTTAGAAATAGGGCAGCATAGAACAAAAGTAGAGGAACTGAGACAACATCTGTTGAGGTGGGGATTTACCACACCAGACAAAAAACATCAGAAAGAACCTCCATTCCTTTGGATGGGTTATGAACTCCATCCAGATAAA------------------------------------------------------------------------------------------------------------------------------------------------------------------------------------------------------------------------------------------------------------------------------------------------------------------------------------------------------------------------------------------------------------------------------------------------------------------------------------------------------------------------------------------------------------------------------------------------------------------------------------------------------------------------------------------------------------------------------------------------------------------------------------------------------------------------------------------------------------------------------------------------------------------------------------------------------------------------------------------------------
120153|CAN13-027|KF727873-SR,CCCATTAGTCCTATTGAAACTGTACCAGTAAAATTAAAGCCAGGAATGGATGGCCCAAAAGTTAAACAATGGCCATTGACAGAAGAAAAAATAAAAGCATTAATGGAAATTTGTGCAGAAATGGAAAAGGAAGGGAAAATTTCAAAAATTGGGCCTGAAAATCCATACAATACTCCAGTATTTGCAATAAAGARGAAAGACAGTACTAAATGGAGAAAATTAGTAGATTTCAGAGAACTTAATAAGAGAACTCAAGACTTTTGGGAAGTTCAACTAGGAATACCACATCCCGCAGGGTTGAAAAAGAAGAAGTCAGTAACAGTACTGGATGTGGGTGATGCATATTTTTCAGTTCCCTTAGATAGAGAATTCAGGAAGTATACTGCATTTACCATACCTAGTATAAACAATGAGACACCAGGGATTAGATATCAGTACAATGTGCTGCCACAGGGATGGAAAGGATCACCAGCAATATTCCAAAGTAGCATGACAAGAATCTTAGAGCCTTTTAGAAAACAAAATCCAGACATAGTTGTCTATCAATATATGGATGATTTGTATGTAGGATCTGACTTAGAAATAGGGCAGCATAGAACAAAAATAGAGGAGTTGAGAAACCATCTGTTGAAGTGGGGGTTTACCACACCAGACAAGAAACATCAGAAAGAACCTCCATTCCTTTGG---------------------------------------------------------------------------------------------------------------------------------------------------------------------------------------------------------------------------------------------------------------------------------------------------------------------------------------------------------------------------------------------------------------------------------------------------------------------------------------------------------------------------------------------------------------------------------------------------------------------------------------------------------------------------------------------------------------------------------------------------------------------------------------------------------------------------------------------------------------------------------------------------------------------------------------------------------------------------------------------------------------------------------
120577|SNH098|KC516959-SR,CCAATTAGTCCTATTGAGACTGTACCAGTAAAATTAAAACCAGGAATGGATGGCCCAAAGATTAAACAATGGCCATTGACAGAAGAAAAAATAAAAGCATTAACAGAAATTTGTACAGAAATGGAAAAGGAAGGAAAAATTTCAAAAATTGGGCCCGAAAATCCATATAACACTCCAGTATTTGCCATAAAAARGAAAGATAGTACTAAGTGGAGAAAATTAGTAGATTTCAGAGAACTCAATAAAAGAACTCAAGACTTTTGGGAGGTTCAATTAGGGATACCACACCCAGCAGGGTTAAAAAAGAAAAAATCAGTAACAGTACTGGATGTGGGGGATGCATACTTTTCAGTTCCTTTACATGAAGACTTTAGAAAGTATACTGCATTCACCATACCTAGTACAAACAATGAGACACCAGGAATTAGGTATCAGTACAATGTGCTTCCTCAGGGATGGAAAGGATCACCAGCAATATTCCAGAGTAGCATGACAAAAATCTTAGAGCCCTTTAGATCAAAAAATCCAGAAATAGTTATCTATCAATACATGGATGACTTATATATAGGATCTGATTTAGAAATAGGTCAGCATAGAACAAAAATAGAAGAGTTAAGAGCTCATCTATTGAGCTGGGGATTTACTACACCAGACAAAAAGCATCAGAAAGAACCGCCATTCCTTTGGATGGGATATGAGCTCCATCCTGACAAGTGGACAGTCCAGCCTATAGAGCTGCCAGAAAAAGAACACTGGACTGTCAATGATATACAGAAATTAGTGGGGAAACTAAATTGGGCAAGTCAAATTTATGCAGGGATTAAAGTAAAACAATTATGTAGACTCCTCAGGGGAGCCAAGGCACTAACAGATATAGTAACATTGACTGAGGAAGCAGAATTGGAATTGGCAGAAAATAGGGAAATTCTAAAAGACCCTGTGCATGGGGTATATTATGACCCA---------------------------------------------------------------------------------------------------------------------------------------------------------------------------------------------------------------------------------------------------------------------------------------------------------------------------------------------------------------------------------------------------------------------------------------------------------------------------------------------------------------------------------------------------------------------------------------------------------------------------------------------------------------------------------------------------------------------------------------------
124405|F06-5112015|AB866651-SR,CCCATAAGTCCTATTGAAACTGTACCAGTAAAATTAAAGCCAGGAATGGATGGCCCAAAAGTCAAACAATGGCCACTGACAGAAGAAAAAATAAAAGCATTAGTAGAAATYTGTACAGAAATGGAAAAGGAAGGAAAAATTTCAAAAATTGGGCCTGAAAATCCATACAATACTCCAATATTTGCTATAAAGAGAAAGGACAGTACTAAATGGAGAAAATTAGTAGATTTCAGAGAACTYAATAAGAGAACTCAAGACTTCTGGGAAGTTCAATTAGGAATACCACATCCCGCAGGGTTACAAAAGAAAAAATCAGTAACAGTATTGGATGTGGGTGATGCATWTTTTTCAGTTCCCCTAGATAAAGATTTCAGGAAGTATACTGCATTTACCATACCTAGTACAAACAATGAGACACCAGGGATTAGATATCAGTACAATGTGCTTCCACAAGGATGGAAAGGATCACCAGCAATATTCCAAAGTAGCATGACAAAAATCTTAGAGCCTTTTAGGAAACAAAATCCAGACATAGTTATCTATCAATACGTGGATGACTTGTATGTATGTTCTGACTTAGAAATAGGGCCGCATAGGACAAAAATAGAGGAATTGAGACAACATCTATTGAGGTGGGGGTTTACCACACCAGACAAAAAACATCAGAAAGAACCTCCATTCCTTTGGATGGGTTATGAACTCCACCCTGATAAATGGACAGTACAACCTATAGTGCTGCCAGAAAAAGACAGCTGGACTGTCAATGACATACAGAAG---------------------------------------------------------------------------------------------------------------------------------------------------------------------------------------------------------------------------------------------------------------------------------------------------------------------------------------------------------------------------------------------------------------------------------------------------------------------------------------------------------------------------------------------------------------------------------------------------------------------------------------------------------------------------------------------------------------------------------------------------------------------------------------------------------------------------------------------------------------------------------------------------------------------------------------
126221|457|JQ914065-SR,CCAATTAGTCCTATTGAGACTGTACCAGTAAAATTAAAACCAGGAATGGATGGCCCAAGGGTTAAACAATGGCCATTGACAGAAGAAAAAATAAAGGCATTAACAGAAATTTGTACAGATATGGAAAAGGAAGGAAAAATTTCAAAAATTGGGCCTGAAAATCCATATAATACTCCAATATTTGCAATTAAGARAAAAGATAGCACTAAATGGAGAAAATTAGTAGATTTCAGAGAGCTCAATAAAAGAACACAAGACTTTTGGGAAGTTCAATTAGGAATACCGCATCCAGCGGGCCTGAAAAAGAAAAAATCAGTAACAGTACTAGATGTGGGGGACGCATATTTTTCAGTTCCTTTACATGAAGATTTTAGAAAATATACTGCATTCACCATACCTAGTATAAACAATGAGACACCAGGAATCAGATATCAGTACAATGTGCTTCCACAGGGATGGAAAGGATCCCCGGCAATATTCCAGAGTAGCATGACAAAAATCTTAGAGCCCTTTAGAGCAAAAAATCCAGAAATAGTTATCTATCAATACRTGGATGACTTATATGTAGGATCTGATTTAGAAATAGGGCAGCATAGAGCAAAAATAGAAGAGTTGAGAGCTCATCTATTGAGCTGGGGACTTACGACACCAGACAAAAAGCATCAGAAAGAACCTCCATTCCTTTGGATGGGGTATGAGCTCCATCCTGACAAGTGGACAGTTCAGCCTATA------------------------------------------------------------------------------------------------------------------------------------------------------------------------------------------------------------------------------------------------------------------------------------------------------------------------------------------------------------------------------------------------------------------------------------------------------------------------------------------------------------------------------------------------------------------------------------------------------------------------------------------------------------------------------------------------------------------------------------------------------------------------------------------------------------------------------------------------------------------------------------------------------------------------------------------------------------------------------------
136408|234M6_OAApool|KF544282-SR,CCAATTAGTCCTATTGAAACTGTACCAGTAAAATTGAAGCCAGGGATGGATGGCCCAAAAGTTAAACAATGGCCGTTGACAGAAGAAAAAWTAAAAGCACTAACAGAAATTTGTACAGAAATGGAAAAGGAAGGAAAAATTTCAAGAATTGGGCCTGAAAATCCATACAATACTCCAGTATTTGCTATAAAGARAAAGGATAGCACTAAATGGAGAAAATTAGTAGATTTTAGAGAGCTCAATAAGAGAACTCAGGACTTCTGGGAAATTCAATTAGGGATACCACATCCCGCAGGTTTAAAGAAGAAAAAATCAGTAACAGTACTAGATGTGGGTGATGCATATTTTTCAGTTCCCTTAGATGAAGACTTTAGAAAGTATACTGCATTCACCATACCTAGTATAAACAATGAGACACCAGGAATCAGGTATCAGTACAATGTGCTTCCACAAGGGTGGAAAGGATCACCAGCAATATTCCAAAACAGCATGATAAAAATCTTAGAGCCTTTTAGAAAACAAAACCCAGAAATGGTTATCTGTCAATACRTRGATGATTTGTATGTAGGATCTGACTTAGAAATAGGGCAGCATAGAATAAAAATAGAGGAATTAAGGGAACACCTATTGAAGTGGGGATTTACCACACCAGACAAAAAG------------------------------------------------------------------------------------------------------------------------------------------------------------------------------------------------------------------------------------------------------------------------------------------------------------------------------------------------------------------------------------------------------------------------------------------------------------------------------------------------------------------------------------------------------------------------------------------------------------------------------------------------------------------------------------------------------------------------------------------------------------------------------------------------------------------------------------------------------------------------------------------------------------------------------------------------------------------------------------------------------------------------------------------------------------
13902|dn38|AF504588-SR,---------------------------------------------------------------------------------------------------------------TGTACAGAAATGGAAAAGGAAGGGAAAATTTCAAAAATTGGGCCTGAAAATCCATACAATACTCCAGTATTTGCCATAAAGAGAAAAGACGGTGCTAAATGGAGAAAATTAGTAGATTTCAGAGAACTTAATAAGAGAACTCAAGACTTCTGGGAAGTCCAATTAGGAATACCACATCCCGCAGGATTAAAAAAGAAAAAATCAGTAACAGTACTGGATGTGGGTGATGCATATTTCTCAGTTCCCTTAGATAAAGAATTCAGGAAGTATACTGCATTTACCMTACCCAGTMTAAACAATGAGACACCAGGGACTAGATATCAATACAATGTGCTTCCACAGGGGTGGAAAGGATCACCAGCAATATTCCAATGTAGCATGACAAAGATCTTAGAACCTTTTAGAAAACAAAATCCAGATATAGTTATCTATCAATACATGGATGATTTGTATGTAGGATCCGACTTAGAAATAGGGCARCATAGAACAAAAGTAGAGGAACTGAGACAACATCTGTTGAAATGGGGATTTACAACACCAGACAAAAAACATCAGAAAGAACCTCCATTYCTTTGGATGGGKTATGAACTCCATCCTGATAAATGGACAGTACAGCCTATAGTGCTGCCA---------------------------------------------------------------------------------------------------------------------------------------------------------------------------------------------------------------------------------------------------------------------------------------------------------------------------------------------------------------------------------------------------------------------------------------------------------------------------------------------------------------------------------------------------------------------------------------------------------------------------------------------------------------------------------------------------------------------------------------------------------------------------------------------------------------------------------------------------------------------------------------------------------------------------------------------------------------------------
145775|58_WR13|KM284404-SR,CCCATTAGTCCTATTGAAACTGTACCAGTAAAATTAAAGCCAGGAATGGATGGCCCAAGAGTTAAGCAATGGCCATTGACAGAAGAAAAAATAAAAGCATTAATAGAAATTTGTACAGAAATGGAAAAGGAAGGAAAAATTTCAAAAATTGGGCCTGACAATCCATATAATACTCCAGTATTTGCTATAAAGAGAAAAGACAGTACTAAATGGAGAAAATTAGTAGATTTCAGAGAACTTAATAAGAAAACTCAAGACTTCTGGGAAATTCAATTAGGAATACCACATCCTGCAGGGCTACAGAAAAAGAAATCAGTAACAGTATTGGATGTGGGTGATGCATWTTTTTCAGTTCCCTTACATGAAGACTTCAGGAAGTATACTGCATTTACCATACCTAGTACAAACAATGAGACACCAGGGATCAGATATCAGTACAATGTGCTTCCACAGGGATGGAAAGGATCACCAGCAATATTTCAATATAGCATGACAAAAATCTTAGAGCCTTTTAGAAAACAAAATCCAGACATAGTTATCTGTCAATACATGGATGATTTGTATGTAGSATCTGACTTAGAAATAGGACAGCACAGAGCAAAAATAGAGGAATTAAGACAACATCTGTTGAGTTGGGGGTTTACCACACCAGATAAAAAACATCAGAAAGAACCTCCATTCCTCTGGATGGGTTATGAACTCCATCCTGATAMATGGACAGTACAACCTATAGTGCTGCCAGAAAAGGACAGCTGGACAGTCAATGACATACAGAAATTAGTAGGAAAATTGAATTGGGCAAGTCAGATCTACGCAGGGATTAAAGTAAAGCAATTATGTAAACTCCTTAGGGGAACCAAGGCGCTAACAGAAGTAATACCACTGACAGCAGAAGCAGAAATGGAACTGGCAGAAAACAGGGAGATTCTAAAAGAACCAGTACATGGAGCATATTATGACCCAACAAAAGACTTAATAGCAGAAATACAGAAGCAGGGACTAGGT---------------------------------------------------------------------------------------------------------------------------------------------------------------------------------------------------------------------------------------------------------------------------------------------------------------------------------------------------------------------------------------------------------------------------------------------------------------------------------------------------------------------------------------------------------------------------------------------------------------------------------------------------------------------------------------------------
147405|222|KM205856-SR,---------------------------------------------------------------------------------------------------------------TGCACAGAAATGGARAAGGAGGGGAAAATTTCAAAAATTGGGCCTGAAAATCCATACAATACTCCAGTATTTGTCATAAAGAGAAAAGACAGTACTAAATGGAGAAAATTAGTAGATTTCAGAGAACTTAATAAGAGAACTCAAGACTTCTGGGAAGTTCAATTAGGAATACCACATCCTGCAGGGWTAMMAAAGAGAAAATCAGTAACAGTRCTGGATGTGGGWGATGCATATTTTTCAGTTCCCTTAGATAAAGACTTCAGGAAGTATACTGCATTTACCATACCYAGTACAAACAATGAGACACCAGGGATTAGATATCAGTACAATGTGCTTCCACAGGGRTGGAAAGGATCACCAGCGATATTCCAAAGTAGCATGACAAAGATCTTAGAGCCTTTTAGAAAACAAAATCCAGACATAGWTATCTATCAATACGTGGATGATTTGTATGTAGGATCTGACTTAGAAATAGAGCAACATAGAGCAAAARTAGAACAACTGAGACAACATCTGTTGAGGTGGGGAYTWACCACACCAGATAAAAAACATCAGAAAGAACCTCCATTCCTTTGGATGGGTTATGAACTCCATCCTGATAAATGGACAGTACARCCTATAGTGCTGCCA---------------------------------------------------------------------------------------------------------------------------------------------------------------------------------------------------------------------------------------------------------------------------------------------------------------------------------------------------------------------------------------------------------------------------------------------------------------------------------------------------------------------------------------------------------------------------------------------------------------------------------------------------------------------------------------------------------------------------------------------------------------------------------------------------------------------------------------------------------------------------------------------------------------------------------------------------------------------------
147432|13|KM206065-SR,---------------------------------------------------------------------------------------------------------------TGTACAGAAATGGAAAAGGAAGGAAAAATTTCAAAAATTGGRCCTGAAAATCCATACAACACTCCAATATTTGCCATAAAGAGAAAGGACGGTACTACATGGAGAAAATTGGTAGATTTCAGAGAGCTCAATAAAAGAACTCAAGACTTCTGGGAGGTCCAATTAGGAATACCTCATCCCTCGGGGTTAAAAAAGAACAAATCAGTAACAATACTAGATGTGGGGGATGCATATTTTTCAGTACCCTTAGATGAAAGCTTTAGAAAGTATACTGCATTCACTATACCTAGTACAAATAATGAGACACCAGGGATTAGATATCAGTACAATGTGCTTCCACAGGGATGGAARGGATCACCAGCAATATTTCARAGTASCATGMTAAAAATCTTRGATCCCTTTAGAAGAAAAAATCCAGAAATAGWGATCTACCAATACGTGGATGATYTATATGTAGGATCTGACTTAGAAATAGGGCAGCATAGAGCAAAAATAGAGGAGTTAAGAGARCATCTGTTAAGSTGGGGGTTTACCACACCRGATAAAAAACATCAGAAAGAACMTCCATTYCTTTGGATGGGATATGAGCTCCATCCAGACAMATGGACAGTACAACCTATACAGCTRCCA---------------------------------------------------------------------------------------------------------------------------------------------------------------------------------------------------------------------------------------------------------------------------------------------------------------------------------------------------------------------------------------------------------------------------------------------------------------------------------------------------------------------------------------------------------------------------------------------------------------------------------------------------------------------------------------------------------------------------------------------------------------------------------------------------------------------------------------------------------------------------------------------------------------------------------------------------------------------------
147464|97|KM205981-SR,---------------------------------------------------------------------------------------------------------------TGTACAGAAATGGARAAGGAAGGAAAGATWTCAAAAATTGGGCCTGAAAATCCATACAACACTCCAATATTTGCYATAAAGAGRAAAGACRGTACTAARTGGAGAAAATTAGTAGATTTTAGAGAGCTCAATAAAAGAACTCAAGACTTTTGGGAGATCCAATTAGGAATACCTCAYCCCTCGGGKTTAARAAAGARMAAATCAGTAACAGTACTAGATGTGGGGGATGCATWCTTTTCAGTRCCCTTAGATGAAGAYTTTAGAAAATATACTGCATTCACYATACCTAGTGTAAATAAYGAGACACCAGGGATTAGATATCAGTACAATGTGCTTCCACAGGGATGGAAAGGATCACCAGCAATATTTCAAAGTAGCATGACAAAAATCTTAGAGCCCTTTAGRAAAAAGAATCCAGAAATAGAGATCTRCCAATATRTRGATGATTTATATGTAGSATCTGACTTAGAAAAAGRGCAGCATAGAGCAAAAATAGAGGAGTTAAGACAACAYCTGTTGARHTGGGGGTTTACCACACCAGATAAAAAGCATCAGAAAGAACMTCCATTCCTTTGGMTGGGRTATGARCTCCATCCAGACAAATGGACAGTACAACCTATACAGCTGCCA---------------------------------------------------------------------------------------------------------------------------------------------------------------------------------------------------------------------------------------------------------------------------------------------------------------------------------------------------------------------------------------------------------------------------------------------------------------------------------------------------------------------------------------------------------------------------------------------------------------------------------------------------------------------------------------------------------------------------------------------------------------------------------------------------------------------------------------------------------------------------------------------------------------------------------------------------------------------------
155282|5091N172|AB845348-SR,CCCATCAGTCCTATTGAAACTGTACCAGTAAAATTAAAGCCAGGACTGGATGGCCCAAGAGTTAAACAATGGCCATTGACAGAAGAAAAAATAAAAGCATTAGTAGAAATTTGTACAGAAATGGAAAAGGAAGGAAAAATTTCAAAAATTGGGCCTGAAAATCCATACAATACTCCAGTATTTGCCATAAAGAGAAAGGATAGTACTAAGTGGAGAAAATTAGTAGACTTCAGAGAACTTAATAAGAGAACTCAAGACTTCTGGGAAGTTCAATTAGGAATACCACATCCAGCAGGGATAAAAAAGAACAAATCAATAACAGTACTGGATGTAGGTGATGCATTTTTTTCAGTTCCCTTAGATAAAGAATTCAGGAAGTATACTGCATTTACTATACCCAGTATAAACAATGAGACACCAGGGATTAGATATCAGTACAATGTCCTTCCACAGGGATGGAAAGGATCACCAGCAATATTCCAAAGTAGCATGACAAAAATCTTAGAACCTTTTAGAAAACAAAATCCAGACTTAGTTATCTATCAATACGTGGATGATTTGTATGTAGGATCTGATTTAGAAATAGGGCAACATAGAACAAAAATAGAGGAACTGAGACAACATCTATTGAAGTGGGGATTTACCACACCAGACAAAAAACATCAGAAAGACCCTCCATTTCTTTGGATGGGTTATGAACTCCATCCTGATAAATGGACAGTACAGCCTATAAAGCTGCCAGAAAAAGACAGTTGGACTGTCAATGACATACAGAAGTTAGTGGGAAAATTGAATTGGGCAAGTCAGATCTATCCAGGGATTAAAGTAAAGCAATTATGTAAACTCCTTAGGGGAACCAAAGCATTAACAGAAGTAGTACCACTAACAGAAGAAGCAGAGCTAGAACTAGCAGAAAACAGGGAAATTTTACAAGAACCAATACATGGAGTGTATTATGACCCATCAAAAGATTTAATAGCAGAATTACAGAAACAGGGGTGCGGCCAATGGACATATCAAATTTATCAAGAGCCATATAAGAATTTGAAAACAGGAAAGTATGCAAGAATGAGGGGTGCACACACTAATGATGTAAAACAATTAACAGAGGCAGTACAAAAAATAGCCACAGAAAGCATAGTAATATGGGGAAAAATTCCTAAATTTAAATTACCTATACAAAAAGACACATGGGAAACATGGTGGATAGAGTATTGGCAAGCCACCTGGATTCCTGAGTGGGAGTTTGTCAATACCCCTCCCTTAGTGAAATTATGGTACCAGTTAGAGAAAGAACCTATAGTAGGAGCAGAAACTTTCTATGTAGATGGGGCAGCCAATAGAGAAACTAAATTAGGAAAAGCAGGATATGTTACTGATAGAGGAAGACAAAAAGTTGTCTCCCTAACGGACACAACAAATCAGAAGACTGAGTTACAAGCAATTAATCTAGCTTTACAGGATTCAGGATTAAAAGTAAACATAGTAACAGACTCACAATATGCATTAGGAATCATTCAAGCACACCCAGATAAAAGTGAATCAGAGTTAGTCAGTCAAATAATAGAGCAGTTAATAAAAAAGGAACAGGTCTACCTGGCATGGGTACCAGCACACAAAGGAATTGGAGGAAATGAACAAGTAGATAAATTAGTCAGTTCTGGAATTAGGAAAGTACTA
167285|2919|KT191970-SR,CCCATTAGTCCTATTGAAACTGTACCAGTAAAATTAAAGCCAGGAATGGATGGCCCAAAAGTTAAACAATGGCCATTGACAGAAGAAAAAATAAAAGCATTAATAGAAATTTGTACAGAAATGGAAAAGGAAGGGAAGATCTCAAAAATTGGGCCTGAGAATCCATACAATACTCCAGTATTTGCCATAAAGAGAAAAGATGGTAGTAAATGGAGAAAATTAGTAGATTTCAGGGAACTTAATAAAAGAACTCAAGACTTCTGGGAAGTTCAATTAGGAATACCACATCCCGCAGGGCTAAAAAAGAAAAAATCAGTAACAGTTCTGGATGTGGGTGATGCGTACTTCTCAGTTCCTTTAGATAAAGACTTTAGAAAGTATACTGCATTCACCATACCTAGTACAAACAATGAGGCACCAGGAATCAGATATCAGTACAATGTGCTACCACAGGGATGGAAAGGATCACCGGCAATATTCCAGAGTAGCATGACAAAAATCTTAGAGCCCTTTAGATTAAAAAATCCAGAAATAGAAATCTGTCAATACATGGATGACTTGTATGTAGGATCTGATTTAGAAATAGGGCAGCACAGAACAAAGATAGAAGAGCTAAGAGTTCATCTATTGAACTGGGGATTTACTACACCAGATAAAAAGCATCAGAAGGAACCTCCATTCCTTTGGATGGGATATGAACTCCATCCTGACAGATGGACAGTCCAGCCTATAGAACTACCAGAAAAAGACAGCTGGACTGTCAATGATATACAGAAATTAGTGGGAAAACTAAATTGGGCAAGTCAAATTTATCCAGGGATTAAGATAAAACAACTGTGTAAACTCCTCAGGGGAACAAAAGCACTAACAGAAATAGTATCACTAACTGAAGAAGCAGAATTAGAGTTGGCAGAGAACAGGGAAATTCTAAAAACTCCTGTACATGGAGCATATTATGACCCATCAAAAGACTTAGTAGCAGAAGTACAGAAACAAGGGCAGGACCAATGGACATATCAAATTTATCAAGAGCCATTTAAAAATCTAAAAACAGGAAAATATGCCAGAAGAGGGTCTGCTCACACTAATGATGTCAGACAATTAACAGAAGCGGTGCAAAAAATATCCACAGAAAGCATAGTAATATGGGGAAAGATACCTAAATTTAGACTACCCATACAAAAAGAAACATGGGAAACATGGTGGATGGAGTATTGGCAGGCTACCTGGATTCCTGAATGGGAGTTTGTTAATACCCCTCCTCTAGTAAAATTATGGTACCAATTAGAAAAAGACCCCATAATAGGAGCAGAGACTTTCTATGTAGATGGGGCAGCTAGTAGGGAGACTAAGTTAGGAAAAGCAGGGTATGTCACTGACAAGGGAAGACAAAAGGTAGTTTCACTAACTGAGACAACCAATCAAAAGACAGAATTACATGCCATCTATTTAGCCTTGCAGGATTCAGGATCAGAAGTAAATATAGTAACAGACTCACAATATGCATTAGGAATCATTCASGCACAACCAGACAGGAGTGAATCAGAAGTAGTTAGCCAAATAATAGAGGAGCTAATAAAAAAGGAAAAAGTCTATCTGTCATGGGTACCAGCACACAAAGGGATTGGAGGAAATGAAAAAGTAGACAAATTAGTCAGTTCAGGAATCAGGAAGGTGTTA
21177|99SN86|AJ583739-SR,CCAATTAGTCCTATTGAAACTGTACCAGTAAAATTAAAGCCAGGAATGGATGGCCCAAAGGTTAAACAATGGCCATTGACAGAAGAAAAAATAAAAGCGTTAACAGCAATTTGTGAAGAGATGGAAAAGGAAGGAAAAATTACAAAAATTGGGCCTGAAAATCCATATAATACTCCAATATTTGCCATAAAAAGGAAGGACAGTACTAAGTGGAGAAAATTAGTAGACTTCAGGGAACTTAATAAAAGAACTCAAGACTTTTGGGAAGTTCAATTAGGAATACCACACCCAGCAGGGTTAAAAAAGAAAAAATCAGTAACAATACTGGATGTGGGGGATGCATATTTTTCAGTTCCTTTACATGAAGACTTCAGGAAATATACTGCATTCACCATACCTAGTGTAAACAATGAAACACCAGGGATTAGGTATCAATACAATGTGCTACCACAGGGATGGAAAGGATCACCAGCAATATTCCAGAGTAGCATGACAAAAATCTTAGAGCCCTTTAGAACACAAAACCCAGAACTAGTCATCTATCAATATATGGATGACTTATATGTAGGATCTGATTTAAAAATAGGGCAACATAGGGCAAAAATAGAGGAGTTAAGAGAACATCTGTTGAGATGGGGGTTTACCACACCAGACAAGAAACATCAGAAAGAACCTCCATTTCTTTGGATGGGGTATGAACTCCATCCTGACAAATGGACAGTACAGCCTATACAGCTGCCAGAAAAGGATAGCTGGACTGTCAATGATATACAGAAATTAGTAGGAAAATTAAACTGGGCAAGTCAGATTTATCCAGGGATTAAAGTAAGGCAATTGTGTAAACTCCTTAGGGGAGCTAAAGCCCTAACAGACATAGTAGCACTGACTGAAGAAGCAGAATTAGAATTGGCAGAAAACAGGGAAATTCTAAAAGAACCAGTACATGGGGTATATTATGACCCATCAAAAGATTTAATAGCTGAAATACAGAAACAGGGACATGACCAGTGGACATATCAAATTTACCAAGAGCCATTCAAAAATCTGAAGACAGGGAAGTATGCAAAAATGAGGACTGCCCACACTAATGATGTAAGACAGTTAACAGAAGCAGTGCAAAAAATAGCTGTGGAGAGCATAGTAATATGGGGAAAGACTCCTAAATTTAGATTACCCATTCAAAAAGAAACATGGGAGGCATGGTGGACAGACTATTGGCAAGCCACCTGGATTCCTGAGTGGGAGTTTGTTAATACCCCTCCCCTAGTAAAATTATGGTACCAGCTGGAGAAAGAACCCATAATGGGGGCAGAAACATTCTATGTAGATGGAGCAGCT------------------------------------------------------------------------------------------------------------------------------------------------------------------------------------------------------------------------------------------------------------------------------------------------------------------------------------------------------
29166|03PS032MB1|DQ445633-SR,CCAATTAGTCCCATTGAAACTGTACCAGTAAAACTGAAGCCAGGAATGGATGGCCCAAAGGTTAAACAATGGCCATTAACAGAAGAGAAAATAAAAGCATTAACAGCAATTTGTGAAGAAATGGAAAAGGAAGGAAAAACTACAAAAATAGGGCCTGAAAACCCATATAACACTCCAGTATTTGCCATAAAAAGGAAGGACAGTACTAAGTGGAGAAAATTAGTAGATTTCAGGGAACTCAATAAAAGAACTCAAGACTTTTGGGAGGTTCAATTAGGAATACCCCACCCAGCAGGGTTAAAGAAGAAAAAATCAGTGACAGTACTAGATGTGGGGGATGCATATTTTTCAGTTCCTTTAGATAAGGAATTCAGGAAATATACTGCATTCACCATACCTAGTATAAACAATGAAACACCAGGAATTAGATATCAATATAATGTGCTTCCCCAGGGATGGAAAGGATCACCAGCAATATTCCAGTGTAGCATGACAAAAATCTTAGAGCCCTTTAGAGCACAAAATCCAGAACTAGTCATCTATCAATATATGGATGACTTGTATGTAGGATCTGACTTAGAAATAGAGCAACATAGAGCAAAAATTGAGGAGTTAAGAGAACATCTATTAAAGTGGGGATTTACCACACCAGACAAGAAACATCAGAAAGAACCCCCATTTCTTTGGATGGGGTATGAACTCCATCCTGACAAATGGACAGTACAGCCTATACAGCTGCCAGAAGAGGATAGCTGGACTGTCAATGATATACAAAAGTTAGTGGGAAAATTAAACTGGGCAAGTCAGATTTACCCAGGGATCAAAGTAAGGCAACTTTGTAAACTCATCAGGGGGGTCAAAGCACTGACAGACATAGTACCACTAACTGAAGAAGCAGAATTGGAATTGGCAGAGAACAGGGAAATTCTAAAAGAACCAGTACATGGAGTATATTATGACCCATCAAAAGACTTAATAGCTGAAATACAGAAACAAGGGCAGGGCCAATGGACATATCAAATTTATCAAGAACCATTCAAAAATCTGAAAACAGGGAAGTATGCAAAAATGAGGACTGCCCACACTAATGATGTAAAACAGTTAACAGAGGCAGTGCAAAAAATAGGTTTGGAAAGCATAGTCATATGGGGAAAGACCCCTAAATTTAGACTACCCATCCAAAAAGAAACATGGGAGGTATGGTGGACGGAGTATTGGCAAGCCACCTGGATTCCTGAGTGGGAGTTTGTTAATACCCCTCCCCTAGTAAAATTATGGTACCAGCTGGAGAAAGAACCCATAGTAGGAGCAGAAACTTTCTATGTAGATGGAGCGGCTAATAGGGAAACTAAACTAGGAAGAGCAGGATATGTTACTGACAGAGGTAGACAGAGGATTATTTCTTTAACTGAAACAACAAATCAGAAGGCTGAATTACAAGCAATTCAGCTAGCTTTGCAAGATTCAGGATCAGAAGTAAACATAGTAACAGACTCACAGTATGCATTAGGAATCATTCAAGCACAACCAGATAAAAGTGAATCAGAGTTAGTCAACCAAATAATAGAACAATTAATAAACAAGGAAAGGATCTACCTGTCATGGGTACCAGCACACAAAGGAACTGGAGGAAATGAACAAGTAGATAAATTAGTAAGTAGGGGAATCAGGAAAGTACTG
29330|04SK140B1|AY901973-SR,CCAATTAGTCCCATTGAAACTGTACCGGTAAAATTAAAGCCAGGAATGGATGGCCCAAAGGTTAAACAATGGCCATTGACAGAAGAGAAAATAAAAGCATTAACAGCAATTTGTGAAGACATGGAGAAGGAAGGAAAAATTACAAAAATTGGGCCTGAAAATCCATATAACACCCCAGTATTTGCCATAAGAAGGAAGGACAGTACTAAGTGGAGAAAATTAGTAGATTTCAGGGAACTCAATAAAAGAACTCAAGACTTTTGGGAAGTTCAATTAGGAATACCACACCCAGCAGGGTTAAAAAAGAAAAGATCAGTGACAGTACTAGATGTGGGGGATGCATATTTTTCAGTTCCTTTAGATGAAAACTTCAGGAAGTATACTGCATTCACCATACCTAGTATAAACAATGAAACACCAGGGATTAGATACCAATATAATGTGCTTCCACAGGGATGGAAAGGATCACCAGCAATATTCCAGAGTAGCATGACAAAAATCCTAGAGCCCTTTAGAGCACAAAATCCAGAACTAGTCATCTATCAATATATGGATGACTTGTATGTAGGATCTGACTTAGAAATAGGGCAACATAGAGCAAAGATAGAGGAATTAAGAGAACATCTATTAAAGTGGGGATTTACCACACCAGACAAAAAACATCAGAAAGAACCCCCATTTCTTTGGATGGGGTATGAACTCCATCCTGACAAATGGACAGTACAGCCTATAGAGCTACCAGAAAAGGATAGCTGGACTGTCAATGATATACAAAAGTTAGTGGGAAAATTAAACTGGGCAAGTCAGATTTACAAAGGAATTAAAGTAAAGCAACTTTGTAAACTCCTTAGGGGGGCCAAAGCACTAACAGACATAGTACCACTGACTGAAGAAGCAGAATTAGAGTTGGCAGAAAACAGAGAAATTCTAAGAGAACCAGTACATGGAGTATATTATGATCCATCAAAAGAATTGATAGCTGAAATACAGAAACAGGGGCATGATCAGTGGACATATCAAATTTACCAGGAACCATTCAAAAATTTGAAGACAGGAAAGTATACAAAAATGAGGACTGCCCACACCAATGATGTAAGGCAGTTAACAGAGGCAGTGCAAAAAATAGCCATGGAAAGCATAGTAATATGGGGAAAGACTCCTAAATTTAGACTACCCATCCAAAAGGAAACATGGGAGGCATGGTGGACAGACTACTGGCAAGCCACCTGGATTCCTGAGTGGGAGTTTGTTAATACTCCTCCCCTAGTAAAATTATGGTACCAGCTGGAGAAAGAACCCATAGCAGGAGTAGAAACTTTCTATGTAGATGGAGCAGCTAATAGGGAAACTAAGATAGGGAAAGCAGGGTATGTTACTGATAGAGGAAGGCAAAAAATTGTTTCCTTCACTGAAACAACAAATCAGAAGACTGAATTACAAGCAATTCAGCTAGCTTTGCAAGATTCAGGATCAGAAGTAAACATAGTAACAGATTCACAGTATGCATTAGGAATCATTCAAGCACAACCAGATAAGAGTGAATCAGAGTTAGTCAATCAAATAATAGAACAGTTAATAAATAAGGAAAGGGTCTACCTGTCATGGGTACCAGCACATAAAGGAATTGGAGGAAACGAACAAGTAGATAAATTAGTAAGTACTGGAATCAGGAAAGTGCTG
41362|03HN_TX014|EU312786-SR,CCCATTAGTCCTATTGAAACTGTACCAGTAAAGCTAAAGCCAGGAATGGATGGCCCAAGAGTTAAACAATGGCCATTGACAGAAGAAAAAATAAAAGCATTAGTAGAAATCTGTACAGAAATGGAAAAGGAAGGAAAAATTTCAAAAATTGGGCCTGAAAATCCATACAATACTCCAGTATTTGCCATAAAGAGAAAGGACAGTACTAAATGGAGAAAATTAGTAGATTTTAGAGAACTTAATAAGAGAACCCAAGACTTCTGGGAAGTTCAATTAGGAATACCACATCCCGCAGGGTTAAAAAAGAACAAATCAGTAACAGTACTGGATGTGGGTGATGCATATTTTTCAGTTCCCTTAGATAAAGAGTTCAGGAAGTATACTGCATTCACCATACCTAGTATAAACAATGAGACACCAGGGATTAGATATCAGTACAATGTGCTTCCACAAGGATGGAAAGGATCACCAGCAATATTCCAAAGTAGCATGACAAAAATCTTAGAGCCTTTTAGAAATCAAAATCCAGAAATAGTTATCTGTCAATACRTGGATGATTTGTATGTAGGATCTGACTTAGAAATAGGGCAGCATAGARCAAAAGTAGAGGAACTGAGACAACATCTGTTGAGGTGGGGATTTACCACACCAGACAAAAAACATCAGAAAGAACCTCCATTYCTTTGGATGGGTTATGAACTCCATCCCGATAAATGGACAGTACAGCCTATACAGCTGCCAGATAAGGACAGCTGGACTGTCAATGACATACAGAAGTTAGTGGGAAAAYTGAATTGGGCAAGTCAGATTTATCCAGGGATTAAAGTAAGGCAATTATGTAAACTCCTTAGGGGAGCAAAAGCACTAACAGAAGTAGTACCACTAACAGAAGAAGCAGAGTTAGAACTGGCA------------------------------------------------------------------------------------------------------------------------------------------------------------------------------------------------------------------------------------------------------------------------------------------------------------------------------------------------------------------------------------------------------------------------------------------------------------------------------------------------------------------------------------------------------------------------------------------------------------------------------------------------------------------------------------------------------------------------------------------------------------------------------------------------
55835|7207112|EF449987-SR,------------------------------------------------------------------------------------GAAAAAATAAAAGCATTAACAGCAATTTGTGAGGACATGGAAAAGGAAGGAAAAATTACAAAAATTGGGCCCGAAAATCCATATAACACTCCAGTATTTGCCATAAAAAGGAAAGACAGTACTAAGTGGAGAAAATTAGTAGATTTCAGGGAACTCAATAAAAGAACTCAAGACTTTTGGGAAGTTCAATTAGGGATACCACACCCAGCAGGGTTAAAAAAGAAAAAATCAGTGACAGTACTAGATGTGGGGGATGCATATTTTTCAGTTCCTTTAGATGAAGACTTCAGGAAATATACTGCATTCACCATACCTAGTATAAACAATGAAACACCAGGAGTTAGATATCAATACAATGTGCTTCCACAAGGATGGAAAGGATCACCATCAATATTCCAGAGCAGCATGACAAAAATCTTAGAGCCCTTTAGAATAAAAAACCCAGAAATAGTTATCTATCAATATATGGATGATTTATATGTAGGATCTGACTTAGAAATAGGGCAACATAGAGCAAAAATAGAGGAGTTAAGAGAACATCTATTGAAGTGGGGATTTACCACACCAGATAAGAAGCATCAAAAAGAA------------------------------------------------------------------------------------------------------------------------------------------------------------------------------------------------------------------------------------------------------------------------------------------------------------------------------------------------------------------------------------------------------------------------------------------------------------------------------------------------------------------------------------------------------------------------------------------------------------------------------------------------------------------------------------------------------------------------------------------------------------------------------------------------------------------------------------------------------------------------------------------------------------------------------------------------------------------------------------------------------------------------------------------------
60398|TW238|EU164857-SR,CCCATTAGTCCTATTGATACTGTACCAGTAAAATTAAAGCCAGGAATGGATGGCCCAAAGGTTAAACAATGGCCATTGACAGAAGAGAAAATAAAAGCAYTAGTAGAAATTTGTACAGAAATGGARAAGGAAGGAAAAATTTCAAAAATTGGGCCTGAAAATCCATACAATACTCCAGTATTTGCCATAAAGARAAARGAYRGTACTAAATGGAGAAAATTAGTAGATTTYAGAGAACTTAATAAGAGAACTCAAGATTTCTGGGAAGTTCAATTAGGAATACCACATCCCGCAGGGTTAAAGMAGAGAAAATCAGTAACAGTACTGGATGTGGGTGATGCATATTTTTCAGTTCCCTTAGATAAAGACTTCAGGAAGTATACTGCATTTACCATACCTAGTATAAACAATGAGACACCAGGRATTAGATATCAGTACAATGTGCTTCCACAGGGATGGAAAGGATCACCAGCAATATTCCAAAGTAGCATGACAAAAATYTTAGAGCCTTTTAGAAGACAAAATCCAGACATAGTTATCTATCARTACATGGATGATTTGTATGTAGGATCTGACTTAGAAATAGAGCAGCATAGAATAAAAATAGAGGAACTGAGACAACATCTGTTGGGGTGGGGATTTACCACACCAGACAAAAAACACCAGAAAGAACCYCCATTCCTTTGGATGGGTTAYGARCTCCATCCTGATAAATGGACAGTACAGCCTATAGTGCTG------------------------------------------------------------------------------------------------------------------------------------------------------------------------------------------------------------------------------------------------------------------------------------------------------------------------------------------------------------------------------------------------------------------------------------------------------------------------------------------------------------------------------------------------------------------------------------------------------------------------------------------------------------------------------------------------------------------------------------------------------------------------------------------------------------------------------------------------------------------------------------------------------------------------------------------------------------------------------
60434|TW4832|EU164893-SR,CCCATTAGTCCTATTGAAACTGTACCAGTAAAATTAAAGCCAGGAATGGATGGCCCAAAAGTTAAACAATGGCCATTGACAGAAGAAAAGATAAAAGCATTAATAGAAATTTGTACAGAAATGGAAAAGGAAGGAAAAATTTCAAAAATTGGGCCTGAAAATCCATACAATACTCCAGTATTTGCCATAAAGARAAAAGACAGTACTAAATGGAGAAAGCTAKTAGATTTCAGAGAACTTAATAGGAAAACTCAAGACTTCTGGGAAGTTCAATTAGGAATACCACATCCTGCAGGGTTAAAAAAGAGAAAATCAGTAACAGTATTGGATGTGGGTGATGCATATTTTTCAGTTCCCTTAGATAAAGATTTCAGGAAGTATACTGCATTTACCATACCTAGTGTAAACAATGAGACACCAGGGATTAGATATCAGTACAATGTGCTCCCACAGGGATGGAAAGGATCACCAGCAATATTCCAAAGTAGCATGACAARAATCTTAGAGCCTTTTAAAAGACGAAATCCAGACATAGTTATCTATCAATACATGGATGACTTATATGTAGGATCTGACTTAGAAATAGGACAGCATAGAACAAAAGTAGAGGAACTGAGAGAACATCTGTTGAGGTGGGGACTTACCACCCCAGACAAAAAACATCAGAAAGAACCTCCATTCCTTTGGATGGGGTATGAACTCCATCCTGACAAATGGACAGTACAGCCTATAGAGCTG------------------------------------------------------------------------------------------------------------------------------------------------------------------------------------------------------------------------------------------------------------------------------------------------------------------------------------------------------------------------------------------------------------------------------------------------------------------------------------------------------------------------------------------------------------------------------------------------------------------------------------------------------------------------------------------------------------------------------------------------------------------------------------------------------------------------------------------------------------------------------------------------------------------------------------------------------------------------------
60438|TW9200|EU164897-SR,CCCATTAGTCCTATTGAAACTGTACCAGTAAAATTAAAGCCAGGCATGGATGGCCCAAAAGTTAAACAATGGCCATTGACAGAAGAGAAAATAAAAGCATTAGTAGAAATATGCACAGAAATGGAAAAGGAAGGAAAAATTTCAAAAATTGGGCCTGAAAATCCATACAATACTCCAGTATTTGCCATCAAGARAAAAGACASCACTAAATGGAGAAAGTTAGTAGATTTCAGAGAACTTAATAAGAGAACTCAAGACTTCTGGGAGGTTCAATTAGGAATACCACATCCCGCAGGGTTAAAAAAGARMAMATCWMTAACASTACTGGATGTGGGTGATGCATATTTTTCAGTTCCCTTAGATGAAGACTTCAGGAAATATACTGCATTTACCATACCAAGTATAAACRATGAGACACCAGGRATTAGATATCAGTACAATGTGCTTCCACAGGGATGGAAAGGATCACCAGCAATATTCCAAAGTAGCATGACAAGAATCTTAGATCCTTTTAGAAAACAAAATCCAGACATAGTGATCTATCAATACATRGATGATTTGTATGTAGGATCTGACTTAGAAATAGGGCAACATAGAACAAAAATAGAAGAACTGAGGCAACATCTGTTGAAGTGGGGATTAACCACACCAGACAAAAAACATCAGAAAGAACCGCCATTCCTTTGGATGGGTTACGAACTCCATCCTGATAAATGGACAGTGCAGCCTATAGTGCTG------------------------------------------------------------------------------------------------------------------------------------------------------------------------------------------------------------------------------------------------------------------------------------------------------------------------------------------------------------------------------------------------------------------------------------------------------------------------------------------------------------------------------------------------------------------------------------------------------------------------------------------------------------------------------------------------------------------------------------------------------------------------------------------------------------------------------------------------------------------------------------------------------------------------------------------------------------------------------
68522|US2007CR2|-SR,CCCATTAGTCCTATTGAAACTGTACCAGTAAAATTRAAGCCAGGAATGGATGGCCCAAAAGTTAAACAATGGCCATTGTCAGAAGAAAAAATAAAAGCATTGGTAGAAATTTGTACAGAAATGGAAAAGGAAGGAAAAATTGAAAAAATTGGACCAGAAAATCCATATAATACTCCAGTATTTGCCATAAAAAGGAAAGACGGTACTAAATGGAGAAAATTAGTAGATTTCAGAGAACTTAATAAGAGAACTCAAGATTTCTGGGAARTTCAATTAGGAATACCACACCCAGCAGGGTTAAAAAAGAACAAGTCAGTAACAGTACTGGAYGTGGGTGATGCATATTTTTCAATTCCCTTAGATAAAGACTTTAGGAARTATACTGCATTTACYATACCTAGTATAAACAATGAGACACCAGGGATTAGRTATCAGTACAATGTGCTTCCACAGGGATGGAAAGGATCACCAGCAATATTCCARWGTAGCATGACAAAAATCTTGGAACCTTTTAGAAAACAAAATCCAGACATAGTTATCTAYCAATACATGGATGACTTGTATGTAGGATCTGACTTAGAAATAGGGCAGCATAGAACAAAAATAGARGAACTGAGGCAACATCTGTTGAGGTGGGGATTTACCACACCAGACMAAAARCATCAGAAAGAACCTCCATTCCTTTGGATGGGTTATGAACTCCATCCTGATAAATGGACAGTACAGCCTATAGTGCTRCCAGAAAAAGACAGCTGGACTGTCAATGACATACAGAAGTTAGTGGGAAAATTGAATTGGGCAAGTCAGATTTACTCAGGGATTAAAGTAAGGCAATTATGTAAACTCCTTAGGGGAGCCAAAGCRCTRACAGAAGTAATACCACTAACAGAAGAAGCAGAGCTAGAACTGGCAGAA---------------------------------------------------------------------------------------------------------------------------------------------------------------------------------------------------------------------------------------------------------------------------------------------------------------------------------------------------------------------------------------------------------------------------------------------------------------------------------------------------------------------------------------------------------------------------------------------------------------------------------------------------------------------------------------------------------------------------------------------------------------------------------------------
68558|US2007CR32|-SR,CCCATCAGTCCTATTGAAACTGTACCAGTAAAATTAAAGCCAGGAATGGATGGCCCAAAAGTTAAACAATGGCCATTGACAGAAGAAAAAATAAAAGCATTAGTAGAAATTTGTACAGAGATGGAAAAGGAAGGGAAAATTTCTAARATTGGGCCTGAAAACCCATACAATACTCCAGTATTTGYCATAAAGAGAAAAGACAGTACTAAGTGGAGAAAATTAGTAGATTTCAGAGAACTTAATAAGAGAACTCAAGACTTCTGGGAAGTTCAATTAGGAATACCACATCCCGCAGGGTTGAAAAAGAATAAATCAGTAACAGTACTAGATGTGGGTGATGCATATTTCTCAGTTCCCTTAGATAAAGACTTCAGGAAGTATACAGCATTCACCATACCTAGTAKAAACAATGAGAMACCAGGGATTAGATATCAGTACAATGTGCTTCCACAGGGATGGAAAGGATCACCAGCAATATTCCAAAGTAGCATGACAAAAATCTTAGAGCCTTTTAGAAAACAGAATCCAGACATAGTTATCTGTCAATACGTGGATGATTTGTATRTAGGATCTGACTTAGAAATARGACAGCATAGAACAAAAGTAGAGGAACTGAGAAAACATCTGTTACAGTGGGGATTTACCACACCAGACAAAAAACATCAGAAAGAACCCCCATTCCTTTGGATGGGTTATGAACTCCATCCTGATAAATGGACAGTACAGCCTATAAAGCTGCCAGAAAAGGACAGCTGGACTGTCAATGACATACAGAAGTTAGTGGGAAAATTAAATTGGGCAAGTCAGATTTACCCAGGGATTAAAGTAAAGCAGTTATGTAAACTCATTAGGGGAACCAAAGCACTAACAGAAGTAGTACCACTAACAGAAGAAGCAGAGCTAGAACTGGCAGAA---------------------------------------------------------------------------------------------------------------------------------------------------------------------------------------------------------------------------------------------------------------------------------------------------------------------------------------------------------------------------------------------------------------------------------------------------------------------------------------------------------------------------------------------------------------------------------------------------------------------------------------------------------------------------------------------------------------------------------------------------------------------------------------------
68605|US2006CR79|-SR,CCCATTAGTCCTATTGAAACTGTACCAGTAAAGTTAAAGCCAGGGATGGATGGTCCAAAAGTTAAACAATGGCCATTGACAGAAGAAAAAATAAAAGCATTATTAGAAATTTGYACAGAAATGGAAAAGGAAGGGAAAATTTCAAAAATTGGGCCTGAAAACCCATACAATACTCCAGTATTTGCCATAAAGAGAAAAGACGGTACTAAATGGAGAAAATTAGTAGATTTCAGAGAGCTTAATAAAAGAACACAAGACTTCTGGGAAGTTCAATTAGGAATACCACATCCTGCAGGGYTGAAACAGAAAAAGTCAGTAACAGTACTGGATGTGGGTGATGCATATTTCTCAGTTCCCTTGGACAAAGATTTTAGGAAGTATACTGCATTTACCATACCTAGTATAAACAATGAGACACCAGGGATTAGATATCAGTACAATGTGCTTCCACAGGGATGGAAAGGATCACCAGCAATATTCCAAAGTAGCATGACAAAAATCTTRGATCCTTTTAGAAAACAAAATCCAGAAATGGTTATCTATCAATACGTGGATGATTTGTATGTAGGCTCTGACTTAGAAATAGAGGAGCATAGAGCAAAAATAGAGAAACTGAGACAGCATCTGTTGARGTGGGGAYTTACCACCCCAGACAAAAAACATCAGAAAGAACCCCCATTCCTTTGGATGGGTTATGAACTCCATCCTGATAAATGGACAGTACAGCCTATACAGCTGCCAAACAAAGAYAGCTGGACTGTCAATGACATACAGAAATTAGTGGGAAAACTGAATTGGGCAAGTCAGATTTATSCAGGGATTAAAGTAARGCAATTATGTAAACTCCTTAGAGGAGCCAAAGCACTAACAGAAGTAATACCACTGACAAAAGAAGCAGAGTTAGAACTGGCAGAA---------------------------------------------------------------------------------------------------------------------------------------------------------------------------------------------------------------------------------------------------------------------------------------------------------------------------------------------------------------------------------------------------------------------------------------------------------------------------------------------------------------------------------------------------------------------------------------------------------------------------------------------------------------------------------------------------------------------------------------------------------------------------------------------
68669|US2006CR143|-SR,CCCATYAGTCCTATTGAAACTGTACCAGTAAAATTAAAGCCAGGAATGGATGGSCCAAARGTTAAGCAATGGCCATTGACAGAAGAAAAAATWAAAGCCTTAGTAGAAATTTGTACAGAAATGGAAAAGGAAGGRAAAATTTCAAGAATTGGGCCTGAAAATCCATACAATACTCCAGTATTTGCCATAAAGARAAAAGACAGTACTAAATGGAGAAAATTAGTAGATTTCAGAGAACTTAACAAGAGAACTCAAGACTTCTGGGAAGTGCAATTAGGAATACCACAYCCCGCAGGGTTAAAAAAGAAAAAATCAGTAACAGTRCTGGATGTGGGTGATGCATATTTTTCAGTTCCCTTAGAYRAAGAMTTCAGAAAGTATACTGCATTTACCATACCCAGTACGAACAATGAGACACCAGGRATTAGATATCAGTACAATGTGCTYCCACAGGGATGGAAAGGATCACCAGCAATATTCCAATGTAGCATGACAAAAATCTTAGAGCCTTTTAGAAAACAGAATCCAGACATAGTTATCTATCAATACATGGATGATTTGTATGTAGGMTCTGACTTAGAAATAGGGCAACATAGAACAAAAATAGAGGAACTGAGACAACATCTGTTGAAGTGGGGATTTACYACACCAGAYAAAAAACATCAGAAAGAACCCCCATTCCTTTGGATGGGGTATGAACTCCATCCTGATAAATGGACRGTACAGCCTATAGTGCTGCCAGAAAAAGATAGCTGGACTGTCAATGACATACAGAAGTTAGTAGGAAAATTGAATTGGGCAAGTCAGATTTATGCAGGGATTAAAGTAAGGCAATTATGTAAACTCCTTAGAGGAGCCAAAGCACTAACAGAAGTAATACCACTAACAGAAGAAGCAGAGCTAGAACTGGCAGAA---------------------------------------------------------------------------------------------------------------------------------------------------------------------------------------------------------------------------------------------------------------------------------------------------------------------------------------------------------------------------------------------------------------------------------------------------------------------------------------------------------------------------------------------------------------------------------------------------------------------------------------------------------------------------------------------------------------------------------------------------------------------------------------------
68684|US2006CR158|-SR,CCCATTAGTCCTATTGAAACTGTACCAGTAAAATTAAAGCCAGGAATRGATGGCCCAAAAGTTAAACAATGGCCATTRACRGAAGAAAAAATAAAAGCATTAGTAGAAATTTGTACAGAAATGGAAAAGGAAGGAAAAATTTCAAAAATTGGGCCYGAAAACCCATACAATACTCCAGTATTTGCCATAARGARAAAGGACAGTACTAAATGGAGAAAAKTAGTAGATTTCAGAGAACTTAATAAGAGAACTCAAGACTTCTGGGAAGTTCAATTAGGAATACCACATCCTGCAGGGATAAAAAGGAACAAATCAGTAACAGTAYTGGATGTGGGTGATGCATWTTTTTCAGTTCCCTTAGATAAAGACTTCAGGAAGTATACTGCATTTACCATACCTAGTGTAAACAATGAAACACCAGGGATTAGATATCAGTACAATGTGCTCCCACAGGGATGGAAAGGATCACCAGCAATATTTCAAAGTAGCATGACAAAAATCTTAGAGCCTTTTAGGAGACAAAATCCAGACATAGTTATCTATCAATACATGGATGATTTGTATGTAGGATCTGACTTAGAAATAGGGCAGCATAGAACAAAAATAGAGGAACTGAGACAACACCTGTTGAAGTGGGGATTTACCACACCAGACAAAAAAYATCAAAAAGAACCTCCATTCCKTTGGATGGGTTATGAACTCCATCCTGACAAATGGACAGTACAGCCTATAGTGCTGCCAGAAAAGGACAGCTGGACTGTCAATGACATACAGAAGTTAGTGGGAAAATTAAATTGGGCAAGTCAGATTTATGCAGGGATTAAAATAAAGCAATTATGTAAACTTATTAGGGGAACCAAAGCACTAACAGARGTAGTACCACTGACAGAAGAAGCAGAACTAGAACTAGCAGAA---------------------------------------------------------------------------------------------------------------------------------------------------------------------------------------------------------------------------------------------------------------------------------------------------------------------------------------------------------------------------------------------------------------------------------------------------------------------------------------------------------------------------------------------------------------------------------------------------------------------------------------------------------------------------------------------------------------------------------------------------------------------------------------------
68770|US2006CR244|-SR,CCCATTAGTCCTATTGAAACTGTACCAGTAAAATTAAAGCCAGGAATGGATGGCCCAAAAGTTAAACAATGGCCATTGACAGAAGAAAAAATAAAAGCATTAGTAGAAATTTGTACAGAAATGGAAAAGGAAGGRAAAATTACAAAAATTGGGCCTGAAAATCCATACAATACTCCAGTATTTGCCATAAAGAGAAAAGACAGTACTAAATGGAGAAAATTAGTAGATTTCAGRGAACTTAATAAAAGAACTCAAGACTTCTGGGAAGTCCAATTAGGAATACCACATCCTGCAGGTTTAGAAAAGAAAAAATCAGTAACAGTACTGGATGTGGGTGATGCATATTTTTCAGTTCCCTTAGACAAAGAATTTAGGAAATATACTGCATTTACCATACCTAGTGTAAACAATGAAACACCAGGGATTAGATACCAGTACAATGTGTTGCCACAGGGATGGAAAGGATCACCAGCAATATTCCAAGCTAGCATGACAAAAATCTTAGAGCCTTTTAGAAAACAAAATCCAGAAATAGTTATCTATCAATACRTRGATGATTTGTATGTATGYTCTGATTTAGAAATAGGGCAGCATAGAGCAAAAATAGAGGAACTGAGACAACATCTGTTGAAGTGGGGATTTACCACACCAGACAAAAAACATCAGAAAGAACCTCCATTCCTTTGGATGGGTTATGAACTCCATCCTGATAAATGGACAGTACAGCCTATAGTGCTGCCAGACAAGGAGAGCTGGACTGTCAATGACATACAGAAGTTAGTGGGAAAATTGAATTGGGCAAGTCAAATTTATGCAGGGATTAAAGTAAAGCAATTGTGTAAACTCCTTAGGGGAACCAAAGCACTAACAGAAGTAATACCACTAACAGCAGAGGCAGAGCTAGAACTGGCAGAA---------------------------------------------------------------------------------------------------------------------------------------------------------------------------------------------------------------------------------------------------------------------------------------------------------------------------------------------------------------------------------------------------------------------------------------------------------------------------------------------------------------------------------------------------------------------------------------------------------------------------------------------------------------------------------------------------------------------------------------------------------------------------------------------
70215|X2459_1|GU326102-SR,CCCATTAGTCCTATTGAAACTGTACCAGTAAAATTAAAGCCAGGAATGGATGGCCCAAAAGTTAAGCAGTGGCCATTGACAGAAGAAAAAATAAAAGCATTAATAGAAATTTGCACAGAAATGGAAAAGGAAGGAAAAATTTCAAAAGTCGGGCCTGAAAATCCATATAATACTCCAGTATTTGCCATAAAGAGAAAAGGCAGTACTAAATGGAGAAAATTAGTAGATTTCAGAGAACTTAACAAGAGAACTCAAGACTTTTGGGAAGTTCAATTAGGAATACCACATCCCGCAGGGTTAAAAAAGAAAAAATCAGTAACAGTACTGGATGTGGGTGATGCATATTTTTCAGTTCCCTTAGATAAAGAGTTCAGGAAGTATACTGCATTTACCATACCTAGTATAAACAATGAGACACCAGGAATTAGATATCAGTACAATGTGCTTCCACAGGGATGGAAAGGATCACCAGCAATATTCCAATGTAGTATGACAAAAATCTTAGAGCCCTTTAGAAAACAAAATCCAGACATAGTTATCTATCAATACATGGATGATTTGTATGTAGAATCTGACTTAGAAATAGGGCAGCATAGAGCAAAAATAGAGGAACTGAGACAACATCTGTTAACGTGGGGGTTCACCACACCAGACAACAAACATCAGAAAGAACCTCCCTTCCTTTGGATGGGTTACGAACTCCATCCTGACAAATGGACAGTACAGCCTATAGTGCTGCCAGAAAAGGACAGCTGGACTGTCAATGACATACAGAAGTTAGTGGGAAAATTGAACTGGGCAAGTCAGATATATCCAGGGATTAAAGTAAAGCAATTATGTAAACTCCTTAGGGGAGCCAAAGCACTAACAGAAGTAATACCACTAACGGAAGAAGCAGAACTAGAACTGGCAGAGAACAGGGAAATTCTAAAAGAACCAGTACATGGGGTGTATTATGACCCATCAAAAGAC------------------------------------------------------------------------------------------------------------------------------------------------------------------------------------------------------------------------------------------------------------------------------------------------------------------------------------------------------------------------------------------------------------------------------------------------------------------------------------------------------------------------------------------------------------------------------------------------------------------------------------------------------------------------------------------------------------------------------------
75531|01-1378MJ|AY803467-SR,CCAATCAGTCCTATTGAAACTGTACCAGTAAAATTAAAGCCAGGAATGGATGGCCCAAAAGTTAAACAATGGCCATTGACAGAAGAGAAAATAAAAGCATTAACAGAAATTTGCACAGAAATGGAAAAGGAAGGAAAAATTTCAAGAATTGGGCCTGAAAATCCATACAATACTCCAATATTTGCTATAAAGAGAAAAGACAGCACTAAATGGAGAAAATTAGTAGATTTCAGAGAGCTCAATAAGAGAACTCAAGACTTTTGGGAAGTTCAATTAGGAATACCGCATCCAGCGGGCTTAAAAAAGAAAAAATCAGTAACAGTACTAGATGTGGGGGACGCATATTTTTCAGTGCCCTTAGATGAAAACTTTAGAAAGTATACTGCTTTCACCATACCTAGCATAAACAATGAGACACCAGGAATCAGGTATCAGTACAATGTGCTTCCACAGGGATGGAAAGGATCACCAGCAATATTCCAAAGTAGCATGACAAAAATCTTAGAGCCTTTTAGATTAAAAAATCCAGAAATAATTATCTACCAATACATGGATGACTTGTATGTAGGATCTGATTTAGAAATAGGGCAGCATAGAACAAAAATAGAAGAGTTGAGAGCTCATCTATTGAGCTGGGGATTTACTACACCAGACAAAAAGCATCAGAAAGAACCCCCATTTCTTTGGATGGGCTATGAACTACATCCTGACAAGTGGACAGTCCAGCCTATAGAGCTGCCAGAAAAGGAAAGCTGGACTGTCAATGATATACAGAAATTAGTAGGAAAACTGAATTGGGCAAGTCAGATTTACCCAGGGATTAAAGTAAAGCAATTATGTAAACTCCTTAGGGGAACCAGAGCACTAACAGAAGTAGTAGCATTGACTAAGGAGGCAGAATTAGARTTGGCAGAGAACAGAGAGATTCTAAAAGACCCTGTGCATGGAGTATACTATGACCCAGCAAAAGATTTAATAGCAGAGATACAGAAACAGGGACAA------------------------------------------------------------------------------------------------------------------------------------------------------------------------------------------------------------------------------------------------------------------------------------------------------------------------------------------------------------------------------------------------------------------------------------------------------------------------------------------------------------------------------------------------------------------------------------------------------------------------------------------------------------------------------------------------------
77086|86HPD|FN599712-SR,CCAATTAGTCCTATTGAAACTGTACCAGTAAAATTAAAGCCAGGAATGGATGGCCCAAAGGTTAAACAATGGCCATTGACAGAAGAAAAAATAAAAGCGTTAACAGCAATTTGTGAAGAGATGGAAAAGGAAGGAAAAATTACAAAAATTGGGCCTGAAAATCCATATAATACTCCAATATTTGCCATAAAAAGGAAGGACAGTACTAAGTGGAGAAAATTAGTAGACTTCAGGGAACTTAATAAAAGAACTCAAGACTTTTGGGAAGTTCAATTAGGAATACCACACCCAGCAGGGTTAAAAAAGAAAAAATCAGTAACAATACTGGATGTGGGGGATGCATATTTTTCAGTTCCTTTACATGAAGACTTCAGGAAATATACTGCATTCACCATACCTAGTGTAAACAATGAAACACCAGGGATTAGGTATCAATACAATGTGCTACCACAGGGATGGAAAGGATCACCAGCAATATTCCAGAGTAGCATGACAAAAATCTTAGAGCCCTTTAGAACACAAAACCCAGAACTAGTCATCTATCAATATATGGATGACTTATATGTAGGATCTGATTTAAAAATAGGGCAACATAGGGCAAAAATAGAGGAGTTAAGAGAACATCTGTTGAGATGGGGGTTTACCACACCAGACAAGAAACATCAGAAAGAACCTCCATTTCTTTGGATGGGGTATGAACTCCATCCTGACAAATGGACAGTACAGCCTATACAGCTGCCAGAAAAGGATAGCTGGACTGTCAATGATATACAGAAATTAGTAGGAAAATTAAACTGGGCAAGTCAGATTTATCCAGGGATTAAAGTAAGGCAATTGTGTAAACTCCTTAGGGGAGCTAAAGCCCTAACAGACATAGTAGCACTGACTGAAGAAGCAGAATTAGAATTGGCAGAAAACAGGGAAATTCTAAAAGAACCAGTACATGGGGTATATTATGACCCATCAAAAGATTTAATAGCTGAAATACAGAAACAGGGACATGACCAGTGGACATATCAAATTTACCAAGAGCCATTCAAAAATCTGAAGACAGGGAAGTATGCAAAAATGAGGACTGCCCACACTAATGATGTAAGACAGTTAACAGAAGCAGTGCAAAAAATAGCTGTGGAGAGCATAGTAATATGGGGAAAGACTCCTAAATTTAGATTACCCATTCAAAAAGAAACATGGGAGGCATGGTGGACAGACTATTGGCAAGCCACCTGGATTCCTGAGTGGGAGTTTGTTAATACCCCTCCCCTAGTAAAATTATGGTACCAGCTGGAGAAAGAACCCATAATGGGGGCAGAAACATTCTATGTAGATGGAGCAGCT------------------------------------------------------------------------------------------------------------------------------------------------------------------------------------------------------------------------------------------------------------------------------------------------------------------------------------------------------
77942|S66Pol|JQ071485-SR,CCAATTAGCCCCATTGAAMCTGTACCAGTAAAATTAAAGCCAGGAATGGATGGCCCAAAGGTCAAACAATGGCCATTGACAGAAGAAAAAATAAAAGCATTAACAGCAATTTGTGAAGAGATGGAAAAGGAAGGAAAAATTACAAAAATTGGGCCCGAAAATCCATATAATACTCCAGTATTTGCCATAAAAAGGAAAGACAGTACTAAGTGGAGAAAATTAGTAGATTTCAGGGAACTCAATAAAAGAACTCAAGACTTTTGGGAAGTTCAATTAGGGATACCACACCCAGCAGGGTTAAAAAAGAAAAAATCAGTGACAGTGCTGGATGTGGGGGATGCATATTTTTCAGTTCCTTTAGATGAAGGCTTCAGGAAATATACTGCATTCACAATACCTAGTATAAACAATGAAACACCAGGAATCAGATATCAGTACAATGTACTTCCACAGGGATGGAAAGGATCACCAGCAATATTCCAAAGTAGCATGACAAAAATTTTAGAGCCCTTTAGATCAAGAAATCCAGAAATAACTATCTGTCAATACATGGATGACTTGTATGTAGGATCTGATTTAGAAATAGGGCAACATAGAGCAAAAATAGAAGAGTTAAGAAATCATCTATTGAAATGGGGATTTACTACACCAGACAAGAAACATCAGAAAGAACCTCCATTTCTGTGGATGGGGTATGAACTCCATCCTGACAAATGGACAGTACAGCCTATACAGCTGCCAGAAAAGGATAGCTGGACTGTCAATGATATACAGAAGTTAGTAGGAAAATTAAACTGGGCAAGTCAGATTTACCCAGGGATTAAAGTAAAGCAATTATGTAAACTCCTTAGGGGAGTTAAAGCATTAACAGACATAGTACCATTGACTGAGGAAGCAGAATTAGAATTGGCAGAGAACAGGGAAATTCTAAAAGAACCAGTACATGGAGTATATTATGACCCAGTGAAAGACTTAATAGCTGAAATACAGAAACAGGGGCAGGGACAATGGACGTATCAAATCTATCAAGAACCACACAAAATTCTGAAAACAGGGAAATATGCAAAAATGAGGACTGCCCACACTAATGATGTAAAACAGCTAACAGAGGCAGTGCAAAAAATAGCCCTAGAAAGCATAGTAATATGGGGAAAGACTCCTAAATTTAGATTACCCATCCAGAAAGAAACATGGGAGTTATGGTGGACAGACTATTGGCAAGCCACCTGGATT---------------------------------------------------------------------------------------------------------------------------------------------------------------------------------------------------------------------------------------------------------------------------------------------------------------------------------------------------------------------------------------------------------------------------------------------------------------
83329|35976|HQ657870-SR,CCAATCAGTCCCATTGAAACTATACCAGTAAAATTAAAGCCAGGAATGGATGGCCCAAAGGTTAAACAATGGCCATTGACAGAAGAGAAAATAAAAGCATTAACAGCAATTTGTGATGAAATGGAGAAGGAAGGAAAAATTACAAGAATTGGGCCTGAAAATCCATATAATACTCCAATATTTGCCATAAAAARGARGGACAGTACTAAGTGGAGAAAATTAGTAGATTTCAGGGAACTCAATAAAAGAACTCAAGATTTTTGGGAAGTTCAATTAGGAATACCACACCCAGCAGGGTTAAAAAAGAAAAAATCCGTGACAGTACTGGATGTGGGGGATGCATATTTTTCAGTACCTTTATATGAAGACTTCAGGAAATATACTGCATTCACCATACCTAGTAYAAACAATGAAACACCAGGGATTAGGTATCAGTATAATGTACTTCCACAAGGATGGAAAGGATCACCAGCAATATTCCAAAGTAGCATGAAGAAAATCTTAGACCCTTTTAGAAAACAAAATCCAGACATAGTTATTTATCAATACATGGATGATTTGTATGTAGGATCTGACTTAGAGATAGGGCAGCATAGAACAAAAATAGAGGAACTGAGACAAYATTTGCTGAGATGGGGATTTACCACACCAGATAAGAAACATCAGAAAGAACCTCCATTTCTTTGGATGGGGTATGAACTCCATCCTGACAARTGGACCGTACAACCTATACAGCTGCCAGAAAAAGATAGCTGGACTGTCAATGATATACAAAAGTTAGTGGGAAAATTAAACTGGGCAAGTCAGATTTATCCTGGAATTAAAGTAAGGCAACTTTGTAAACTCCTTAGGGGGGCCAAAGCACTAACAGACATAGTACCGCTAACTGAAGAAGCAGAATTAGAATTGGCAGAAAACAGGGAAATTCTAAGAGAACCAGTACATGGAGTATATTATGACCCATCAAAAGACTTGATAGCTGAAATACAGAAACAGGGGCAG------------------------------------------------------------------------------------------------------------------------------------------------------------------------------------------------------------------------------------------------------------------------------------------------------------------------------------------------------------------------------------------------------------------------------------------------------------------------------------------------------------------------------------------------------------------------------------------------------------------------------------------------------------------------------------------------------
83344|36101|HQ657885-SR,CCCATTAGTCCTATTGAAACTGTACCAGTAAAATTAAAGCCAGGAATGGATGGCCCAAAAGTTAAACAATGGCCATTGACAGAAGAAAAAATAAAAGCATTATTAGAAATTTGTACAGAAATGGAAAAGGAAGGAAAAATTTCAAAAATTGGGCCTGAAAATCCATACAATACTCCAGTATTTGCCATAAAAARGAAAGACAGTACTAAATGGAGAAAATTAGTAGATTTCAGAGAACTTAATAAGAAAACTCAAGACTTCTGGGAAGTTCAGTTAGGAATACCACATCCCGCAGGGTTAAAAAAGAGAAAATCAGTAACAGTATTGGATGTGGGTGATGCATATTTTTCAGTTCCCTTAGATAAAGACTTCCGGAAGTATACTGCATTTACTATACCTAGCATAAACAATGAGACACCGGGGATTAGATATCAGTACAATGTACTTCCACAGGGATGGAAAGGATCACCAGCAATATTCCAAAGTAGCATGACAAAAATCTTAGAGCCTTTTAGAAAACAAAATCCAGATATAGTAATYTATCAATACATGGATGATTTGTATGTAGGATCTGACTTAGAAATAGGACAGCATAGAACAAAAATAGAGGAACTAAGAGAACACCTGTTGAGGTGGGGACTTACCACCCCAGACAAAAAACATCAGAAAGAACCTCCGTTCCTTTGGATGGGATATGAACTCCATCCTGATAAATGGACAGTACAGCCTATAGAGCTGCCAGAAAAAGACAGCTGGACCGTCAATGACATACAGAAGCTAGTGGGAAAATTAAATTGGGCAAGTCAGATCTATCCAGGGATTAAAATAAAACAATTATGTAAACTGCTAAGGGGAACCAAAGCATTAACAGAAGTAGTACCTCTAACAGAAGAGGCAGAGCTAGAACTGGCAGAAAACAGGGAGATTCTAAAAGTGCCAGTACATGGAGTGTATTATGACCCATCAAAAGACTTAATAGCAGAAATACAGAAACAGGGGCTAGGC---------------------------------------------------------------------------------------------------------------------------------------------------------------------------------------------------------------------------------------------------------------------------------------------------------------------------------------------------------------------------------------------------------------------------------------------------------------------------------------------------------------------------------------------------------------------------------------------------------------------------------------------------------------------------------------------------
83360|36212|HQ657901-SR,CCAATCAGYCCCATTGAAACTGTACCAGTAAAATTAAAGCCAGGAATGGATGGCCCAAAGGTTAAACAATGGCCATTGACAGAAGARAAAATAAAAGCATTAACAGCAATTTGTGATGAAATGGAGAAGGAAGGAAAAATTACAAGAATTGGGCCTGAAAATCCATATAATACTMCAATATTTGCCATAAAAARGAAGGACAGTACTAAGTGGAGAAAATTAGTAGATTTCAGRGAACTYAATAAAAGAACTCAAGATTTTTGGGAAGTTCAATTAGGAATACCACACCCAGCAGGGTTAAAAAAGRAAAAATCYGTGACAGTACTGGATGTGGGGGATGCATATTTTTCAGTGCCTTTATATGAAGACTTCAGGAAATATACTGCATTCACCATACCTAGTATAAACAATGAAACACCAGGGATTAGGTATCAGTACAATGTGCTTCCGCAGGGGTGGAAAGGATCACCAGCAATATTCCAAAGTAGCATGACGAAAATYTTAGACCCTTTTAGAAAACAAAAYCCAGACWTAGTTATTTATCAATACATGGATGATTTGTATGTAGGATCTGACTTAGAGATAGGGCAGCATAGAACAAAAATAGAGGAACTRAGACARCATTTGCTGAGATGGGGATTTACCACACCAGACAARAAACATCAGAAAGARCCTCCATTTCTTTGGATGGGGTATGAACTCCATCCTGACAAATGGACCGTACAACCTATACAGCTGCCAGAAAAAGATAGCTGGACTGTCAATGATATACAAAAGTTAGTGGGAAAATTAAACTGGGCAAGTCAGATTTATCCTGGAATTAAAGTAAGGCAACTTTGTAAACTCCTTAGGGGRACCAAAGCACTAACAGACATAGTACCGCTAACTGAAGAAGCAGAATTAGAATTGGCAGAAAACAGGGAAATTCTAARAGAACCAGTACATGGAGTATATTATGACCCATCAAAAGACTTGATAGCTGAAATACAGAAACAGGGGCAG------------------------------------------------------------------------------------------------------------------------------------------------------------------------------------------------------------------------------------------------------------------------------------------------------------------------------------------------------------------------------------------------------------------------------------------------------------------------------------------------------------------------------------------------------------------------------------------------------------------------------------------------------------------------------------------------------
86119|SK140|FJ199917-SR,CCAATTAGTCCCATTGAAACTGTACCGGTAAAATTAAAGCCAGGAATGGATGGCCCAAAGGTTAAACAATGGCCATTGACAGAAGAGAAAATAAAAGCATTAACAGCAATTTGTGAAGACATGGAGAAGGAAGGAAAAATTACAAAAATTGGGCCTGAAAATCCATATAACACCCCAGTATTTGCCATAAGAAGGAAGGACAGTACTAAGTGGAGAAAATTAGTAGATTTCAGGGAACTCAATAAAAGAACTCAAGACTTTTGGGAAGTTCAATTAGGAATACCACACCCAGCAGGGTTAAAAAAGAAAAGATCAGTGACAGTACTAGATGTGGGGGATGCATATTTTTCAGTTCCTTTAGATGAAAACTTCAGGAAGTATACTGCATTCACCATACCTAGTATAAACAATGAAACACCAGGGATTAGATACCAATATAATGTGCTTCCACAGGGATGGAAAGGATCACCAGCAATATTCCAGAGTAGCATGACAAAAATCCTAGAGCCCTTTAGAGCACAAAATCCAGAACTAGTCATCTATCAATATATGGATGACTTGTATGTAGGATCTGACTTAGAAATAGGGCAACATAGAGCAAAGATAGAGGAATTAAGAGAACATCTATTAAAGTGGGGATTTACCACACCAGACAAAAAACATCAGAAAGAACCCCCATTTCTTTGGATGGGGTATGAACTCCATCCTGACAAATGGACAGTACAGCCTATAGAGCTACCAGAAAAGGATAGCTGGACTGTCAATGATATACAAAAGTTAGTGGGAAAATTAAACTGGGCAAGTCAGATTTACAAAGGAATTAAAGTAAAGCAACTTTGTAAACTCCTTAGGGGGGCCAAAGCACTAACAGACATAGTACCACTGACTGAAGAAGCAGAATTAGAGTTGGCAGAAAACAGAGAAATTCTAAGAGAACCAGTACATGGAGTATATTATGATCCATCAAAAGAATTGATAGCTGAAATACAGAAACAGGGGCATGATCAGTGGACATATCAAATTTACCAGGAACCATTCAAAAATTTGAAGACAGGAAAGTATACAAAAATGAGGACTGCCCACACCAATGATGTAAGGCAGTTAACAGAGGCAGTGCAAAAAATAGCCATGGAAAGCATAGTAATATGGGGAAAGACTCCTAAATTTAGACTACCCATCCAAAAGGAAACATGGGAGGCATGGTGGACAGACTACTGGCAAGCCACCTGGATTCCTGAGTGGGAGTTTGTTAATACTCCTCCCCTAGTAAAATTATGGTACCAGCTGGAGAAAGAACCCATAGCAGGAGTAGAAACTTTCTATGTAGATGGAGCAGCTAATAGGGAAACTAAGATAGGGAAAGCAGGGTATGTTACTGATAGAGGAAGGCAAAAAATTGTTTCCTTCACTGAAACAACAAATCAGAAGACTGAATTACAAGCAATTCAGCTAGCTTTGCAAGATTCAGGATCAGAAGTAAACATAGTAACAGATTCACAGTATGCATTAGGAATCATTCAAGCACAACCAGATAAGAGTGAATCAGAGTTAGTCAATCAAATAATAGAACAGTTAATAAATAAGGAAAGGGTCTACCTGTCATGGGTACCAGCACATAAAGGAATTGGAGGAAACGAACAAGTAGATAAATTAGTAAGTACTGGAATCAGGAAAGTGCTG
86624|05000487|JX073435-SR,---------------------------------------------------------------------------------------------------------------TGTACAGAAATGGAAAAGGAAGGGAAAATTTCAAAAATTGGGCCTRAAAATCCATACAATACTCCAGTATTTGCCATAAARARAAAAGACAGTACTAAATGGAGAAAATTAGTAGATTTCAGGGAACTTAATAAGAGAACTCAAGACTTCTGGGAAGTTCAATTAGGAATACCACATCCTGCAGGGTTAAAAAAGAAAAAATCAGTAACAGTACTGGATGTGGGTGATGCATATTTTTCAGTTCCCTTAGATAAAGACTTCAGGAAGTATACTGCATTTACCATACCTAGTACAAACAATGAGACACCAGGGATTAGATATCAATACAATGTGCTCCCACAGGGATGGAAAGGATCACCAGYAATATTCCAATGTAGCATGACAAAAATCTTAGAGCCTTTTAGAAAACAAAATCCAGACATAGTTATCTATCAATACATGGATGATTTGTATGTAGGATCTGACTTAGAAATAGGGCAGCATAGAACAAAAATAGAGGAACTGAGACAGCATCTGTTGCAGTGGGGATTTACCACACCAGACAAAAAGCATCAGAAAGAACCTCCATTCCTTTGGATGGGTTATGAACTCCATCCTGATAAATGGACAGTACAGCCTATAGTACTGCCA---------------------------------------------------------------------------------------------------------------------------------------------------------------------------------------------------------------------------------------------------------------------------------------------------------------------------------------------------------------------------------------------------------------------------------------------------------------------------------------------------------------------------------------------------------------------------------------------------------------------------------------------------------------------------------------------------------------------------------------------------------------------------------------------------------------------------------------------------------------------------------------------------------------------------------------------------------------------------
89610|CP076301792|HQ994974-SR,CCAATTAGTCCTATTAGTACTGTACCAGTAAAATTAAAACCAGGAATGGATGGCCCAAGGATTAAACAATGGCCATTGACAGAAGAAAAAATAAAAGCATTAACAGAAATTTGTGCAGATATGGAAAGAGAAGGAAGAATTTCAAAAATTGGGCCTGAAAATCCATACAATACTCCAATATTTGCTATAAAGAGAAAAGACAGCACTAAATGGAGAAGATTAGTAGATTTTAGAGAGCTCAATAAAAGAACKCAAGACTTTTGGGAAGTTCAATTGGGAATACCGCATCCAGCGGGTTTAAAAAAGAAAAAATCAGTAACAGTACTAGATGTGGGGGACGCATACTTTTCAGTTCCCTTAGATGAAAACTTTAGAAAGTATACTGCATTCACCATACCTAGTGTAAACAATGAGACACCAGGAATCAGGTATCARTACAATGTGCTTCCACAAGGATGGAAAGGATCACCAGCAATATTCCAGAGTAGCATGACAAAAATCTTAGAGCCCTTTAGATTAAAAAACCCAGAAATAATTATCTATCAATACATGGATGACTTRTATGTAGGATCTGATTTAGAGATAGGGCAGCATAGAACAAAAATAGAGGAGTTAAGGGCTCATCTATTGAGCTGGGGATTTACTACACCAGACAAAAAGCATCAGAARGAACCTCCATTTCTTTGGATGGGATATGAACTCCATCCTGACAAGTGGACAGTCCARCCTATAAAGTTGCCAGAAAAAGAMAGTTGGACTGTCAATGATATACAGAAATTAGTGGGAAAACTAAATTGGGCAAGTCAAATTTATGCAGGGATTAAAGTAAGACAATTATGTAAACTCCTCAGAGGAGCCAAAGCACTAACAGACATAGTACCATTGACTGAGGARGCAGAATTAGAATTAGCAGAAAACAGGGAAATTCTAAAAGAC------------------------------------------------------------------------------------------------------------------------------------------------------------------------------------------------------------------------------------------------------------------------------------------------------------------------------------------------------------------------------------------------------------------------------------------------------------------------------------------------------------------------------------------------------------------------------------------------------------------------------------------------------------------------------------------------------------------------------------------------------------------------
92056|IVVI7359|JQ312418-SR,---------------------------------------------------------------------------------------------------------------TGTAAAGAGATGGAAGAGGAAGGAAAAATCTCAAAAATTGGGCCTGAAAATCCATACAATACTCCAGTATTTGCTATAAAGAGAAAGGACAGCACCAAATGGAGAAAATTGGTAGATTTCAGAGAGCTCAATAAAAGAACTCAGGACTTTTGGGAAATTCAGTTAGGAATACCGCATCCAGCAGGTCTAAAAAAGAAAAAATCAATAACAGTACTAGATGTGGGAGATGCATATTTTTCAGTTCCTTTAGATGAAAGCTTTAGAAAATATACTGCATTCACCATACCTAGTATAAATAATGAGACACCAGGAATCAGATATCAGTACAATGTACTACCACAGGGATGGAAAGGATCACCAGCAATATTCCAGTGTAGCATGACAAAAATCTTAGAGCCCTTTAGAAGAAACAATCCAGAAATGGATATCTGTCAATACATGGATGACTTGTATATAGCATCTGATCTAGAAATAGGGCAGCACAGAACAAAAATAGAGGAGCTAAGAGCTCATCTATTGAGCTGGGGATTTACTACACCAGACAAAAAGCATCAAAAGGAACCTCCATTCCTTTGGATGGGATATGAACTCCATCCTGACAGATGGACAGTCCAGCCTATAGAACTGCCA---------------------------------------------------------------------------------------------------------------------------------------------------------------------------------------------------------------------------------------------------------------------------------------------------------------------------------------------------------------------------------------------------------------------------------------------------------------------------------------------------------------------------------------------------------------------------------------------------------------------------------------------------------------------------------------------------------------------------------------------------------------------------------------------------------------------------------------------------------------------------------------------------------------------------------------------------------------------------
92149|DT-M9|HQ542788-SR,------------------------------------AAGCCAGGAATGGATGGACCAAAGGTTAAACAGTGGCCATKGACAGAAGAARAAWTAAAAGCATTAACAGAAATTTGTAAAGAGATGGAAGAGGAAGGAAAAATCTCAAAAATTGGGCCTGAAAATCCATACAATACTCCAGTATTTGCTATAAAGAGAAAGGACAGCACCAAATGGAGGAAATTAGTAGATTTCAGAGAACTCAATAAAAGAACTCAGGACTTTTGGGAAGTTCAATTAGGAATACCGCATCCAGCAGGTTTAAAAAAGAAAAAATCTGTAACAGTACTAGATGTGGGAGATGCATATTTTTCAGTACCTTTAGATGAAAGCTTTAGAAAGTATACTGCATTCACCATACCTAGTACAAACAATGAGACACCAGGGGTCAGATATCAGTACAATGTGCTGCCACAGGGATGGAAAGGATCACCAACAATATTCCAGAGTAGCATGACAAAAATCTTAGAGCCCTTTAGAATAAAAAATCCAGAAATAGTTATCTGTCAATACATGGATGACTTGTATGTAGGATCTGATTTAGAAATAGGGCAACACAGAACAAAAGTAGAGGAGCTAAGAGCTCATCTATTGAGCTGGGGATTTACTACACCAGACAAAAAGCATCAGAAGGAACCTCCATTCCTATGGATGGGATATGAACTCCACCCTGACAGATGGACAGTCCAGCCTATAGATCTGCCAGAAAAAGACAGCTGGACTGTCAAT---------------------------------------------------------------------------------------------------------------------------------------------------------------------------------------------------------------------------------------------------------------------------------------------------------------------------------------------------------------------------------------------------------------------------------------------------------------------------------------------------------------------------------------------------------------------------------------------------------------------------------------------------------------------------------------------------------------------------------------------------------------------------------------------------------------------------------------------------------------------------------------------------------------------------------------------------
93271|GZ236|JN848865-SR,CCAATTAGTCCYATTGACACTGTACCAGTAAAATTAAARCCAGGAATGGATGGACCAAAGGTTAAACAGTGGCCATTGACAGAAGAAAAAATAMAAGCAWTAACAGAAATTTGTAAAGAGATGGAAGAGGARGGAAAAATCTCAAAAATTGGGCCTGAAAATCCATACAATACTCCARTATTTGCTATAAAGARAAAGGACAGCACCAAATGGAGGAAATTAGTAGATTTCAGAGAGCTYAATAAAAGAACYCAGGAYTTTTGGGAAGTTCAATTAGGAATACCRCATCCRGCAGGKTTAAAAAAGAAAAAATCARTAACAGTACTAGATGTGGGAGATGCATATTTTTCAGTTCCTTTAGATGAAAGCTTTAGAAAGTATACTGCATTCACCATACCTAGTATAAAYAATGAGACACCAGGAATCAGATATCAGTACAATGTGCTGCCACAGGGATGGAARGGATCACCAGCAATMTTCCAGAGTAGCATGACAAARATCTTAGAGCCCTTTAGAATAAAAAATCCAGAAATGGTTATYTRTCAATACATGGATGACTTGTATGTAGSATCTGATTTAGAAATAGGGCAGCACAGAAYAAAAATAGAGGARCTGAGRGCTCAYCTATTKAGCTGGGGRTTTACTACACCAGAYAARAAGCATCAGAAGGAACCTCCRTTCCTYTGGATGGGRTATGAACTCCATCCTGACAGRTGGACAGTCCAGCCTATAGAACTGCCAGAAAAAGACAGCTGGACTGTCAATGATATACAGAAATTAGTGGGAAAATTAAATTGGGCAAGTCAAATTTATGCAGGGATTAARGTAAAGCAACTGTGTAAACTCCTCAGGGGAGCTAAAACACTAACAGACATAGTACCATTGACTGAAGAAGCAGAA------------------------------------------------------------------------------------------------------------------------------------------------------------------------------------------------------------------------------------------------------------------------------------------------------------------------------------------------------------------------------------------------------------------------------------------------------------------------------------------------------------------------------------------------------------------------------------------------------------------------------------------------------------------------------------------------------------------------------------------------------------------------------------------------------------
