102614|570odyssee|HQ718403-IS,CCTATTAGTCCTATTGAAACTGTGCCAGTAAAATTAAAGCCAGGAATGGATGGCCCAAAAGTTAAACAATGGCCATTGACAGAAGAAAAAATAAAAGCATTAATGGAAATCTGTACAGAAATGGAAAAGGAAGGGAAAATTTCAAAAATTGGGCCTGAGAATCCATATAATACACCAGTATTTGCCATAAAGAAAAAGAATAGTAATAGATGGAGAAAATTAGTAGATTTCAGAGAACTTAATAAAAGAACTCAAGATTTCTGGGAAGTTCAATTAGGAATACCACATCCCGCAGGGTTAAAAAAGAAAAAATCAGTAACAGTACTGGATGTGGGTGACGCATATTTTTCAGTTCCCTTAGATAAAGAATTCAGGAAGTATACTGCATTTACCATACCTAGCACAAACAATGAGACACCAGGGATTAGATATCAGTACAATGTGCTTCCACAGGGATGGAAAGGATCACCAGCAATCTTCCAAAGCAGTATGACAAAAATCTTAGAGCCTTTTAGAAAACACAATCCAGACATAATTATTTATCAATACGTGGATGACYTGTATGTAGGATCTGACTTAGAAATAGAGCAGCATAGAACAAAAATAGAGGAACTGAGACAGCATCTGTTGAGATGGGGACTCAYCACACCAGAACAAAAACATCAGAAAGAACCTCCGTTTCTTTGGATGGGCTATGAACTCCATCCTGATAAATGGACAGTACAGCCTATAGTGCTGCCAGAAAAAGACAGCTGGACTGTCAATGACATACAGAAGTTAGTGGGAAAGTTAAATTGGGCAAGTCAGATTTACCCAGGGATTAAAGTAAAGCAATTATGTAAACTCCTTAGAGGAACCAAGGCACTAACAGAAGTAATACCACTAACAAAAGAAGCAGAGYTAGAACTGGCAGAAAACAGGGAAATTCTAAAAGAACCAGTACATGGAGTGTACTATGACCCTTCAAAAGACTTAATTGCCGAAATTCCGAAGCCGGGACCAGGC---------------------------------------------------------------------------------------------------------------------------------------------------------------------------------------------------------------------------------------------------------------------------------------------------------------------------------------------------------------------------------------------------------------------------------------------------------------------------------------------------------------------------------------------------------------------------------------------------------------------------------------------------------------------------------------------------
105626|3651991H|KC238134-IS,CCCATTAGCCCTATTGAAACTGTACCAGTAAGATTAAAGCCAGGAATGGATGGCCCAAGAGTTAAACAGTGGCCATTGACAGAAGARAAAATAAAAGCATTAGTAGAAATATGTACAGAAATGGAAAAGGAAGGGAAAATTTCAAAAATTGGGCCTGAAAATCCATACAATACTCCAATATTTGCCATAAAGAAAAAGAACAGTGATAGATGGAGAAAATTAGTAGATTTCAGAGAACTTAATAAAAGAACTCAAGACTTCTGGGAAGTCCAATTAGGAATACCACATCCCGCAGGGTTAAAAAAGAAAAAATCAGTAACAGTTCTGGATGTGGGTGATGCATATTTTTCAGTTCCTTTACATGAAGAKTTCAGGAAATATACTGCATTTACCATACCTAGTACAAACAATGAGACACCAGGGATTAGATATCAGTACAATGTGCTTCCACAGGGATGGAAAGGATCACCAGCAATATTCCAAAGTAGCATGACAAGAATCCTAGAGCCTTTTAGAAAACAGAATCCAGAAATAGTAATCTATCAATACATGGATGATTTGTATGTAGGGTCTGACTTAGAAATAGGGCAGCATAGAACAAAAGTAGAGGAACTGAGACAACATCTGTTGAGGTGGGGATTTTTCACACCAGACCAAAAACATCAGAAAGAACCTCCATTCCTTTGGATGGGGTATGAACTCCATCCTGATAAGTGGACAGTACAGCCTATAGTTCTGCCAGAAAAGGACAGCTGGACTGTCAATGACATACAGAAGTTAGTGGGAAAATTAAATTGGGCAAGTCAGATTTATGCAGGGATTAAAGTAAGGCAATTATGTAAACTCCTTAGGGGAACCAAAGCA------------------------------------------------------------------------------------------------------------------------------------------------------------------------------------------------------------------------------------------------------------------------------------------------------------------------------------------------------------------------------------------------------------------------------------------------------------------------------------------------------------------------------------------------------------------------------------------------------------------------------------------------------------------------------------------------------------------------------------------------------------------------------------------------------------------------------------------------
105678|5799833H|KC238186-IS,CCCATTAGCCCTATTGAAACTGTACCAGTAMAATTAAAGCCAGGAATGGATGGCCCMAGAGTTAAACAGTGGCCATTGACAGRAGAAAAAATAAAAGCATTAGTAGAAATATGTACAGAAATGGAAAAGGAAGGAAAAATTTCAAAAATTGGGCCTGAAAATCCATACAATACTCCAATATTTGCCATAAAGAAGAAAAACAGTGATAGATGGAGAAAATTAGTAGATTTCAGAGAACTTAATAAGAGAACTCAAGACTTCTGGGAAGTCCAATTAGGAATACCACATCCCGCAGGGTTACAAAAGAATAAATCGGTAACAGTTCTGGATGTGGGTGATGCATATTTTTCAGTTCCTTTACATGAAGATTTCAGGAAGTATACTGCATTTACCATACCTAGTACAAACAATGAGACACCAGGGATTAGATATCAGTACAATGTGCTTCCACAAGGATGGAAAGGATCACCAGCAATATTCCAAAGTAGCATGACAAGAATCCTAGAGCCTTTTAGAAAACAAAATCCAGAAATAGTTATTTATCAATACGTGGATGATCTGTATGTAGGGTCTGACTTAGAAATAGGGCAGCATAGAACAAAAGTAGAGGAACTGAGACAACATCTGTTGAAGTGGGGATTTTTCACACCAGACCAAAAACATCAGAAAGAACCTCCATTCCTTTGGATGGGGTATGAACTCCATCCTGACAAGTGGACAGTACAGCCTATAGTTCTGCCAGAAAAGGACAGCTGGACTGTCAATGACATACAGAAGTTAGTAGGAAAATTAAATTGGGCAAGTCAGATTTATGCAGGGATTAAGGTAAGGCAATTATGTAAACTCCTTAGGGGAACCAAAGCACTAACAGAAATAGTGACACTAACAGAAGAAGCAGAACTAGAACTGGCAGAAAACAGGGAGATTCTAAAAGAACCAGTACATGGAGTGTATTATGACCCATCAAAAGACTTAATAGCAGAAATACAGAAGCAGGGGCAAGGACAATGGACATATCAAATTTATCAAGAGCCATTTAAGAATCTGAAAACAGGAAAATATGCAAGAATGAAGGGTGCCCACACTAATGATGTAAAACAATTAACAGAGGCAGTGCAAAAAGTAGCCACAGAAAGCATAGTAATATGGGGAAAGACTCCTAAATTTAGACTACCCATACAAAAAGAAACATGGGAAGTA------------------------------------------------------------------------------------------------------------------------------------------------------------------------------------------------------------------------------------------------------------------------------------------------------------------------------------------------------------------------------------------------------------------------------------------------------------------------------------------------
107116|CR0027M|FJ469689-IS,CCCATTAGTCCTATTGAAACTGTACCAGTAAAATTAAAGCCAGGAATGGATGGCCCAAAAGTTAAACAATGGCCATTGACAGAAGAAAAAATAAAAGCATTAATAGAAATCTGTACAGAGATGGAAAAGGAAGGGAAAATTTCAAAAATTGGGCCTGAAAATCCATACAATACTCCAGTATTTGCCATAAAGAAAAAGAACAGTGATAGATGGAGAAAATTAGTAGATTTCAGAGAACTTAATAAGAGAACTCAAGACTTCTGGGAAGTTCAATTAGGAATACCACATCCCGCAGGGTTGAAAAGGAATAAATCAGTAACAGTACTGGATGTGGGTGATGCATATTTTTCAATTCCCTTAGATGAGGGATTCAGGAAGTATACAGCATTTACCATACCTAGTACAAACAATGAGACACCAGGGATTAGATATCAGTACAATGTGCTTCCAATGGGATGGAAAGGATCACCAGCAATATTCCAAAGTAGCATGACAAAAATCTTAGAGCCTTTTAGAAACAAAAATCCAGACATAGTTATCTATCAATACATGGATGATCTGTATGTAGGCTCTGACTTAGAAATAGGGCAACATAGAACAAAAATAGAAGAGCTAAGACAACATCTGTTGAAGTGGGGATTAGTCACACCAGACCAAAAACATCAGAAAGAACCCCCATTCCTGTGGATGGGTTATGAACTCCATCCTGATAAATGGACAGTACAGCCTATAGTGCTGCCAGAAAAAGACAGCTGGACTGTCAATGACATACAGAAGTTAGTGGGAAAATTGAATTGGGCAAGTCAGATTTACCCAGGGATTAAAGTAAAGCAATTATGTAAACTCCTTAGGGGAACTAAGTCACTAACAGAAATAATACCACTAACAAAAGAAGCAGAGCTAGAACTGGCAGAAAATAGGGAAATTTTAAAAGAACCAGTACATGGAGTGTATTATGACCCATCAAAAGAGCTAATAGCAGAAATACAGAAGCAGGAGAACAGCCAATGGTCATACCAAATTTATCAGGAGCCATTTAAAAATCTGAAAACAGGAAAATATGCAAGAATGAGGGGGGCCCACACTAATGATGTAAGACAATTAACAGAGGTAGTGCAAAAAATAGCCACAGAAAGCATAGTAATATGGGGAAAGACTCCTAAATTTAAACTACCCATACAGAAAGAAACATGGGAAACATGGTGGACAGAGTATTGGCAAGCCACCTGGATTCCTGAGTGGGAGTTTGTCAATACCCCTCCCTTAGTGAAATTATGGTACCAGTTAGAGAAAGAACCCATAATAGGAGCAGAAACTTTCTATGTAGATGGGGCAGCTAACAGGGAGACTAAATTAGGAAAAGCAGGATATGTTACTAGCAAAGGAAGACAAAAAGTTGTCTCTCTAACTGACACAACAAATCAGAAGACTGAGTTACAAGCAATTCATCTAGCTTTACAGGATTCGGGATCAGAGGTAAACATAGTAACAGACTCACAATATGCATTAGGAATCATCCAAGCACAACCAGACAAAAGTGAATCAGAGTTAGTCAGTCAAATAATAGAGCAGTTAATAAAAAAGGAGAAGGTCTACTTGGCATGGGTACCAGCACACAAAGGAATTGGAGGAAATGAACAAGTAGATAAATTAGTCAGTAGTGGAATCAGGAAAGTACTA
107145|CR0312W|FJ469718-IS,CCCATTAGTCCTATTGAAGCTGTACCAGTAAAATTAAAACCAGGAATGGATGGCCCAAAAGTGAAACAGTGGCCATTGACAGAAGAAAAAATAAAAGCATTAATGGAAATTTGTACAGAAATGGAAAAGGAAGGGAAAATTTCAAAAATTGGGCCTGAAAATCCATACAATACTCCAGTATTTGCAATAAAGAAGAAAAACAGTACTAGATGGAGAAAATTAGTAGATTTCAGAGAACTTAATAAGAGAACTCAAGACTTCTGGGAAGTTCAATTAGGAATACCACATCCCGCAGGGTTAAAAAAGAAAAAATCAGTAACAGTATTGGATGTGGGAGATGCATATTTTTCAGTTCCCTTACATGAAGACTTCAGGAAGTATACTGCATTTACCATACCTAGTGTAAACAATGAGACACCAGGGATTAGATATCAATACAATGTGCTTCCACAGGGATGGAAAGGATCACCAGCAATATTCCAATGTAGCATGACAAAAATTTTAGAACCTTTTAGAAAACAAAACCCAGACCTGGTTATCTGCCAATACATGGATGATTTGTATGTAGGATCTGACTTAGAAATAGGGCAGCATAGAACAAAAATAGAGGAACTGAGAGAACATCTGTTGAGGTGGGGATTTTACACACCAGACGAAAAACATCAGAAAGAACCTCCATTCCGGTGGATGGGTTATGAACTCCATCCTGATAAATGGACAGTACAGCCTATAGTGCTGCCAGAAAAAGACAGCTGGACTGTCAATGACATACAGAAGTTAGTGGGAAAATTGAATTGGGCAAGTCAGATTTACCCAGGGATTAAAGTAAAGCAATTATGTAAACTTCTTAGGGGAACCAAGACACTAACAGAAGTAATACCACTAACAAAAGAAGCAGAGCTAGAACTGGCAGAAAACAGAGAAATTCTAAAAGAACCAGTACATGGAGTGTATTATGACCCATCAAAAGACTTAATAGCAGAGATACAGAAGCAGGAGCTAGGTCAATGGACATATCAAATTTATCAAGAGCCATTTAAAAATCTGAAAACAGGAAAATATGCAAGAACGAGGAGTGCCCACACTAATGATGTAAAACAATTAACAGAGGCAGTACAAAAAATAGCCATGGAAAGCATAGTAATATGGGGGAAGACTCCTAAATTTAAACTACCCATACAAAAGGAAACATGGGAAACATGGTGGACAGAATATTGGCAAGCCACCTGGATTCCTGAATGGGAGTTTGTAAATACCCCTCCCCTAGTAAAATTGTGGTATCAGTTAGAGAAAGAGCCTATAGTAGGAGCAGAAACTTTCTATGTAGATGGGGCAGCTAACAGGGAAACCAAATTAGGAAAAGCAGGATATGTTACTGACAAAGGAAGACAAAAGGTTGTCTCCATAACTGACACAACAAATCAGAAGACTGAGTTACAGGCAATTCATCTAGCTTTGCAGGATTCGGGATCAGAAGTAAACATAGTAACAGACTCACAATATGCATTAGGAATCATTCAAGCACAACCTGATAAAAGTGAATCAGAAATAGTCAGTCAAATAATAGAGGAGTTAATAAAAAAGGAAAAGGTCTACCTGGCATGGGTACCAGCACACAAAGGAATTGGAGGAAATGAACAAGTAGATAAATTAGTCAGTACAGGAATCAGGAAAGTACTA
107187|PRLS16|FJ469760-IS,CCCATTAGTCCTATTGAAACTGTACCAGTAAAATTAAAGCCAGGAATGGATGGCCCAAAAGTTAAACAATGGCCATTGACAGAAGAAAAAATAAAAGCATTAGTAGAAATCTGTACAGAAATGGAAAAGGAAGGGAAAATTTCAAAAATTGGGCCTGAAAATCCATACAATACTCCAATATTTGCTATAAAGAAGAAAAACAGTACTAGATGGAGAAAATTAGTAGATTTCAGAGAACTTAATAAGAAAACTCAAGACTTCTGGGAAATCCAATTAGGAATACCACATCCCTCAGGGATAAAAAAGAACAAATCAGTGACAGTACTGGATGTGGGTGATGCATATTTTTCAGTTCCCTTAGATAAAGAATTCAGGAAGTACACTGCATTTACCATACCTAGTATAAACAATGAGAGACCAGGGATTAGATATCAGTACAATGTGCTTCCACAGGGATGGAAGGGATCACCAGCAATATTCCAAAGTAGCATGACAAAAATCTTAGAGCCTTTTAGAAAACAAAATCCAGACATAGTTATCTATCAATACATGGATGATTTGTATGTAGGGTCTGACTTAGAAATAGGACAGCACAGAACAAAAGTAGAGGAACTAAGACAACATCTGTTGAAGTGGGGGTTTTTCACACCAGACCAGAAACATCAAAAAGAACCTCCATTCCTTTGGATGGGTTATGAACTCCATCCTGATAAATGGACAGTACAGCCTATAGTGCTGCCAGAAAAAGACAGCTGGACTGTCAATGACATACAGAAGTTAGTGGGAAAATTAAATTGGGCAAGTCAGATTTACCCAGGGATTAAAGTAAAGCAATTATGTAAACTCCTTAGGGGAACCAAAGCACTAACAGATGTAGTACCACTAACAAAAGAAGCAGAGCTAGAACTGGCAGAAAACAGGGAAATTCTAAAAGAACCAGTACATGGAGTGTATTATGACCCATCAAAAGACTTAGTAGCAGAAATACAGAAGCAGGGGCAAGGCCAATGGACATATCAAATTTATCAAGAGCCATTTAAAATTCTGAAAACAGGAAAATATGCAAGAATGAGAGGTGCCCACACTAATGATGTAAAACAATTGACAGAGGCAGTGCAAAAAATAGCCACAGAAAGCATAGTAATATGGGGAAAGACTCCTAAATTTAAACTACCCATACAAAAAGAAACATGGGAAACATGGTGGACAGAGTATTGGCAGGCCACCTGGATTCCTGAGTGGGAGTTTGTTAATACCCCTCCCTTAGTAAAATTATGGTACCAGCTAGAAAAAGAACCCATAATAGGAGCAGAAACCTTCTATGTAGATGGGGCAGCTAACAGGGAGACTAAATTAGGAAGAGCAGGATATGTTACTAACAAAGGAAGACAAAAGGTTGTCACCCTAACTGACACAACAAATCAGAAGACTGAGTTACAAGCAATTCATTTAGCCTTGCAGGATTCAGGATTAGAAGTAAACATTGTAACAGATTCACAATATGCATTAGGAATCATTCAAGCACACCCAGATAAAAGTGAGTCAGAGTTAGTCAGTCAAATAATAGAGCAGCTAATAAAAAAGGAAAAGGTCTACCTGGCATGGGTACCAGCACACAAAGGAATTGGAGGAAATGAACAAGTAGATAAATTAGTCAGTGCTGGAATCAGGAAAGTACTA
107264|SP20-314187|EU255393-IS,CCCATTAGTCCTATTGAAACTGTACCAGTAAAATTAAAGCCAGGAATGGATGGCCCAAAAGTTAAACAATGGCCATTGACAGAAGAAAAAATAAAAGCATTAGTAGAAATTTGTACAGAAATGGAAAAGGAAGGGAAAATTTCAAAAATTGGGCCTGAAAATCCATACAATACTCCAGTATTTGCCATAAAGAAAAAGAACAGTACTAGATGGAGAAAATTAGTAGATTTCAGAGAACTTAATAAAAGAACTCAAGACTTCTGGGAAGTTCAGTTAGGAATACCACATCCCGCAGGGTTAAAAAAGAAAAGATCAGTAACAGTACTGGATGTGGGTGATGCATATTTTTCAGTTCCCTTAGATAAGGAGTTCAGGAAATATACTGCATTCACCATACCTAGTATAAACAATGAGACACCAGGGGTTAGGTATCAGTACAATGTGCTTCCACAGGGATGGAAAGGATCACCAGCGATATTCCAAAGTAGCATGACAAAAATTTTAGAGCCTTTTAGAAAACAGAATCCAGACATAGTTATCTATCAATACATGGATGATTTGTATGTAGGATCTGACTTGGAAATAGGGCAGCATAGAACAAAAATAGAGGAACTGAGACAACATCTGTTGAGGTGGGGGTTTTTCACACCAGATCAAAAACATCAGAAAGAACCTCCATTCCTTTGGATGGGTTATGAACTCCATCCTGATAAATGGACAGTACAGCCTATAAAGCTGCCAGAAAAGGACAGCTGGACTGTCAATGACATACAGAAGTTAGTGGGAAAATTAAATTGGGCAAGTCAGATTTATGCAGGGATTAAAGTAAGGCAGTTATGTAAACTCCTTAGGGGACCCAAAGCACTAACAGAAGTAGTACCACTAACAAAAGAAGCAGAGCTAGAACTGGCAGAAAATAGGGAAATTCTAAAAGAACCAGTACATGGAGTATATTATGACCCATCAAAAGACTTAATAGCAGAACTACAGAAGCAGGGGCAAGGC---------------------------------------------------------------------------------------------------------------------------------------------------------------------------------------------------------------------------------------------------------------------------------------------------------------------------------------------------------------------------------------------------------------------------------------------------------------------------------------------------------------------------------------------------------------------------------------------------------------------------------------------------------------------------------------------------
108716|LP539567|DQ009070-IS,CCAATTAGTCCTATTGACACTGTACCAGTAAAATTAAAGCCAGGAATGGATGGACCAAAGGTTAAACAATGGCCATTAACAGAAGAAAAAATAAAAGCATTAACAGAAATTTGTGCAGARATGGAAAAGGAAGGAAAAATTTCAAGAATTGGRCCTGAAAACCCATATAACACTCCAGTGTTTGCCATACACAAAAAGAACAGTAATAGATGGAGAAAATTAGTAGATTTCAGAGAGCTCAATAAAAGAACTCAAGAYTTCTGGGAAGTTCAATTAGGAATACCACAYCCAGCAGGGTTAAAAAAGAAAAAATCAGTAACAGTACTGGATGTGGGGGATGCATATTTTTCAGTTCCCTTRTATGAGGACTTTAGGAARTATACTGCATTCACTATACCCAGTATAAATAATGAGGTACCAGGGATTAGATATCAGTACAATGTGCTACCACAGGGATGGAAAGGATCACCAGCAATATTCCAGAGTAGCATGACAAAAATATTAGAACCATTTAGAACAAAAAACCCAGACATAGTTATCTATCAATACGTGGATGACTTGTATGTGGGATCTGACTTAGAAATAGGGCAGCATAGAGCAAAAATAGATGAGTTGAGAAAACATCTACTGGCATGGGGATTCTTCACACCAGAGCAAAAACATCAGAAGGAACCTCCATTCCATTGGATGGGGTATGAGCTCCATCCTGACAAATGGACAGTACAGCCTATACAGCTGCCAGACAARGAAAGCTGGACTGTCAATGATATACAGAAGTTAGTGGGAAAACTAAATTGGGCAAGTCAGATTTATCCAGGRATTAAAGTAAAGCAGCTATGTAAACTCCTTAGGGGGACCAAAGCACTAACAGAGATAGTATCAMTGACTGCAGAAGCAGAATTRGAATTGGCAGAGAACAGGGAAATTCTAAAAGAACCAGTACATGGGGTATATTATGACCCATCAAAAGAC------------------------------------------------------------------------------------------------------------------------------------------------------------------------------------------------------------------------------------------------------------------------------------------------------------------------------------------------------------------------------------------------------------------------------------------------------------------------------------------------------------------------------------------------------------------------------------------------------------------------------------------------------------------------------------------------------------------------------------
112799|SR115|-IS,CCAATTAGTCCTATTGAAACTGTACCAGTAAAATTAAAGCCAGGAATGGATGGCCCAAAGGTTAAACAATGGCCATTGACAGAAGAGAAAATAAAAGCATTAACAGAAATATGTGCAGAGATGGAAAAAGAGGGAAAAATTTCAAAAATTGGGCCTGAAAATCCATACAATACTCCAGTATTTGCCATAAAGAAAAAAAACAGTACTAGATGGAGAAAATTAGTAGATTTTAGAGAACTTAATAAGAGAACTCAGGATTTTTGGGAAGTTCAATTAGGAATACCACATCCTGCAGGGTTAAAAAAGAAAAAGTCAATGACAGTATTGGATGTGGGGGATGCATATTTTTCAGTTCCCCTAGATAAGGAGTTCAGAAAGTACACTGCATTCACCATACCTAGTCTCAACAATGAGACCCCAGGGATCAGATCCCAGTACAATGTGCTTCCACAGGGATGGAAGAGGTCCCCAGCAATATTCCAACATAGCATGACAAAAATCTTAGAGCCCTTTAGAACAAAAAATCCAGACATAGTTATCTACCAATACATGGATGATTTGTGTGTAGGGTCTGACTTAGAACTAGGGCAGCATGGGGCAAAAATAGAAGAGTTAAGGGATCATCTMCGGAAATGGGGGTTTTTTACACCAGACCAAAAGCATCAGAAAGAACCCCCATTCCTTTGGATGGGGGATGAACTTCATCCAGATAAATGGACAGTGCAGCCTATACAACTACCAGACAAGGACAGCTGGACTGTCAATGATATACAGAAGCTAGTAGGAAAACTAAATTGGGCAAGTCAGATTTATCCCGGGATTAAAGTAAAACAATTATGTAGACTCCTTAGGGGAACCAAGGCACTAACAGAGGTAGTGCCACTGACTGCAGAAGCAGAGTTA---------------------------------------------------------------------------------------------------------------------------------------------------------------------------------------------------------------------------------------------------------------------------------------------------------------------------------------------------------------------------------------------------------------------------------------------------------------------------------------------------------------------------------------------------------------------------------------------------------------------------------------------------------------------------------------------------------------------------------------------------------------------------------------------------------
112802|SR117|-IS,CCAATTAGTCCTATTGAAACTGTACCAGTAAAATTAAAGCCAGGAATGGATGGCCCAAAGGTTAAACAATGGCCATTGACAGAAGAGAAAATAAAAGCATTAACAGAAATATGTGCAGATATGGAGAAGGAAGGAAAAATTTCAAAAATTGGGCCTGAAAATCCATACAATACTCCAGTATTTGCCATAAAGAAAAAGAACAGTGATAGATGGAGAAAAATAGTAGATTTTAGAGAACTCAATAAGAGAACTCAGGATTTTTGGGAAGTTCAATTAGGAATACCACATCCTGCAGGATTAAAAAAGAAAAAGTCAGTAACAGTATTAGATGTGGGGGATGCATATTTTTCAGTTCCCTTAGATAAGGATTTCAGAAAGTATACTGCATTCACCATACCTAGTATTAACAATGAGACACCAGGAATCAGGTATCAGTACAATGTGCTTCCAMAAGGATGGAAAGGATCACCAGCAATATTCCAATATAGCATGACAAAAATCTTAGAGCCCTTTAGAACAAAATATCCAGACATAGTTATCTACCAATACGTGGATGATTTGTATGTAGGGTCTGACTTAGAACTAGGGCAACACAGGGCAAAAATAAAGGAGTTAAGGGAACATCTACTGAGATGGGGCTTTTTTACACCAGACCAAAAACATCAGCAAGAACCTCCATTCCTTTGGATGGGGTATGAACTTCATCCAGATAAATGGACAGTGCAGTCTATACAACTGCCAGACAAGGACAGCTGGACTGTCAATGATATACAGAAGCTAGTAGGAAAACTCAATTGGGCAAGTCAGATTTATCCAGGGATTAAGGTAAGACAACTATGTAGACTCCTTAGGGGAGCCAAGGCACTAACAGACATAGTGACACTGACTGCAGAAGCAGAGTTAGAATTGGCAGAGAACAGGGAGATTCTAAAAGAACCAGTACATGGGGTATATTATGAC------------------------------------------------------------------------------------------------------------------------------------------------------------------------------------------------------------------------------------------------------------------------------------------------------------------------------------------------------------------------------------------------------------------------------------------------------------------------------------------------------------------------------------------------------------------------------------------------------------------------------------------------------------------------------------------------------------------------------------------------
113845|CY185|JF683739-IS,CCAATTAGTCCTATTGAAACTGTACCAGTAGCATTAAAGCCAGGAATGGATGGCCCAAAGGTTAAGCAATGGCCATTAACGGAAGAGAAAATAAAAGCATTAACAGAAATTTGTACAGAGATGGAAAAGGAAGGAAAAATTTCAAAAATTGGGCCTGAAAATCCGTACAATACTCCAGTATTTGCTATAAAGAAAAAGAACAGCACTAGATGGAGGAAATTAGTAGATTTCAGAGAACTCAATAAAAGAACTCAAGATTTCTGGGAAGTCCAATTAGGAATACCGCATCCTGCGGGCTTAAAAAAGAAAAAATCAGTAACAGTGCTAGATGTGGGGGATGCATACTTTTCAGTCCCTTTAGATGAAAATTTCAGGAAGTATACTGCATTCACTATACCTAGTATTAATAATGAGAGACCAGGGGTTAGGTATCAGTATAATGTGCTTCCACAGGGCTGGAAAGGATCACCTGCAATATTCCAGAGTAGCATGACAAAAATCTTAGAACCCTTTAGAACAAAAAATCCAGAAATAGTCATATGTCAATACGTAGATGACTTGTATGTAGGATCTGATTTAGAAATAGGGCAGCATAGAGCAAAAATAGAGGAGTTGAGAGCTCATCTATTGAGATGGGGATTTTATACACCAGACGAAAAGCATCAGAAGGAACCTCCATTTCTTTGGATGGGATATGAACTCCATCCTGACAAGTGGACAGTCCAGCCTATAGAGCTGCCAGACAAAGACAGCTGGACTGTCAATGACATACAGAAATTAGTGGGAAAACTAAATTGGGCAAGTCAGATTTATGCAGGAATAAAAGTAAAGCAACTGTGTAAACTCCTCAGGGGAGCCAAAGCACTAACAGAAATAGTAACACTGACTGAAGAAGCAGAATTAGAATTAGCAGAGAACAGAGAGATTCTAAAAGAACCTGTGCATGGAGTATATTATGACCCATCAAAAGACTTAGTAGCAGAGATACAGAAACAAGGGCAAGACCAATGGACATATCAAATATATCAAGAGCCATTTAAAATTCTAAAAACAGGAAAGTATGCAAAAAAGAGGTCTGCTCATACAAATGATGTAAAACAATTAACAGAAGTGGTGCAAAAAGTGACCACGGAAAGCATAGTAATATGGGGAAAGACTCCTAAATTTAAACTACCCATACAAAAAGAAACATGGAACACATGGTGGGTGGAGTATTGGCAGGCTACCTGGATTCCTGAATGGGAGTTTGTCAATACCCCTCCTCTAGTAAAATTATGGTACCAGTTAGAAAAAGACCCCATAGTAGGAGCAGAAACTTTCTACGTAGACGGGGCAGCTAATAGGGAAACTAAGCTAGGAAAATCAGGGTATGTCACTGACAAAGGAAGACAAAAGGTTGTATCCCTAACTGAGACAACAAATCAAAAGGCTGAGTTACATGCAATCTATCTAGCCCTGCAGGATTCAGGATTAGAAGTAAATATAGTAACAGACTCACAGTATGCCCTAGGAATCATTCAGGCGCAGCCAGACAGGAGTGAATCAGAGTTAGTCAATCAAATAATAGAAAAGTTAATAGAAAAAGAAAAAGTCTACCTATCATGGGTACCAGCACACAAAGGGATTGGAGGAAATGAACAAGTAGATAAATTAGTCAGTTCTGGAATCAGGAAAGTACTA
120095|CAN13-188|KF727761-IS,CCCATTAGTCCTATTGAAACTGTACCAGTAAAATTAAAGCCAGGAATGGATGGCCCAAGGGTTAAACAATGGCCATTGACAGAAGAAAAAATAAAAGCATTGATAGAAATTTGTACAGAAATGGAAAAGGAAGGAAAAATTTCAAAAATTGGGCCTGAAAATCCATATAACACTCCAGTATTTGCTATAAAGAAAAAGAACAGTACTAGATGGAGAAAATTAGTAGATTTCAGAGAACTTAATAAGAGAACTCAAGACTTCTGGGAGGTTCAATTAGGAATACCACATCCCGCAGGGTTAAAAAAGAACAAATCAGTAACAGTACTGGATGTGGGTGATGCATATTTTTCAGTTCCTTTAGACAAAGACTTCAGGAAGTATACTGCATTTACCATACCTAGCCTAAACAATGAGACACCAGGGATTAGATATCAGTACAATGTACTTCCACAGGGATGGAAAGGATCACCAGCAATATTCCAGGCTAGCATGACAAAAATCTTAGAGCCGTTCAGAAAAAACAATCCAGACATAGTTATCTATCAATATGTGGATGATTTGTATGTAGGCTCTGACTTAGAAATAGGACAGCATAGAACAAAAATAGAGGAACTGAGAAGACATCTACTCCAGTGGGGATTTTTCACACCAGACGAAAAACATCAGAAAGAACCCCCATTTCTTTGG---------------------------------------------------------------------------------------------------------------------------------------------------------------------------------------------------------------------------------------------------------------------------------------------------------------------------------------------------------------------------------------------------------------------------------------------------------------------------------------------------------------------------------------------------------------------------------------------------------------------------------------------------------------------------------------------------------------------------------------------------------------------------------------------------------------------------------------------------------------------------------------------------------------------------------------------------------------------------------------------------------------------------------
122619|C07-2069124|AB868115-IS,CCCATTAGTCCTATTGAAACTGTACCAGTAAAATTAAAGCCAGGTATGGATGGCCCAAAAGTTAAACAATGGCCATTGACAGAAGAAAAAATAAAAGCATTAGTAGAGATTTGTACTGAAATGGAAAAGGAAGGGAAAATTTCAAAAATTGGGCCTGAAAATCCATACAATACTCCAGTATTTGCCATAAAGAAAAAGAACAGTACTAGATGGAGAAAATTAGTAGATTTCAGAGAACTTAATAAAAGAACTCAAGACTTCTGGGAAGTTCAATTAGGAATACCACATCCTGCGGGGTTAAAAAAGAAAAAATCAGTAACAGTACTGGATGTGGGTGATGCATATTTTTCAGTTCCCTTATATGAAGACTTCAGGAAGTATACTGCATTTACCATACCTAGTCTAAACAATGAGACACCAGGAATTAGATATCAGTACAATGTACTACCACAGGGATGGAAAGGATCACCAGCAATATTCCAAAGTAGTATGACAAAAATCTTAGAGCCTTTTAGAAAACAAAATCCAGACCTAATTATCTATCAATACGTGGATGATTTGTATGTAGGATCTGACTTAGAGATAGGGCAGCATAGAACAAAAGTAGAGGAACTGAGACAACATCTGTTGAGGTGGGGATTTGTCACACCAGACCAAAAACATCAGAAAGAACCCCCATTCCTTTGGATGGGTTATGAACTACATCCTGATAAATGGACAGTACAGCCTATA------------------------------------------------------------------------------------------------------------------------------------------------------------------------------------------------------------------------------------------------------------------------------------------------------------------------------------------------------------------------------------------------------------------------------------------------------------------------------------------------------------------------------------------------------------------------------------------------------------------------------------------------------------------------------------------------------------------------------------------------------------------------------------------------------------------------------------------------------------------------------------------------------------------------------------------------------------------------------------
123745|F05-5112035|AB866587-IS,CCCATTAGTCCTATTGAAACTGTACCAGTAAAATTAAAGCCAGGAATGGATGGCCCAAGAGTTAAACAATGGCCATTGACAGAAGAAAAAATAAAAGCATTAGTAGAAATTTGTACAGAAATGGARAAGGAAGGGAAAATTTCAAAAATTGGGCCTGAAAATCCATACAATACTCCAGTATTTGCCATAAAGAAAAAGAATAGCAATAGATGGAGAAAARTAGTAGATTTCAGAGAACTTAATAAGAGAACTCAAGATTTCTGGGAAGTTCAATTAGGAATACCMCATCCTGGAGGGWTAAAAAAGAGAAAATCAGTAACAGTACTGGATGTGGGTGATGCATATTTTTCAATTCCCTTAGATRAAGAATTCAGGAAGTATACTGCATTTACCATACCTAGTATGAAYAATGAGACACCAGGGATTAGATATCAGTACAATGTGCTTCCACAGGGGTGGAAAGGATCACCAGCAATATTCCAAGATAGCATGACAAAAATCTTAGAGCCTTTTAGAAAACAAAATCCAGACATGGWYATCTATCAATAYGTGGATGATTTGTATGTAGCATCTGACTTAGAAATAGARCAGCATAGAACAAAAATAGAGGAACTGAGACAGCATCTGTTGAGGTGGGGATTATTCACACCAGACCAAAAACATCAGAAAGAACCTCCATTTCTTTGGATGGGTTATGAACTCCATCCTGATAAATGGACAGTACAGCCTATAGTGCTGCCAGAAAAGGACAGTTGGACTGTCAATGACATACAGAAATTAGTGGGAAAA---------------------------------------------------------------------------------------------------------------------------------------------------------------------------------------------------------------------------------------------------------------------------------------------------------------------------------------------------------------------------------------------------------------------------------------------------------------------------------------------------------------------------------------------------------------------------------------------------------------------------------------------------------------------------------------------------------------------------------------------------------------------------------------------------------------------------------------------------------------------------------------------------------------------------
147415|248|KM205832-IS,---------------------------------------------------------------------------------------------------------------TGTACAGAAATGGAAAAGGAAGGAAAAATTTCAAGAATTGGGCCTGAAAATCCATACAACACTCCAATATTTGCCATAAAGAAAAAGAACAGCAATAGATGGAGAAAATTAGTAGATTTCAGAGAGCTCAATAAAAGAACTCAAGACTTCTGGGAGGTCCAATTGGGAATACCTCATCCCTCGGGGCTACAAAGGARAAAATCAGTAACAGTGCTAGATGTAGGGGATGCATACTTTTCAGTRCCCTTAGATGAAAGCTTTAGAAAGTATACTGCATTTACTATACCTAGTACAAATAATGAGACACCAGGGATTAGATATCAGTACAATGTGCTCCCACAGGGATGGAAAGGATCACCAGCGATATTTCAAARTAGCATGACAARRATCTTAGAGCCTTTTAGAAAACAAAATCCAGAAATAGTTATCKKTCAATACGTGGATGACTTGTATGTAGGATCAGACTTAGAAATAAGGCAGCATAGAGCTAAAATAGAGGAACTGAGACAACATCTGTTGAAGTGGGGATTTWYCACACCAGACGAAAAACATCAGAAAGAACCCCCATTCCTTTGGATGGGTTATGAACTCCATCCTGATAAATGGACAGTACAGCCCATAGTGTTGCCA---------------------------------------------------------------------------------------------------------------------------------------------------------------------------------------------------------------------------------------------------------------------------------------------------------------------------------------------------------------------------------------------------------------------------------------------------------------------------------------------------------------------------------------------------------------------------------------------------------------------------------------------------------------------------------------------------------------------------------------------------------------------------------------------------------------------------------------------------------------------------------------------------------------------------------------------------------------------------
147482|238|KM205840-IS,---------------------------------------------------------------------------------------------------------------TGTACAGAAATGGAAAAGGAAGGRAAAATTTCAAAAATTGGGCCTGAAAATCCATACAATACTCCAATATTTGCYATAAAGAAGAAAAACAGTRATAGATGGAGAAAATTAGTAGATTTCAGAGAACTTAATAARAGAACTCAAGACTTCTGGGAAGTYCAATTAGGAATACCACAYCCTGCAGGTTTAAAAAAGAAAAAATCAGTAACAGTACTAGATGTGGGKGATGCATATTTCTCAGTTCCCTTAGATCCAGACTTCAGAAAGTATACTGCATTYACCATACCTAGTACAAACAATGAGACACCAGGGATTAGATATCAGTACAATGTGCTTCCACAGGGATGGAAGGGATCACCAGCAATATTCCAAAGTAGCATGACAAARATCTTAGAGCCTTTTAGAAARCAAAATCCAGAAATAGTYATCTATCAATACGTGGATGATYTGTATGTAGGRTCTGACTTAGAAATAGGGCAGCATAGAAYAAAAATAGAGGAACTGAGASAACATCTGTTGAGGTGGGGAYTTWYCACACCAGAACAAAAACATCAGAAAGAACCTCCATTYCTTTGGATGGGTTATGAACTCCATCCTGATAAATGGACAGTACAGCCTATAGTGCTGCCA---------------------------------------------------------------------------------------------------------------------------------------------------------------------------------------------------------------------------------------------------------------------------------------------------------------------------------------------------------------------------------------------------------------------------------------------------------------------------------------------------------------------------------------------------------------------------------------------------------------------------------------------------------------------------------------------------------------------------------------------------------------------------------------------------------------------------------------------------------------------------------------------------------------------------------------------------------------------------
150999|19507MR|KT339098-IS,CCCATTAGCCCTATTGAAACTGTACCAGTGAAGTTAAAGCCAGGGATGGATGGCCCAAAAGTTAAGCAATGGCCATTGACGGAAGAAAAAATAAAAGCATTAGTAGAAATTTGTACAGAAATGGAAAAGGAAGGGAAAATTTCAAAAATTGGGCCTGAAAATCCATATAATACTCCAATATTTGCTATAAGGAAGAAAAACAGTAATAGATGGAGAAAATTAGTAGATTTCAGAGAGCTCAATAAAAGAACTCAAGACTTCTGGGAGGTCCAATTAGGAATACCCCATCCCTCGGGGCTAAAAAAGAACAAATCAGTAACAGTGCTAGATGTAGGGGATGCATACTTTTCAGTGCCCTTAGATGAAAGCTTTAGAAAGTATACTGCATTTACCATACCTAGTACAAATAATGAGACACCAGGGGTTAGATATCAGTACAATGTGCTTCCACAGGGATGGAAAGGATCACCAGCGATATTCCAAAGTAGCATGACAAAAATCTTAGAGCCTTTTAGAAAACAAAATCCAGACATAATTATCTATCAATACGTGGATGATTTGTATGTAGGATCTGACTTAGAAATAGAGCAGCATAGAACAAAAATAGAGGAACTTAGACAACATCTGTTGAAGTGGGGATTTTTCACACCAGACGAAAAACATCAGAAAGAACCCCCATTCCTTTGGATGGGTTATGAACTCCATCCTGATAAATGGACAGTACAGTCTATAGAGCTGCCAGAAAAAGACAGCTGGACTGTCAATGACATA---------------------------------------------------------------------------------------------------------------------------------------------------------------------------------------------------------------------------------------------------------------------------------------------------------------------------------------------------------------------------------------------------------------------------------------------------------------------------------------------------------------------------------------------------------------------------------------------------------------------------------------------------------------------------------------------------------------------------------------------------------------------------------------------------------------------------------------------------------------------------------------------------------------------------------------------
164794|HN-97|KJ193600-IS,CCTATTAGTCCTATTGAAACTGTACCAGTAAAATTAAAGCCAGGAATGGATGGCCCAAAAGTTAAACAATGGCCATTGACAGAAGAAAAAATAAAAGCATTAGTAGAAATTTGTACAGAAATGGAAAAGGAAGGGAAAATTTCAAAAATTGGGCCTGAAAACCCATACAATACTCCAGTATTTGCCATAAAGAAAAAAAACAGTGCTAGATGGAGAAAATTAGTAGATTTCAGGGAACTTAATAAAAGAACTCAAGACTTCTGGGAAGTTCAATTAGGAATACCACATCCCGCAGGGTTAAAAAAGAACAAATCTGTAACAGTCCTGGATGTGGGTGATGCATATTTCTCAGTCCCTTTAGATAAAGACTTCAGGAAGTATACTGCATTTACCATACCTAGTGTAAACAATGAGACACCAGGGGTCAGATATCAATACAATGTGCTTCCACAGGGATGGAAGGGATCACCAGCAATATTCCAATGTAGCATGACAAAAATCTTAGAGCCTTTTAGAAAACAAAATCCAGACATAGTTATCTGTCAATACATGGATGATTTGTATGTAGGATCTGACTTAGAAATAGGACAGCATAGAGCAAAAATAGAGGAACTGAGACAGCATCTGTTGAAGTGGGGGTTTTACACACCAGACGAAAAACATCAGAAAGAACCTCCATTCCGTTGGATGGGTTATGAACTCCATCCTGATAAATGGACAGTACAGCCTATAGAGCTGCCAGAAAAGGATAGCTGGACTGTCAATGACATACAGAAGTTAGTGGGAAAGTTGAATTGGGCAAGTCAAATTTATGCAGGGATTAAGGTAAGGGAATTATGTAAACTCCTTAGGGGAACCAAAGCACTAACAGAAGTA------------------------------------------------------------------------------------------------------------------------------------------------------------------------------------------------------------------------------------------------------------------------------------------------------------------------------------------------------------------------------------------------------------------------------------------------------------------------------------------------------------------------------------------------------------------------------------------------------------------------------------------------------------------------------------------------------------------------------------------------------------------------------------------------------------------------------------
17478|98KR_RT03|AY242904-IS,---------------------------------------------------------------------------------------------------------------------GAAATGGAAAAGGAAGGAAAAATTTCAAAAATTGGGCCTGAAAATCCATATAATACTCCAGTATTTGCCATAAAGAAAAAGAACAGTACTAGATGGAGAAAATTAGTAGACTTCAGAGAACTTAATAAGAGAACTCAAGACTTCTGGGAAGTTCAATTAGGAATACCACATCCAGCAGGGTTAAAAAAGAAAAAATCAGTAACAGTACTGGATGTGGGTGATGCATATTTTTCAGTTCCCTTAGATGAAGACTTCAGGAAGTATACTGCATTTACCATACCTAGTATAAACAATGAGACACCAGGGATTAGATATCAGTACAATGTGCTTCCACAGGGGTGGAAAGGATCACCAGCGATATTCCAAAGTAGCATGACAAAAATCTTAGAGCCTTTTAGAAAACAAAATCCAGACGTAGTGATCTATCAATACATGGATGATTTGTATGTAGGATCTGACTTAGAAATAGGGCAGCATAGAATAAAAATAGAGGAACTGAGACAACATCTGTTGAAGTGGGGATTTTTCACACCAGACCAAAAA------------------------------------------------------------------------------------------------------------------------------------------------------------------------------------------------------------------------------------------------------------------------------------------------------------------------------------------------------------------------------------------------------------------------------------------------------------------------------------------------------------------------------------------------------------------------------------------------------------------------------------------------------------------------------------------------------------------------------------------------------------------------------------------------------------------------------------------------------------------------------------------------------------------------------------------------------------------------------------------------------------------------------------------------------------
21463|BrRJ004|AY444200-IS,CCCATTAGTCCTATTGAAACTGTACCAGTAAAATTAAAGCCAGGAATGGATGGCCCAAGAGTTAAACAATGGCCATTGACAGAAGAAAAAATAAAAGCATTAGTAGAAATTTGTACAGAAATGGAAAAGGAAGGAAAGATTTCAAAAATTGGGCCTGAAAATCCATACAATACTCCAGTATTTGCCATAAAGAAAAAGAACAGTAMTAGATGGAGAAAATTAGTAGATTTCAGAGAACTTAATAAGAGAACTCAAGACTTCTGGGAAGTTCAACTAGGAATACCACATCCCGCAGGGTTAAAAARGAAAAAATCAGTAACAGTACTGGATGTGGGTGATGCATATTTTTCAGTTCCCTTAGATRAAGACTTCAGGAAGTATACTGCATTTACTATACCTAGTACAAACAATGCGACACCAGGGATTAGGTATCAGTACAATGTGCTTCCACAGGGATGGAAGGGATCACCAGCAATATTCCAAAGTAGCATGACAAAAATCTTAGAGCCTTTTAGAAARCAAAATCCAGACATAGTTATCTATCAATACATGGATGACTTGTATGTAGGATCTGACTTAGAAATAGGGCAACATAGAGCAAAAATAGAGGAACTGAGACAGCATCTGTTGAAGTGGGGRTTTTTYACACCAGACCAAAAACATCAGAAAGAACCTCCATTYCTTTGGATGGGKTATGAACTCCATCCTGATAAATGGACAGTACAGCCTATAATGCTGCCAGAAAAAGAYAGCTGGACTGTCAATGACATACAGAAGTTAGTGGGAAAATTRAATTGGGCAAGTCAGATTTATGCAGGGATTAAAGTAAAGCARYTATGTAAACTCCTTAGGGGAACCAAATCACTAACAGAAGTAGTACCACTAACAAAAGAAGCAGAACTAGAACTGGCAGAAAACAGGGAGATTCTAAAAGAACCAGTACATGGAGTGTATTATGACCCATCAAAAGACTTAATAGCAGAAATACAGAAGCAGGGGCAAGGC---------------------------------------------------------------------------------------------------------------------------------------------------------------------------------------------------------------------------------------------------------------------------------------------------------------------------------------------------------------------------------------------------------------------------------------------------------------------------------------------------------------------------------------------------------------------------------------------------------------------------------------------------------------------------------------------------
23699|462|-IS,CCCATTAGTCCTATTGAAACTGTACCAGTAAAATTAAAGCCAGGAATGGATGGCCCAAAAGTTAAACAATGGCCTTTGACAGAAGAAAAAATAAAAGCATTAGTAGAGATTTGTGCAGAAATGGAAAAGGAAGGGAAAATTTCAAAAATTGGGCCTGAAAATCCATACAATACTCCARTATTTGCCATAAAGAAAAAGAACAGTACTAGATGGAGAAAATTAGTAGATTTCAGAGAACTTAATAARAGAACTCAAGATTTCTGGGAGGTTCAATTAGGAATACCACATCCTGCAGGGTTGAAAAAGAGAAAATCAGTAACAGTACTGGATGTGGGTGATGCATATTTTTCAGTTCCCTTAGATAAAGACTTCAGGAAATATACTGCATTTACCATACCTAGTATAAACAATGAGACACCAGGGATTAGATATCAGTATAATGTGCTGCCACAGGGATGGAAAGGATCACCAGCGATATTCCAAAGTAGCATGACAAGAATCTTAGAGCCTTTTAGAAAACAAAATCCAGAAATGGTTATCTATCAGTACATGGATGATTTGTATGTAGGATCTGACTTAGAAATAGGGCAGCATAGAACAAAAATAGAGGAGCTGAGAGAACATCTGTTAAAGTGGGGACTTTYCACACCAGATCAAAAACATCAGAAAGAACCTCCATTCCTTTGGATGGGTTATGAACTCCATCCTGATAAATGGACAGTTCAGCCTATAGAGCTGCCAGAAAAAGACAGCTGGACTGTCAATGACATACAGAAGTTAGTGGGAAAATTGAATTGGGCAAGCCAGATTTACGCAGGAATTAAAGTAAGGCAATTGTGTAAACTCCTTAGGGGAGCCAAAGCACTAACAGAAGTAATACCACTAACAGAGGAAGCAGAGCTAGAACTGGCAGAAAACAGGGAAATTCTAAAAGAACCAGTACATGGAGTGTATTATGAYCCCTCAAAAGACTTAATAGCAGAAATACAGAAGCAGGGGATAGGCCAATGGACATATCAAATYTATCAAGAGCCATTTAAGAATCTGAAAACAGGAAAATATGCAAGAATGAGGGGTGCCCACACTAATGATGTAAAACAATTAACAGAAGTAGTGCARAAAATAGCCACAGAAGGCATAGTAATATGGGGAAAGACTCCTAAATTTAGAYTACCCATACAAAARGAGACATGGGAAACATGGTGGACAGAGTATTGGCAAGCCACCTGGATTCCTGAGTGGGAGTTTGTCAATACYCCTCCCTTAGTGAAATTATGGTACCAGTTAGAGAAAGAACCCATAGAAGGAGCAGAAACTTTCTATGTAGATGGGGCAGCTAAYAGGGAGACTAAATTAGGAAAAGCAGGATATGTTACTAACAGAGGAAGACAAAAAGTTGTCCCCCTAACTGACACAACAAATCAGAAGACTGAGTTACAAGCAATTCATCTAGCTTTGCAGGATTCGGAATCAGAA------------------------------------------------------------------------------------------------------------------------------------------------------------------------------------------------------------
41220|03HN_CR034|EU312644-IS,CCCATTAGTCCTATTGAAACTGTACCAGTAAAACTAAAGCCAGGAATGGATGGCCCAARAGTTAAACAATGGCCATTGACAGAAGAAAAAATAAAAGCATTAGTAGAAATTTGTACAGAAATGGAAAAGGAAGGAAAAATTTCAAGAGTWGGGCCTGAAAATCCATACAATACTCCAGTATTTGCCATAAAGAAAAAGRACAGTACWAGGTGGAGGAAATTAGTAGATTTCAGAGAACTTAATAAAAGAACTCAAGACTTCTGGGAAGTTCAATTAGGAATACCACACCCCGCAGGGYTAGAAAAGAGCAAATCAGTAACAGTACTGGATGTRGGTGATGCATATTTCTCAGTGCCCTTAGATRAAGACTTCAGGAAGTATACTGCATTCACCATACCTAGTATTAACAATGAGACACCAGGGATTAGRTATCAGTACAATGTGCTTCCACAAGGATGGAAAGGATCACCAGCAATATTCCAAAGTAGCATGACAAGAATCTTAGAGCCTTTTAGAAAAGAAAATCCAGACATAGTTATCTATCAATACGTGGATGATTTGTATGTAGCATCTGACTTAGAAATAGGACAGCATAGAACAAAAATAGAGGAACTGAGAGAACATCTGTTAAGGTGGGGATTAATCACACCAGACGAAAAACATCAGAAAGAACCCCCATTTCTTTGGATGGGTTATGAACTCCATCCTGATAAATGGACAGTACAGCCTATAGTGCTGCCAGAAAAAGATAGCTGGACTGTCAATGACATACAGAAGTTAGTGGGAAAATTAAATTGGGCAAGTCAGATTTATTCAGGGATTCAAGTAAGACAACTATGTAAACTCCTTAGGGGAACTAAAGCACTAACAGAAGTAGTACCACTAACAGAAGAGGCAGAG------------------------------------------------------------------------------------------------------------------------------------------------------------------------------------------------------------------------------------------------------------------------------------------------------------------------------------------------------------------------------------------------------------------------------------------------------------------------------------------------------------------------------------------------------------------------------------------------------------------------------------------------------------------------------------------------------------------------------------------------------------------------------------------------------------
41307|03HN_CR025|EU312731-IS,CCCATTAGTCCTATTGAAACTGTACCAGTAAAACTAAAGCCAGGAATGGATGGCCCAAAAGTTAAACAATGGCCATTGACAGAAGAAAAAATAAAAGCATTAGTAGAAATTTGTACAGAAATGGAAAAGGAAGGAAAAATTTCAAGAGTAGGGCCTGAAAATCCATACAATACTCCAGTATTTGCCATAAAGAAAAAGAACAGTACAAGGTGGAGGAAATTAGTAGATTTCAGAGAACTTAATAAAAGAACTCAAGACTTCTCGGAAGTTCAATTAGGAATACCACACCCTGCAGGGTTAGAAAAGAGAAAATCAGTAACAGTACTAGATGTAGGTGATGCATATTTCTCAGTTCCCTTAGATAAAGACTTCAGGAAGTATACTGCATTCACCATACCTAGTATTAACAATGAGACACCAGGGATTAGATATCAGTACAATGTGCTTCCACAAGGATGGAAAGGATCACCAGCAATATTCCAAAGTAGCATGACAAGAATCTTAGAGCCTTTTAGAAAAGAAAATCCAGACATAGTTATCTATCAATACGTGGATGATTTGTATGTAGCATCTGACTTAGAAATAGGACAGCATAGAACAAAAATAGAGGAACTGAGAGAACATCTGTTAAGGTGGGGATTAWTCACACCAGACGAAAAACATCAGAAAGAACCCCCATTTCTTTGGATGGGTTATGAACTCCATCCTGATARATGGACAGTACAGCCTATAGTGCTGCCAGAAAAAGATAGCTGGACTGTCAATGACATACAGAAGTTAGTGGGAAAATTAAATTGGGCAAGTCAGATTTATTCAGGGATTCAAGTAAGACAAYTATGTAAACTCCTYAGGGGAACTAAAGCAYTAACAGAAGTAGTACCACTAACAGAAGARGCAGAGYTAGAACTGGCAGAAAACAGGGAAATTCTAAAGAACCCAGTACATGGGGTGTACTATGATCCATCAAAGGACTTAATAGCA---------------------------------------------------------------------------------------------------------------------------------------------------------------------------------------------------------------------------------------------------------------------------------------------------------------------------------------------------------------------------------------------------------------------------------------------------------------------------------------------------------------------------------------------------------------------------------------------------------------------------------------------------------------------------------------------------------------------------
41355|03HN_TX078|EU312779-IS,ACTATTAGTCCTATTGAAACTGTACCAGTAAAACTAAAGCCAGGAATGGATGGCCCAAAAGTTAAACAATGGCCATTGACAGAAGAAAAAATAAAAGCATTAGTAGAAATCTGTACAGAAATGGAGAARGAAGGAAAAATTTCAAAAATTGGGCCTGAAAACCCATATAATACTCCAGTATTTGCCATAAGGAAAAAAAACAGTACTAGATGGAGAAAATTAGTAGATTTCAGAGAACTTAATAAAAGAACTCAAGACTTCTGGGAAGTTCAATTAGGAMTACCACATCCTGSAGGGTTACAAAAGAGAAAATCAATAACAGTACTAGATGTGGGTGATGCATATTTCTCAGTTCCTTTAGATAAAGACTTCAGGAAGTATACTGCATTCACCATACCTAGTATAAACAATGAGACACCAGGGATTAGATATCAGTACAATGTGCTTCCACAAGGATGGAAAGGATCACCAGCAATATTCCAAAGTAGCATGACAAAAATCTTAGAGCCTTTCAGAAAACAGAATCCAGACATAGTTATCTATCAATACGTGGATGATTTGTTAGTAGGATCTGACTTAGAAATAGGACAGCATAGAAYAAAAATAGAGGAACTGAGACAACATCTGTTGAGGTGGGGATTATMCACACCAGACCAGAAACATCAGAAAGAACCTCCATTTCTTTGGATGGGTTATGAACTCCATCCCGATAAATGGACAGTACAGCCTATAGTGCTGCCAGAAAAAGATAGCTGGACTGTCAATGACATACAAAAGTTAGTGGGRAAATTAAATTGGGCAAGTCAGATTTATTCAGGAATTAAAGTAAGGCAATTATGTAAACTCCTTAGGGGAGCTAAAGCATTAACTGAAGTAGTACCACTAACAGCAGAAGCAGAGTTAGAACTAGCAGAAAACAGGGAGATTCTAAAGAACCCAGTACATGGGGTGTACTATGACCCC---------------------------------------------------------------------------------------------------------------------------------------------------------------------------------------------------------------------------------------------------------------------------------------------------------------------------------------------------------------------------------------------------------------------------------------------------------------------------------------------------------------------------------------------------------------------------------------------------------------------------------------------------------------------------------------------------------------------------------------------
41429|03HN_TX123|EU312853-IS,CCCATTAGTCCTATTGACACTGTACCAGTAAAACTAAAGCCAGGAATGGATGGTCCAAAAGTTAAACAATGGCCATTGACAGAAGAAAAAATAAAAGCATTAGTAGAAATTTGTACAGAAATGGAAAAGGAAGGAAAAATTTCAAAAATTGGGCCTGAAAATCCATACAATACTCCAGTATTTGCCATAAAGAAAAAGAACAGTACTAGATGGAGAAAATTAGTAGATTTCAGAGAACTTAATAAGAGAACTCAAGAATTCTGGGAAATTCAATTAGGAATACCACATCCCGCAGGATTAAAAAAGAAAAAATCAGTAACAGTACTGGATGTGGGTGATGCATATTTTTCAGTTCCCTTAGATAAAGACTTCAGAAAGTATACTGCATTCACCATACCTAGTATAAACAATGAGAAACCAGGGGTTAGATACCAGTACAATGTGCTGCCACAGGGATGGAAAGGATCACCAGCAATATTCCAATATAGCATGACAAAAATCTTAGAGCCCTTTAGAAAACAAAATCCAGAAATAGTTATCTATCAATACRTRGATGATTTGTATGTATGCTCTGACTTAGAAATAGGGCAACATAGARCAAAAATAGAGGAACTGAGACAACATTTGTTGAGGTGGGGATTTTTCACACCAGATCAAAAGCATCAGAAAGAACCTCCATTTCTTTGGATGGGTTATGAACTCCATCCTGATAAATGGACAGTGCAGCCTATACAGCTGCCAGAAAAAGACAGCTGGACTGTCAATGACATACAGAAGTTAGTGGGAAAATTAAATTGGGCAAGTCAGATTTATTCAGGGATTAAAGTAAGGCAATTATGTAAACTCCTTAGGGGGGCCAAAGCACTAACAGAAGTAGTACCACTAACAAAAGAGGCAGAGTTAGAACTGGCAGAAAACAGGGAGATTCTAAAAACACCAGTACATGGGGTRTACTATGACCCATCA------------------------------------------------------------------------------------------------------------------------------------------------------------------------------------------------------------------------------------------------------------------------------------------------------------------------------------------------------------------------------------------------------------------------------------------------------------------------------------------------------------------------------------------------------------------------------------------------------------------------------------------------------------------------------------------------------------------------------------------
41507|03HN_TX201|EU312931-IS,CCCATCAGTCCTATTGAAACTGTACCAGTAAAACTAAAGCCAGGAATGGATGGCCCAAAAGTTAAACAATGGCCATTGACAGAAGAAAAAATAAAAGCATTAGTAGAAATTTGTACAGAAATGGAAAAGGAGGGAAAAATTTCAAAAATTGGGCCTGAAAATCCCTACAATACTCCAGTATTTGCCATAAAGAAAAAGARCAGTAMTAGATGGAGAAAATTAGTAGATTTCAGAGAACTTAATAAGAGAACTCAAGAATTCTGTGAAGTTCAATTAGGAATACCACATCCCGCAGGGTTAAAAAAGARAAAATCAGTAACAGTACTGGATGTGGGTGATGCATATTTTTCAATTCCCTTAGATAARGACTTYAGGAAGTATACTGCATTYACCATACCTAGTATAAACAATGAGACACCAGGGATTAGATATCAGTACAATGTGCTTCCACAAGGATGGAAAGGATCACCAGCAATATTCCAAAGTAGCATGACAAAAATYTTAGAGCCTTTTAGAGAAAGGAATCCAGACATAGWTATCTGTCAATACATGGATGATTTGTATGTAGSATCTGACTTAGAAATAGGGCAGCATAGAACAAAAATAGAGGAACTGAGACAACATCTGTTGAGGTGGGGATTAATCACACCAGAYGAAAAACATCAGAAAGAACCTCCATTTCTTTGGATGGGGTATGAACTCCATCCCGATAAATGGACAGTACAGCCTATAATGCTGCCAGAAAAAGACAGCTGGACTGTCAATGACATACAGAAGTTAGTGGGAAAATTGAATTGGGCAAGTCAGATTTACTCAGGAATTAAAGTAAGGCAATTATGYAAACTCCTTAGGGGAACCAAAGCATTAACAGAAGTAGTACCACTAACAAGAGAAGCAGAATTAGAACTGGMAGAMAACAGAGAGATTCTAAAGAAACCAGTACATGGGGTGTACTAT---------------------------------------------------------------------------------------------------------------------------------------------------------------------------------------------------------------------------------------------------------------------------------------------------------------------------------------------------------------------------------------------------------------------------------------------------------------------------------------------------------------------------------------------------------------------------------------------------------------------------------------------------------------------------------------------------------------------------------------------------
41516|03HN_TX213|EU312940-IS,CCCATTAGTCCTATTGAAACTGTACCAGTAAAACTAAAGCCAGGAATGGATGGCCCAAAGGTTAAACAATGGCCATTGACAGAAGAAAAAATAAAAGCATTAGTAGAAATTTGTACAGAAATGGAAAAGGAAGGAAAGATTTCAAAGATTGGGCCTGAAAATCCATACAATACTCCAATATTTGCCATAAAGAAAAAAAATAGTACTAGATGGAGAAAAWTAGTAGATTTCAGAGAACTTAACAAGAGAACTCAAGACTTCTGGGAAGTTCAATTAGGAATACCMCMCCCTGCAGGGTTAAAAAAGAGAAAATCAGTAACAGTGCTAGATGTGGGTGATGCATATTTTTCAGTTCCCTTAGATAAAGACTTCAGGAAGTATACTGCATTTACCATACCTAGTATAAACAATGAGACACCAGGGGTTAGGTATCAGTACAATGTGCTTCCACAAGGATGGAAAGGATCACCAGCAATATTCCAAAGTAGCATGACAAGAATCTTAGAGCCTTTTAGAAAAGAAAATCCAGACATAGATATTTATCAATACATGGATGATTTGTATGTAGCATCTGACTTAGAAATAGGGCAACATAGAACAAAAATAGAGGAACTGAGACAACATCTGCTAAGGTGGGGGTTTTACACACCAGATGAAAAACATCAGAAGGAACCTCCATTTCTTTGGATGGGTTATGAACTCCATCCTRATAGCTGGACAGTACAGCCTATAGTGCTGCCAGAAAAGGACAGCTGGACTGTCAATGACATACAAAAGTTAGTGGGAAAATTAAATTGGGCAAGTCAGATTTATTCAGGGATTAAGGTAAGGCAATTATGTAAACTCCTYAGGGGAGCCAAAGCACTAACAGAGGTAGTACCACTAACAGAAGAAGCAGAGTTAGAACTGGCAGAAAAYAGGGAGATTCTAAAGAGACCAGTACATGGGGTGTACTAT---------------------------------------------------------------------------------------------------------------------------------------------------------------------------------------------------------------------------------------------------------------------------------------------------------------------------------------------------------------------------------------------------------------------------------------------------------------------------------------------------------------------------------------------------------------------------------------------------------------------------------------------------------------------------------------------------------------------------------------------------
44867|PRRT_1308|EF368618-IS,CCCATTAGTCCTATTGAAACTGTACCAGTAAAATTAAAGCCAGGAATGGATGGCCCAARAGTTAAACAATGGCCATTGACAGAAGAAAAAATAAAAGCATTAGTAGAAATTTGTACAGAAATGGAAAAGGAAGGGAAAATTTCAAAAATTGGGCCTGAAAATCCATACAATACTCCAATATTTGCCATAAAGAAGAAAAACAGTACTAGATGGAGAAAATTAGTAGATTTCAGAGAACTTAATAAGAGAACTCAAGACTTCTGGGAAGTTCAATTAGGAATACCACATCCCGCAGGGTTAGAAAAGAAAAARTCAGTAACAGTTCTGGATGTGGGTGATGCATATTTTTCAGTTCCCTTAGATGAASACTTTAGGAAGTATACTGCATTTACCATACCCAGTAGAAACAATGAGACACCAGGGATTAGATATCAGTACAATGTGCTKCCACARGGATGGAAAGGATCACCAGCAATATTCCAAAGTAGCATGACAAAAATCTTAGAGCCTTTTAGAAAACAAAATCCARACATAGTTATCTATCAATACGTGGATGATTTGTATGTAGGATCTGACTTAGAAATAGGGCAGCATAGAACAAAAGTAGAGGAACTGAGAGAACATCTGTTGAGGTGGGGATTTWMCACACCAGAMCAAAAACATCAGAAAGAACCYCCATTCCTKTGGATGGGKTATGAACTCCATCCTGATAAATGGACAGTACAGCCTATAGTGCTGCCAGAAAAAGACAGCTGGACTGTCAATGACATACAGAAGTTAGTGGGAAAATTGAAYTGGGCAAGTCAAATTTATGCAGGGATTAAAGTAAAGCAGTTATGTAAACTCCTCAGGGGAGCCAAAACACTAACAGAAGTAATACCATTAACAGAAGAAGCAGAGCTAGAACTGGCGGAAAACAGGGAAATTCTAAAAGAACCAGTACATGGAGCATATTATGACCCATCAAAAGACTTAATAGCAGAAATACAGAAGCAGGGGCAAGGCCAATGGACATATCAGATTTATCAGGAGCCATTTAAAAATCTGAAAACAGGAAAGTATGCAAAAATGAGGAGTGCTCACACTAATGATGTAAAACAATTAACAGAGACAGTGCAAAAAATAGCCATGGAAAGCATAGTAATATGGGGAAAGACTCCTAAATTTAGACTACCCATACAAAAAGAAACATGGGAAGCA------------------------------------------------------------------------------------------------------------------------------------------------------------------------------------------------------------------------------------------------------------------------------------------------------------------------------------------------------------------------------------------------------------------------------------------------------------------------------------------------
63599|GDLEVV-RT_173|GU291916-IS,---------------------------------------------------------------------------------------------------------------TGTACAGAAATGGAAAAGGAAGGGAAAATTTCAAAAATTGGGCCTGAAAATCCATATAATACTCCAGTATTTGCCATAAAGAAAAARAACAGTACTAGGTGGAGAAAATTAGTAGATTTCAGAGAACTTAATAAAAGAACTCAAGACTTCTGGGAGGTTCAACTAGGAATACCACATCCCGCAGGGTTAAAAAAGAAAAAGTCAGTAACAGTACTGGATGTGGGTGATGCATATTTTTCAGTTCCCTTAGACAAAGAGTTCAGGAAGTATACTGCATTTACCATACCTAGTCTAAACAATGAGACACCAGGGATTAGATATCAGTACAATGTGCTTCCACAGGGATGGAAAGGATCACCAGCAATATTCCAATGTAGCATGACAAAAATCCTAGAGCCTTTTAGAAAACAAAACCCAGAAGTAGTTATCTATCAATATATGGATGATTTGTATGTAGGATCTGACTTAGAAATAGGGCAACATAGAACAAAAATAGAGGAACTGAGAGAACATCTGTTGAGGTGGGGATTCTTCACACCAGACMAAAAACATCAGAAAGAACCTCCATTCCTTTGGATGGGTTATGAACTCCATCCTGATAAATGGACAGTGCAGCCTATAGTGCTGCCA---------------------------------------------------------------------------------------------------------------------------------------------------------------------------------------------------------------------------------------------------------------------------------------------------------------------------------------------------------------------------------------------------------------------------------------------------------------------------------------------------------------------------------------------------------------------------------------------------------------------------------------------------------------------------------------------------------------------------------------------------------------------------------------------------------------------------------------------------------------------------------------------------------------------------------------------------------------------------
65395|6443192415|GQ399898-IS,CCCATTAGTCCTATTGAAACTGTACCAGTAAAATTAAAGCCAGGAATGGATGGCCCAAAAGTTAAACAATGGCCATTGACAGAAGAAAAAATAAAAGCATTAACAGAAATMTGTACAGAAATGGAAAAGGAAGGAAAAATTTCAAAAATTGGGCCTGAAAATCCRTATAATACTCCAATATTTGCCATAAAGAARAARAACAGTGATAGATGGAGAAAATTAGTAGATTTCAGAGAACTTAATAAGAGAACTCAAGACTTCTGGGAAGTTCAATTAGGAATACCACATCCCGCAGGGTTAAAAAAGAAAAATTCAGTAACAGTACTRGATGTGGGTGATGCATATTTYTCAGTTCCCTTAGATAAAGAATTCAGGAAGTAYACTGCATTTACCATACCTAGTATAAATAATGAGACACCAGGGATTAGATATCAGTACAATGTGCTGCCACAGGGATGGAAAGGATCACCAGCAATATTTCAAAGCAGCATGACAAAAATCTTAGAGCCTTTTAGAAAACAAAATCCAGACATAGTTATCTATCARTACATGGATGACTTGTATGTAGGATCTGACTTAGAAATAGGGCAGCATAGAACAAAAGTAGAGGAACTRAGACAACATCTGTTGAAGTGGGGATTTTTCACACCAGACCAAAAACATCAGAAAGAACCTCCATTCCTTTGGATGGGTTATGAACTCCATCCTGATAAATGGACAGTACAGCCTATAGTGCTGCCAGAAAAAGACAGCTGGACTGTCAATGACATACAGAAGTTAGTGGGAAAATTGAATTGGGCAAGTCAGATTTACCCAGGGATTAAAGTAAARCAATTATGTAAACTYCTTAGGGGAGCYAAGGCACTAACAGAAGTAATACCACTAACAAAAGAAGCAGAGCTAGAACTGGCAGAAAACAGGGAAATTCTAAAAGAACCAGTACATGGRGTGTATTATGACCCATCAAAAGAYTTAATAGCAGAAATACAGAAGCAGGAGCAAGGC---------------------------------------------------------------------------------------------------------------------------------------------------------------------------------------------------------------------------------------------------------------------------------------------------------------------------------------------------------------------------------------------------------------------------------------------------------------------------------------------------------------------------------------------------------------------------------------------------------------------------------------------------------------------------------------------------
68637|US2006CR111|-IS,CCCATTAGTCCTATTGAAACTGTACCAGTAAARTTAAAGCCAGGAATGGATGGCCCAAAAGTAAAACAATGGCCWTTRACAGARGAAAAAATAAAAGCATTAGTAGAAATTTGTACAGAAATGGAAAAGGAAGGAAAAATTTCAAAAATTGGGCCTGAAAATCCATACAATACTCCAGTATTTGCCATACACAAAAARAACAGTAMTAGATGGAGAAAAWTAGTAGATTTCAGGGAACTTAATAAGAGAACTCAAGAYTTCTGGGAAGTTCAATTAGGRATACCACATCCCGCAGGATTAAAARRBAACARATCAGTAACARTACTGGATGTGGGTGATGCATATTTTTCAATTCCCTTAGATAAAGAATTCAGGAAGTATACTGCATTTACCATACCTAGTATAAACAATGAGACACCAGGGAYAAGATATCAGTACAATGTGCTGCCACAGGGATGGAAGGGATCACCAGCAATATTCCAAAGTAGCATGACAAAAATYTTAGAGCCTTTTAGAAAACAAAATCCAGACATAGTTATATATCAATACGTGGATGATTTGTATGTAGSATCTGACTTAGAAATAGGGCAGCATAGAACAAAAATAGAGGAACTGAGACAACATCTGTTRAGGTGGGGATTGYTCACACCAGACSAAAAACATCAGAARGAACCYCCATTCCTTTGGATGGGTTATGAACTCCAYCCCGATAMATGGACGGTACAGCCTATAGTGCTGCCAGAAAARGACAGCTGGACTGTCAATGACATACAGAAATTAGTGGGAAARYTAAATTGGGCAAGTCAGATTTACTCAGGCATTAARGTAAAGCAATTATGCAAACTGCTTAAGGGAGCCAAAGCACTAACAGAAGTAGTACAACTAACAAGAGAAGCAGAGATGGAACTGGCAGAA---------------------------------------------------------------------------------------------------------------------------------------------------------------------------------------------------------------------------------------------------------------------------------------------------------------------------------------------------------------------------------------------------------------------------------------------------------------------------------------------------------------------------------------------------------------------------------------------------------------------------------------------------------------------------------------------------------------------------------------------------------------------------------------------
79263|118RT|AY275799-IS,---------------------------------------------------------------------------------------------------------GAAATATGTGCAGAAATGGAAAAGGAAGGAAAAATTTCAAAAATTGGGCCTGAAAATCCATACAATACTCCAATATTTGCCATAAAGAAGAAAAACAGTACTAGATGGAGAAAGGTAGTAGATTTCAGAGAACTTAATAAAAGAACTCAAGATTTTTGGGAGATTCAATTAGGAATACCGCATCCTGCAGGGATAAAGAAAAATAAGTCAGTAACAGTACTGGACGTGGGGGATGCATATTTTTCAGTGCCCCTAGATGAAGATTTCAGGAAGTATACTGCATTCACCATACCTAGTCTTAACAATGAGACACCAGGAATTAGGTATCAGTACAATGTGCTGCCACAAGGATGGAAAGGATCACCAGCAATATTTCAGCATAGCATGACAAAAATCTTAGAACCCTTTAGAGCAAAAAATCCAAACATAGTCATCTACCAATACGTGGATGATTTGTATGTAGGGTCTGACTTAGAAATAGGGCAGCATAGAGCAAAAATAGAAGAGTTAAGAGAACATCTTCTGAGAAGGGGGTTTGCTACACCAGACCAGAAACATCAAAAGGAGCCCCCT------------------------------------------------------------------------------------------------------------------------------------------------------------------------------------------------------------------------------------------------------------------------------------------------------------------------------------------------------------------------------------------------------------------------------------------------------------------------------------------------------------------------------------------------------------------------------------------------------------------------------------------------------------------------------------------------------------------------------------------------------------------------------------------------------------------------------------------------------------------------------------------------------------------------------------------------------------------------------------------------------------------------------------------
8158|AP-2|AF315741-IS,---------------------------------------------------------------------------------------------------------------------------GAAAAGGAAGGAAAAATTTCAAAAATTGGGCCTGAAAATCCATACAATACTCCAGTATTTGCCATAAAGAAAAAAAACAGTAGTAGATGGAGAAAATTAGTAGATTTCAGAGAACTTAGTAAGAGAACTCAAGACTTCTGGGAAGTTCAATTAGGAATACCACATCCTGCAGGGTTAAAAAAGAAAAAATCAGTAACAGTACTGGATGTGGGTGATGCATATTTTTCAGTTCCTTTAGATGAAGACTTCAGGAAGTATACTGCATTTACCATACCTAGTATAAACAATGAGATGCCAGGGATTAGATATCAGTACAATGTGCTTCCACAGGGATGGAAAGGATCACCTTCAATATTCCAWAGTAGCATGACAAAAATCTTAGAGCCTTTTAGAAAACAAAATCCAGACATAGTTATCTATCAGTACATGGATGACTTGTATGTAGGATCTGATTTAGAAATAGGGCAGCATAGAACAAAAATAGAGGAACTGAGACAACATCTGTTAAGGTGGGGACTTATCACACCAGACCAAAAACATCAGAARGAGCCTCCATTCCTTTGGATGGGTTATGAACTCCATCCTGACAAATGGACAGTACAGCCTATA------------------------------------------------------------------------------------------------------------------------------------------------------------------------------------------------------------------------------------------------------------------------------------------------------------------------------------------------------------------------------------------------------------------------------------------------------------------------------------------------------------------------------------------------------------------------------------------------------------------------------------------------------------------------------------------------------------------------------------------------------------------------------------------------------------------------------------------------------------------------------------------------------------------------------------------------------------------------------------
85286|GT0044838_1|JN381617-IS,CCCATTAGTCCTATTGAAACTGTACCTGTAAAATTAAAGCCAGGAATGGATGGCCCAAGGGTTAAACAATGGCCATTGACAGAAGAGAAAATAAAAGCATTAACAGCAATTTGTGARGAAATGGAGAAGGAAGGAAAAATTACAAAAATTGGGCCTGACAATCCATATAACACTCCAATATTTGCCATAAAAAAGAAGAATAGTACTAGGTGGAGAAAATTAGTAGATTTTAGAGAACTCAATAAAAGAACYCAAGACTTTTGGGAGGTTCAATTAGGAATACCACACCCAGCAGGGTTAAAAAAGAAAAAATCAATGACAATACTGGATGTGGGGGATGCATATTTTTCAGTTCCTTTAGATGAAGGCTTCAGGAAATATACTGCATTCACCATACCTAGTATAAACAATGAAACACCAGGGATTAGATATCAATATAATGTGCTTCCACAGGGATGGAAGGGGTCACCGTCAATATTCCAGAGTAGCATGACAAAGATCTTAGAGCCCTTTAGAGCACAAAATCCAGAAATAGTCATCTATCAATATGTGGATGACCTGTATGTAGGATCTGATTTAGAAATAGGGCAACATAGAGCAAAAATAGAGGAGCTAAGAGAACATCTATTAAAGTGGGGATTTTTCACACCAGATGAGAAACATCAGACAGAACCCCCACTTCGCTGGATGGGGTATGAACTCCATCCTGACAAATGGACAGTACAGCCTATACAACTGCCAGAAAAAGATAGCTGGACTGTCAATGATATACAGAAGTTAGTGGGAAAATTAAACTGGGCAAGTCAAATTTACCCAGGGATTAAAGTAAGGCAACTGTGTAAACTTCTCAGGGGAGCCAAAGCACTAACAGACATAGTACCACTAACTGAAGAAGCAGAATTAGAATTAGCTGAA---------------------------------------------------------------------------------------------------------------------------------------------------------------------------------------------------------------------------------------------------------------------------------------------------------------------------------------------------------------------------------------------------------------------------------------------------------------------------------------------------------------------------------------------------------------------------------------------------------------------------------------------------------------------------------------------------------------------------------------------------------------------------------------------
87140|3763|JQ617239-IS,CCAATTAGTCCTATTGACACTGTACCAGTAAMATTAAAGCCAGGAATGGATGGACCAAAGGTTAAACAATGGCCATTGACARAAGAAAAAATAAAAGCATTAACAGAAATTTGTGAAGAAATGGAAAAGGARGGAAAAATYTCAAAAATTGGGCCTGAAAATCCATACAAYACTCCAGTATTTGCTATAAAGAAAAAGAACAGCAMCAGATGGAGGAAATTAGTAGATTTCAGAGAGCTCAATAAAAGAACTCAGGATTTTTGGGAAGTTCAATTAGGAATACCRCATCCAGCAGGTTTAGAAAAGAAAAAATCAATAACAGTACTAGATGTGGGAGATGCCTATTTTTCAGTTCCTTTAGATGAAAGCTTTAGAAAGTATACTGCATTCACCATACCTAGTATAAACAATSAGACACCAGGAATCAGATATCAGTACAATGTGCTGCCACAGGGATGGAAAGGATCACCAGCAATATTCCAGTGTAGCATGACAAAAATCTTAGAGCCCTTTAGAATAAAAAATCCAGAAATRGTTATCTATCAATACGTGGATGACTTGTATGTAWGCTCTGATTTAGAAATAGGGCAGCACAGARCAAAAATAGAGGAGCTRAGAGCTCATCTATTGAGCTGGGGGTTTTTTACACCARAYSAAAAGCATCAGAAGGAACCTCCATTCCTYTGGATGGGATATGAACTCCATCCTGACAGATGGACAGTCCAGCCTATAGAACTGCCA---------------------------------------------------------------------------------------------------------------------------------------------------------------------------------------------------------------------------------------------------------------------------------------------------------------------------------------------------------------------------------------------------------------------------------------------------------------------------------------------------------------------------------------------------------------------------------------------------------------------------------------------------------------------------------------------------------------------------------------------------------------------------------------------------------------------------------------------------------------------------------------------------------------------------------------------------------------------------
89203|CP076301013|HQ994567-IS,CCAATTAGYCCCATTRARACTGTACCAGTAAAATTAAARCCAGGAATGGATGGCCCAAAGGTTAAACAATGGCCATTGACAGAAGAAAAAATAAAAGCATTAACAGCAATTTGTGAGGAAATGGAGAAGGAGGGAAAAATTACAAAAATTGGGCCTGARAAYCCMTATAACACTCCAGTATTTGCCATAAAAAAGAAGAACAGTACAAGGTGGAGAAAATTAGTAGATTTCAGGGAACTCAATAAGAGAACTCAAGACTTTTGGGAAGTTCAATTAGGAATACCACACCCAGCAGGATTAAAAAACAACAAATCAGTGACAGTACTGGATGTGGGGGATGCATATTTTTCAGTTCCTTTAGATGAAAGYTTCAGGAAATATACTGCATTCACCATACCTAGCATAAATAATGAAACACCAGGAATTAGATATCAGTATAATGTTCTTCCACAGGGATGGAAAGGATCACCAGCAATATTCCAGAGTAGCATGACAAAAATTTTRGAGCCCTTTAGGACAAACAACCCAGAGATAGTTATCTATCAATATGTGGATGACTTGTATGTAGCATCTGATTTAGAAATAGGGCAACATAGAGCAAAAGTAGAAGAATTAAGAGAACACCTGTTGAAATGGGGATTTTTTACACCAGACGAGAAACATCAAAAGGAACCCCCATTTCTTTGGATGGGGTATGAACTCCATCCTGACAAATGGACAGTACAGCCTATACAGCTGCCAGAAAAGGATAGCTGGACTGTCAATGATATACAGAAGTTAGTGGGAAAATTAAATTGGGCAAGCCAGATTTATCCAGGGATTAAGGTAAAGCACCTGTGTAGACTCCTTAGGGGAGCCAAGGCACTAACAGACATAGTAACACTGACTGGAGAAGCAGAATTAGAATTGGCTGAAAACAGGGAAATTCTAAAGGAACCAGTACATGGGGTATACTATGACCCATCAAAAGATTTAGTAGCCGAAGTCCAG------------------------------------------------------------------------------------------------------------------------------------------------------------------------------------------------------------------------------------------------------------------------------------------------------------------------------------------------------------------------------------------------------------------------------------------------------------------------------------------------------------------------------------------------------------------------------------------------------------------------------------------------------------------------------------------------------------------
89877|CP076303061|HQ995241-IS,CCAGTTAGTCCTATTGAGACTGTACCAGTAAAATTAAAGCCAGGAATGGATGGCCCAAGRATTAAACAATGGCCATTGACAGAAGAAAAAATAAAAGCATTAACAGAAATTTGTAAAGAAATGGAAAAGGAAGGACAAATTTCAAAAGTTGGGCCTGACAATCCATATAATACTCCAGTATTTGCTATAAAGAAGAAAAAYAGCAATAGATGGAGAAAATTAGTAGATTTTAGAGAGCTCAATAAAAGAACCCAGGATTTTTGGGAAGTTCAATTAGGAATACCGCATCCTGGAGGTTTAAAAAAGAAAAAATCAGTAACAGTACTRGATGTGGGGGACGCATATTTTTCAGTTCCTTTAGATAAGGACTTTAGAAAGTATACTGCGTTCACCATACCTAGTATAAACAATGAGACACCAGGAATCAGGTATCAGTACAATGTGCTTCCACAGGGATGGAAAGGATCACCAGCAATATTCCAGAGTAGCATGACAAAAATCTTAGAGCCCTTTAGAGCACAAAATCCAGAAATAATTATCTATCAATACGTGGATGACTTGTATGTAGCATCTGATTTAGAAATAGGGCAACATAGAAAAAAGATAGAGGAGCTAAGAGCTCATCTATTRAAGTGGGGACTTTTTACCCCAGACCAAAAGCATCAGAAAGAACCTCCATTTCATTGGATGGGATATGAACTCCATCCTGACAAGTGGACAGTACAGCCCATACAGCTGCCAGACAAAGATAGCTGGACTGTCAATGATATACAGAAATTAGTGGGAAAACTAAATTGGGCAAGTCAAATTTATGCAGGGATTAAAGTAAAGCAACTGTGTAAACTCCTCAGAGGAGCTAAAGCACTAACAGATGTAGTAACACTGACTGAGGAAGCAGAATTAGAATTGGCAGAGAACAGG---------------------------------------------------------------------------------------------------------------------------------------------------------------------------------------------------------------------------------------------------------------------------------------------------------------------------------------------------------------------------------------------------------------------------------------------------------------------------------------------------------------------------------------------------------------------------------------------------------------------------------------------------------------------------------------------------------------------------------------------------------------------------------------
91074|BAA139816|-IS,CCCATTAGTCCTATTGAAACTGTACCAGTAAAATTAAAGCCAGGAATGGATGGCCCAAAAGTTAAACAATGGCCATTAACAGAAGAAAAAATAAAAGCATTAGTAGAAATTTGTACAGAAATGGAAAAGGAAGGGAAAATTTCAAAAATTGGGCCTGAAAATCCATATAATACTCCAGTATTTGCCATAAAGAAGAAAAACAGTACTARATGGAGAAAATTAGTAGATTTCAGAGAACTTAATAAGAGAACTCAAGACTTCTGGGAAGTTCAATTAGGAATACCACATCCTGCAGGGTTAAAAAAGAAGAAATCAGTAACAGTACTGGATGTGGGTGATGCATATTTTTCAGTTCCCTTAGATAAAGACTTCAGGAAGTATACTGCATTTACCATACCTAGTATAAACAATGAGACACCAGGAATTAGATATCAGTACAATGTGCTTCCACAGGGATGGAAAGGATCACCAGCAATATTCCAAGCCAGCATGACAAAAATCTTAGAGCCTTTTAGAAAACAAAACCCAGACATAGTTATCTATCAATATATGGATGATTTGTATGTAGGATCTGACTTAGAAATAGGACAGCATAAAATAAAAATAGACGAACTGAGACAACATCTGTTGAAGTGGGGATTTTCCACACCAGACCAAAAACATCAGAAAGAACCTCCATTCCTTTGGATGGGTTATGAACTCCATCCTGATAAATGGACAGTACAGCCTATAGTGTTGCCAGAAAAGGACAGCTGGACTGTCAATGACATACAGAAGTTAGTGGGAAAATTGAATTGGGCAAGTCAGATTTATGCAGGAATTAAAGTAAGGCAATTATGTAGACTCCTTAGGGGAACCAAAGCATTAACAGAAGTAATACCACTAACAGAAGAAGCAGAGCTAGAACTGGCAGAAAACAGGGAAATTCTAAAACAACCAGTACATGGAGTGTATTATGACCCATCAAAAGACTTAATRGCAGAAATACAAAAGCAGGGGGAAGGCCAATGGACATATCAAATTTATCAAGAGCCATTTAAAAATCTGAAAACAGGAAAATATGCAAAAAKGAGGGGTGCCCACACGAATGATGTAAAACAATTAACAGAGRYAGTGCAAAAAATAGCTATAGAAAGCATAGTAATATGGGGAAAGACTCCTAAATTTAGACTACCCATACAAAAAGAAACATGGGAM---------------------------------------------------------------------------------------------------------------------------------------------------------------------------------------------------------------------------------------------------------------------------------------------------------------------------------------------------------------------------------------------------------------------------------------------------------------------------------------------------
94441|940210DRM|JQ292375-IS,------------------------------------------------------------------------------------------------------------ATTTGTGCAGATATGGAAAAGGAAGGAAAAATTTCAAAAATTGGGCCTGAAAATCCATACAATACTCCAGTCTTTGCCATAAAGAAGAAGAATGGTACTAGATGGAGAAAATTAGTGGATTTCAGGGAACTCAATAAGAGAACTCAAGACTTCTGGGAGGTCCAATTAGGAATACCTCATCCCGGGGGGTTGAAAAAGAAAAAATCAGTAACAGTACTAGATGTGGGGGATGCATATTTTTCAGTTCCCTTAGATAAAGACTTTAGAAAGTATACTGCATTCACTATACCTAGTATAAATAATGAGACACCAGGGATTAGATATCAGTACAATGTACTTCCACAGGGATGGAAAGGATCACCAGCAATATTTCAGGCAAGTATGACAAAGATCTTAGAGCCCTTTAGAGCACAAAATCCAGAGATAGTAATCTATCAGTATATGGATGATCTATACATAGGATCTGACTTAGAAATAGGGCAGCATAGAGCAAAAATAGAGGAATTGAGAGAACACCTATTGAAATGGGGATTTATCACACCAGACGAAAAACATCAGAAAGAACCTCCATTTCTTTGGATGGGATATGAACTCCATCCTGACAAATGGACAGTCCAGACTATA------------------------------------------------------------------------------------------------------------------------------------------------------------------------------------------------------------------------------------------------------------------------------------------------------------------------------------------------------------------------------------------------------------------------------------------------------------------------------------------------------------------------------------------------------------------------------------------------------------------------------------------------------------------------------------------------------------------------------------------------------------------------------------------------------------------------------------------------------------------------------------------------------------------------------------------------------------------------------------
94607|751002CXK|JQ292541-IS,---------------------------------------------ATGGATGGCCCAAAAGTTAAACAATGGCCATTGACAGAAGAAAAAATACAAGCATTAGTAGAAATTTGTACAGAAATGGAAAAGGAAGGAAAAATTTCAAAAATTGGGCCTGAGAATCCATACAACACTCCAGTATTTGCCATAAAGAAGAAAAACAGTAATAGATGGAGAAAATTAGTAGATTTCAGAGAACTTAATAAGAGAACTCAAGACTTCTGGGAAGTTCAATTAGGAATACCACATCCTGCAGGGTTAAAAAAGAACAAATCAGTAACAATACTGGATGTGGGTGATGCATACTATTCAATTCCCTTAGATGAAGACTTCAGGAAGTATACTGCATTTACCATACCTAGTACAAACAATGAGACACCAGGGATCAGATATCAGTACAATGTGCTTCCAATGGGATGGAAAGGATCACCAGCAATATTCCAAAGTAGCATGACAAAAATCTTAGAGCCTTTCAGAAAACAAAATCCAGACATAGTTATCTATCAATACGTGGATGATTTGTATGTAGGATCTGACTTAGAAATAGAGCAGCATAGAACAAAAATAGAAGAACTGAGACAACATCTGTTGAGGTGGGGACTTGTCACACCAGACCAAAAACATCAAAAGGAACCTCCCTTCCTTTGGATGGGTTATGAACTCCATCCTGATAAATGG---------------------------------------------------------------------------------------------------------------------------------------------------------------------------------------------------------------------------------------------------------------------------------------------------------------------------------------------------------------------------------------------------------------------------------------------------------------------------------------------------------------------------------------------------------------------------------------------------------------------------------------------------------------------------------------------------------------------------------------------------------------------------------------------------------------------------------------------------------------------------------------------------------------------------------------------------------------------------------------------------
94777|750905MDB|JQ292711-IS,---------------------------------------------------------------------------------------------------------------------GAAATGGAAAAGGAAGGGAAAATTTCAAAAATTGGGCCTGAAAATCCATACAATACTCCAGTGTTTGCCATAAAGAAAAAGAACAGTGATAGATGGAGAAAATTAGTAGATTTCAGAGAACTTAATAAAAGAACTCAAGACTTCTGGGAAGTTCAATTAGGAATACCACATCCCGCAGGGTTAAAAAAGAAAAAATCAGTAACAGTACTGGATGTAGGTGATGCATATTTCTCAATTCCCTTAGATGAAAACTTCAGGAAGTATACTGCATTTACCATACCTAGTACAAACAATGAGACACCAGGGATTAGATATCAATACAATGTACTTCCACAGGGATGGAAAGGATCACCAGCAATATTCCAAAGTAGCATGACAAAAATCTTAGAGCCTTTTAGAAAACAAAATCCAGATATAGTTATCTGTCAATACATGGATGATTTGTATGTAGGATCTGATTTAGAAATAGGGCAGCATAGAACAAAAATAGAGGAACTGAGACAACATCTGTTGAAGTGGGGATTATTCACACCAGACCAAAAGCATCAGAAAGAACCTCCATTCCATTGGATGGGTTATGAACTCCATCCT------------------------------------------------------------------------------------------------------------------------------------------------------------------------------------------------------------------------------------------------------------------------------------------------------------------------------------------------------------------------------------------------------------------------------------------------------------------------------------------------------------------------------------------------------------------------------------------------------------------------------------------------------------------------------------------------------------------------------------------------------------------------------------------------------------------------------------------------------------------------------------------------------------------------------------------------------------------------------------------------------------
