101018|E15EM95IWL|KC168663-IR,CCCATTAGTCCTATTGAAACTGTACCAGTAAAATTAAAGCCAGGAATGGATGGCCCAAAAGTTAAACAATGGCCATTGACAGAAGAAAAAATAAAAGCATTAGTAGAAATTTGTGCAGAATTGGAAAAGGAYGGGAAAATTTCAAAAATTGGGCCTGAAAATCCATACAATACTCCAATATTTGCCATAAAGAAAAAAGACAGTACTAAATGGAGAAAATTAGTAGACTTCAGAGAACTTAATAAGARAACGCAAGACTTYTGGGAAATTCAATTAGGGATACCACATCCCGCAGGGTTAAAAAAGAACAAATCAGTAACAGTACTAGATGTGGGTGATGCATATTTCTCARTTCCCTTAGATGAAGACTTCAGGAAGTATACTGCATTTACCATACCTAGTATAAACAATGCGACACCAGGGRTTAGATATCAGTACAATGTACTTCCACAGGGGTGGAAAGGATCACCAGCAATATTYCAAAGTAGCATGACAAAGATCTTAGAGCCTTTTAGAAAACGAAATCCAGAACTAGTTATCTATCAATACATGGATGATTTGTATGTAGGATCTGATTTAGAAATAGGGCAGCATAGAACAAAAATAGAGGAACTGAGAGACCATCTGTGGAAGTGGGGATTTTACACACCAGAAAGAAAACATCAGAAAGAACCTCCATTYCGTTGGCTGGGTTATGAACTCCATCCTGATAAATGGACAGTACWGCCTATAGTGCTACCAGAAAAAGACAGCTGGACTGTCAATGACATACAGAAGTTAGTAGGAAAATTGAATTGGGCAAGTCAGATTTACCCAGGGATTAAAGTAAAGCAATTATGTAAGCTCCTTAGGGGAVCCAAAKCACTAACAGAAGTARTACCACTGACAAAAGAGGCAGAGCTAGAACTGGCAGAAAACAGGGAGCTTYTAAAAGAACCAGTACATGGAGTGTATTATGACCCATCAAAAGATTTAATAGCAGAAATACAGAAAAAGGGG---------------------------------------------------------------------------------------------------------------------------------------------------------------------------------------------------------------------------------------------------------------------------------------------------------------------------------------------------------------------------------------------------------------------------------------------------------------------------------------------------------------------------------------------------------------------------------------------------------------------------------------------------------------------------------------------------------
101096|E4G0MM4GTK|KC168734-IR,CCCATTAGTCCTATTGAAACTGTACCAGTGAAATTAAAGCCAGGAATGGATGGCCCAAAAGTTAAACAATGGCCATTGACAGAAGAAAAAATAAAAGCATTAGTAGAAATTTGTGCAGAAATGGAAAAGGAAGGGAAAATTTCAAAAATTGGGCCTGAAAATCCATACAATACTCCAGTATTTGCCATAAAGAAAAAGAAYGGTACTAAATGGAGAAAATTAGTAGACTTCAGAGAGCTTAATAAGAGAACACAAGACTTCTGGGAAGTTCAATTAGGAATACCACATCCCTCAGGGTTAAAAAAGAAAAAGTCAGTAACAGTGCTAGATGTGGGTGATGCATATTTTTCAGTTCCCTTAGATGAAGACTTTAGAAAATATACTGCATTTACCATACCTAGTATAAACAATGAGACACCAGGGGTTAGATACCAGTACAATGTACTTCCACAGGGATGGAAAGGATCACCAGCAATATTTCAAAGTAGCATGACAAAAATCTTAGAGCCTTTTAGAAAACAGAATCCAGACATAGTTATCTATCAATACATGGATGATTTGTATGTAGGATCTGACTTAGAAATAGGGSAGCACAGGACAAAARTAGAGGAACTAAGACAGCATCTGTGGAAATGGGGATTTAACACACCAGACGAAAAACATCAGAAGGAACCTCCATTCCTTTGGATGGGTTATGAACTCCATCCTGATAAATGGACAGTACAACCTATAGTGCTGCCAGAAAAGGACAGCTGGACTGTCAATGACATACAAAAGTTAGTGGGGAAATTAAATTGGGCAAGTCAGATTTATGCAGGGATTAAAGTAAAGCAATTATGTAAACTCCTTAGGGGAACCAAAGCACTAACAGAAGTAATACCACTAACAACAGAAGCAGAGCTAGAACTGGCAGAAAACAGGGAAATTCTAAGAGAAMMAGTACATGGAGTGTATTATGACCCATCAAGAGAATTAATAGCAGAAATACAGAAGCAGGGACAAGGC---------------------------------------------------------------------------------------------------------------------------------------------------------------------------------------------------------------------------------------------------------------------------------------------------------------------------------------------------------------------------------------------------------------------------------------------------------------------------------------------------------------------------------------------------------------------------------------------------------------------------------------------------------------------------------------------------
102167|122odyssee|HQ717956-IR,---------------------------------------------ATGGATGGCCCGAAAGTTAAACAATGGCCATTRACAGAAGAAAAAATAAAAGCATTARTAGAAATTTGTACAGTATTGGAARAGGAAGGAAAAATTTCAAAAATTGGGCCTGAAAATCCATACAATACTCCAGTATTTGCCATAAAGAAAAAGAACAGTAATAAATGGAGAAAAWTAGTAGACTTCAGAGAACTTAATAAGAGAACTCAAGATTTTTGGGAAGTTCAATTAGGAATACCACATCCCGCGGGGTTAAAAAAGAAAAAATCAGTAACAGTACTGGATGTGGGTGATGCATATTTCTCAGTTCCTTTAGATGAAAATTTCAGGAAGTATACTGCATTTACCATACCTAGTAYAAACAATGAGACCCCAGGGGTTAGATATCAGTATAATGTGCTCCCACAGGGATGGAAAGGATCACCAGCAATATTCCAAAAYASCATRACAAAAATCTTAGAGCCTTTTAGAAAACAAAATCCAGACATGATTATCTATCAATACATGGATGACTTGTATGCAGCATCTGACTTAGAAATAGGRCAACATAGARCAAAARTAGAGGAACTGAGACAACATCTGTTGAGATGGGGGTTTTGCACACCAGACGAAAAGCATCAGAAAGAACCTCCATTCCTTTGGATGGGTTATGAACTCCATCCTGATAAATGGACAGTGCAGCCTATARAGCTGCCAGAAAAAGAC------------------------------------------------------------------------------------------------------------------------------------------------------------------------------------------------------------------------------------------------------------------------------------------------------------------------------------------------------------------------------------------------------------------------------------------------------------------------------------------------------------------------------------------------------------------------------------------------------------------------------------------------------------------------------------------------------------------------------------------------------------------------------------------------------------------------------------------------------------------------------------------------------------------------------------------------------------------
102894|12083|KC412795-IR,CCCATTAGTCCTATTGAAACTGTACCAGTAAAATTAAAGCCAGGAATGGATGGCCCAAAAGTTAAACAATGGCCATTGACAGAGGAAAAAATAAAAGCATTAGTAGAAATTTGTGCAGAATTGGAAGAGGAAGGAAAAATTTCAAAAATTGGGCCTGAAAATCCATACAATACTCCAGTATTTGCCATAAAGAAGAAAAACAGTACTAAATGGAGAAAGTTAGTAGATTTCAGAGAACTTAACAAGAGAACTCAAGATTTCTGGGAAGTTCAATTAGGAATACCACATCCCGCGGGGCTGAAAAAGAAAAAATCAGTAACAGTACTAGATGTGGGTGATGCATATTTTTCAATTCCCTTAGATGAAGACTTCAGGAAGTATACTGCATTCACCATACCTAGTATAAACAATGAGACACCAGGGATTAGATATCAGTAYAATGTGCTTCCACAGGGRTGGAARGGRTCACCAGCAATATTCCAAAGTAGCATGACAAAAATTTTAGAGCCTTTTAGAAAACAAAATCCAGACATAGTTATCTATCAATACATGGATGACTTGTATGTAGGATCTGACTTAGAAATAGGGCAGCATAGAGCAAAAATAGAGGAACTAAGACAACATCTGTGGAGGTGGGGATTTTACACACCAGACAAAAAACATCAGAAAGAACCTCCATTTCTTTGGATGGGTTATGAACTCCATCCCGATAAATGGACAGTACAGCCTATAMWGCTGCCAGAAAAAGAYAGCTGGACT---------------------------------------------------------------------------------------------------------------------------------------------------------------------------------------------------------------------------------------------------------------------------------------------------------------------------------------------------------------------------------------------------------------------------------------------------------------------------------------------------------------------------------------------------------------------------------------------------------------------------------------------------------------------------------------------------------------------------------------------------------------------------------------------------------------------------------------------------------------------------------------------------------------------------------------------------------
105553|2134805H|KC238061-IR,CCTATTAGTCCYATTGAAACTGTACCAGTAAAATTAAAGCCAGGAATGGATGGSCCAAAAGTTAAACAATGGCCATTGACAGAAGAAAAAATAAAAGCATTAGTAGAGATTTGTGCAGAATTGGAAAAGGAAGGGAAAATTTCAAAAATTGGACCTGAAAATCCATACAATACTCCAATATTTGCCATAAAGAAGAAAAATAGCACTAAATGGAGAAAATTAGTAGATTTCAGAGAACTTAATAAGAGAACTCAAGACTTCTGGGAAGTTCAATTAGGAATACCACATCCCGCAGGGTTAAAAAAGAAAAAATCAGTAACAGTATTAGATGTGGGTGATGCATATTTTTCAGTTCCACTAGATAAAGACTTCAGAAARTATACTGCATTTACCATACCTAGTATAAACAATGAGATGCCCGGGATTAGGTATCAGTACAATGTGCTTCCGCAGGGATGGAAAGGCTCACCAGCAATATTCCAAAGTAGCATGACAAAAATCCTAGAGCCTTTTAGAAAACAAAATCCAGACATAGTTATCTATCAATACATGGATGATCTATATGTGGGATCTGACCTAGAAATAGAGCAGCATAGAACAAAAATAGAGGAACTGAGGCAACATCTGTTGCAGTGGGGGTTTTGCACACCAGACCAAAAACATCAGAAAGAACCTCCATTCCTTTGGATGGGTTATGAGCTCCATCCTGATAAATGGACAGTACAGCCTATAGTACTGCCAGAAAAAGACAGCTGGACTGTCAATGACATACAGAAATTAGTGGGGAAATTAAATTGGGCA---------------------------------------------------------------------------------------------------------------------------------------------------------------------------------------------------------------------------------------------------------------------------------------------------------------------------------------------------------------------------------------------------------------------------------------------------------------------------------------------------------------------------------------------------------------------------------------------------------------------------------------------------------------------------------------------------------------------------------------------------------------------------------------------------------------------------------------------------------------------------------------------------------------
105671|5496296H|KC238179-IR,CCCATTAGTCCTATTGAAACTGTACCAGTAAAATTAAAGCCAGGAATGGATGGCCCAAGAGTTAAACAATGGCCATTGACAGAAGAAAAAATAAAAGCATTAGTAGAAATTTGTACAGAATTGGAAAAGGAAGGAAAAATTTCAAAAATTGGGCCTGAAAATCCATACAATACTCCAATATTTGCCATAAARAARAAARACAGTACTAAGTGGARAAAATTARTGGATTTCAGAGAACTTAATAAGAGAACTCAAGATTTCTGGGAAGTTCAATTAGGAATACCACAYCCCGCAGGGTTAAAAAAGAAAAAATCAGTAACAGTACTGGATGTGGGTGATGCATATTTTTCAGTTCCCTTAGATGAAGACTTCAGAAAGTATACTGCATTTACCATACCTAGTACAAACAATGAGACACCAGGGATTAGATACCAAKACAATGTGCTTCCACAGGGRTGGAAAGGATCACCAGCAATATTCCAAAATAGCATGACAAAAATCCTAGAGCCTTTTARAAAACAAAATCCAGACATARTTATCTATCAATACATGGATGATTTGTATRTARGCTCTGAYTTAGAAATAGGGCAGCATAGAACAAAAATAGAGGAACTRAGACAACATCTGTYGAGGTGGGGATTTTCCACACCAGAACAAAAACATCAGAAAGAACCTCCATTCCTTTGGATGGGTTATGAACTCCATCCTGATAARTGGACAGTACAGCCTATAGTGTTGCCAGAAAAAGACAGCTGGACTGTCAATGATATACAGAAGCTAGTAGGAAAATTRAATTGGGCAAGTCAGATTTATCCTGGGATCAAA---------------------------------------------------------------------------------------------------------------------------------------------------------------------------------------------------------------------------------------------------------------------------------------------------------------------------------------------------------------------------------------------------------------------------------------------------------------------------------------------------------------------------------------------------------------------------------------------------------------------------------------------------------------------------------------------------------------------------------------------------------------------------------------------------------------------------------------------------------------------------------------
106058|ARC-A164|GU565672-IR,CCCATTAGCCCTATTGAAACTGTACCAGTAAAATTAAAGCCAGGAATGGATGGCCCAAAAGTTAAACAATGGCCATTGACAGAAGAAAAAATAAAAGCATTAGTAGAAATTTGTACAGAATTGGAAAAGGAAGGGAAAATTTCAAAAATTGGGCCTGAAAATCCATACAATACTCCAGTATTTGCTATAAAGAAAAAAAACAGTACTAAATGGAGAAAATTAATGGATTTAAGAGAACTTAATAAAAGAACTCAAGACTTCTGGGAAGTCCAATTAGGAATACCACATCCTGCAGGGTTAGAAAAGAAAAAATCAGTAACAGTCCTGGACGTGGGTGATGCATATTTTTCAGTTCCCTTAGATAAAGAATTCAGGAAGTATACTGCATTTACCATACCTAGCACGAACAATGAGACACCAGGGATTAGATATCAGTACAATGTGCTTCCACAGGGATGGAAAGGATCACCAGCAATATTCCAAAGTAGCATGACAAGAATCCTAGAGCCTTTTAGAAAACAAAATCCAGACATGGTTATCTATCAATACATGGATGATTTGTATGTAGCGTCTGACTTARAAATAGGGCAGCATAGAGCAAAAATAGAGGAACTGAGACAACATCTGTGGAAGTGGGGATTTTACACACCAGACAAAAAACATCAGAAAGAACCTCCTTTCCTTTGGATGGGGTATGAACTCCATCCTGATAAATGGACAGTACAGCCTATAAAACTGCCAGAAAAAGAAAGCTGGACTGTCAATGACATACAGAAGTTAGTGGGAAAATTAAATTGGGCAAGTCAGATTTATCCAGGGATTAAAGTAAAGCAATTATGTAAACTTCTTAGGGGAACCAAAACACTAACAGAAGTAGTACCACTAACAGCAGAAGCAGAGCTAGAACTGGCAGAAAATAGGGAGATTCTAAAAGAACCGGTACATGGAGTGTATTATGACCCATCAAAAGATTTAATAGCAGAAATACAGAAGCAAGGGCAA------------------------------------------------------------------------------------------------------------------------------------------------------------------------------------------------------------------------------------------------------------------------------------------------------------------------------------------------------------------------------------------------------------------------------------------------------------------------------------------------------------------------------------------------------------------------------------------------------------------------------------------------------------------------------------------------------
106875|GE01_770|AY562469-IR,------------------------------------------------------------------------------------GAAAAAATAAARGCATTAATAGAAATTTGTACAGAAMTGGAAAAGGAAGGRAAAATTTCAAAAATTGGGCCYGAAAATCCATATAATACTCCAGTATTTGCCATAAAGAAAAAAGACAGTACTAAATGGAGAAAATTAGTAGATTTCAGAGAACTTAATAAGAAAACTCAAGACTTTTGGGAAGTTCAATTAGGAATACCACATCCCGCAGGGTTAAAAAAGAAGAAATCAGTAACAGTACTGGATGTGGGTGATGCATATTTTTCAGTTCCCTTAGATAAAGARTTCAGGAAGTATACWGCATTTACYATACCTAGTATAAACAATGAGACACCAGGGATTAGRTATCAGTACAATGTGCTTCCACAGGGATGGAAAGGATCACCAGCAATATTCCAAAGTAGCATGACAAAAATCTTAGAGCCTTTTAGAAAACAAAATCCAGACATAGTTATCTAYCAATACATGGATGATTTGTATGTAGGATCTGACTTAGAAATAGAACAGCATAGAACAAAAATAGAGGAACTGAGAGAGCACCTGTGGAAGTGGGGGTTTWRCACACCAGATAAA---------------------------------------------------------------------------------------------------------------------------------------------------------------------------------------------------------------------------------------------------------------------------------------------------------------------------------------------------------------------------------------------------------------------------------------------------------------------------------------------------------------------------------------------------------------------------------------------------------------------------------------------------------------------------------------------------------------------------------------------------------------------------------------------------------------------------------------------------------------------------------------------------------------------------------------------------------------------------------------------------------------------------------------------------------------
107148|CR0339X|FJ469721-IR,CCCATTAGTCCTATTGAAACTGTACCAGTAAAATTAAAGCCAGGAATGGATGGCCCGAGAGTTAAACAATGGCCATTGACAGAAGAAAAAATAAAAGCATTAGTAGAAATTTGTGAAGAACTGGAAAAGGAGGGAAAAATTTCAAAAATTGGGCCTGAAAATCCATACAATACTCCAGTATTTGCCATAAAGAAAAAAGACAGTACTAAATGGAGAAAATTAGTAGATTTCAGAGAACTTAATAAGAGAACTCAAGACTTCTGGGAAGTCCAATTAGGAATACCACATCCCGCAGGGTTAAAAAAGAAAAAATCAGTAACAGTACTAGATGTGGGTGATGCATATTTCTCAGTTCCTTTAGATGAAGACTTCAGGAAGTATACTGCATTTACCATACCTAGTATAAACAATGAAACACCAGGGATTAGGTATCAGTACAACGTGCTTCCACAGGGGTGGAAAGGTTCACCATCAATATTCCAGAGTAGCATGACAAAAATCTTAGAGCCTTTTAGAAAACAAAATCCAGACATAGTTATCTGTCAATACATGGATGATTTGTATGTAGCATCTGACTTAGAAATAGGACAGCATAGAACAAAAATAGAGGAACTGAGACAACATCTGTGGGAGTGGGGATTTTACACACCAGACAAAAAACATCAGAAAGAACCTCCATTCCTTTGGATGGGTTATGAACTCCATCCTGATAAATGGACAGTACAGCCTATAGTGTTGCCAGAAAAAGACAGCTGGACTGTCAATGACATACAGAAGTTAGTGGGAAAACTGAATTGGGCAAGTCAAATTTATGCAGGGATTAAAGTAAAGCAATTATGTAAACTCCTTAGGGGAACCAAAGCACTAACAGAAGTAATACCACTGACAGAAGAAGCAGAGCTAGAACTAGCAGAAAACAGGGAGATTCTAAGAGAACCAGTACATGGAGTGTATTATGACCCATCAAAAGAGTTAATAGCAGAACTACAGAAGCAGGGGCAAGGCCAATGGACATATCAAATTTATCAAGAGCCATTTAAAAATCTGAAAACAGGAAAATATGCAAGAACGAGGGGAGTCCACACTAATGATGTAAAACAATTAACAGAGGCAGTGCAAAAAATAACCACAGAAAGCATAATAATATGGGGAAAGACTCCTAAATTTAGGTTACCCATACAAAAAGAAACATGGGAAACATGGTGGACAGAATATTGGCAAGCCACCTGGATTCCTGAATGGGAGTTTGTCAATACCCCTCCCTTAGTGAAATTATGGTACCAGTTAGAGAAAGAACCCATAGTAGGAGCAGAAACTTTCTATGTAGATGGGGCAGCTAACAGAGAGACTAAATTAGGAAAAGCAGGATATGTTACTGACAGAGGAAGACAAAAGGTTGTCTCCCTAAATGACACAACAAATCAGAAAACTGAGTTACAAGCAATTCAGCTAGCTCTGCAGGATTCGGGATTAGAAGTAAACATAGTAACAGATTCACAATATGCATTAGGAATCATTCAAGCACAACCAGATAAAAGTGAATCAGAGTTAGTCAGTCAAATAATAGAGCAGTTAATAAACAAGGAAAAGGTCTACCTGGCATGGGTACCAGCACACAAAGGAATTGGAGGAAATGAAAAAGTAGATAAATTAGTCAGTACTGGAATCAGAAAAGTACTA
107172|L819|FJ469745-IR,CCCATTAGTCCTATTGAAACTGTACCAGTAAAATTAAAGCCAGGAATGGATGGCCCAAAAGTTAAACAATGGCCATTGACAGAAGAAAAAATAAAAGCATTAGTAGAAATTTGTACAGAATTGGAAAAGGAAGGAAAAATTTCAAAAATTGGGCCTGAAAATCCATACAATACTCCAGTATTTGCCATAAAGAAGAAAAACAGTACTAGATGGAGAAAATTAGTAGATTTCAGAGAACTTAATAAGAGAACTCAAGACTTCTGGGAAGTTCAATTAGGAATACCACATCCCGCAGGATTAAAAAAGAAAAATTCAGTAACAGTACTGGATGTGGGTGATGCATATTTTTCAGTTCCCTTAGATGAAAACTTCAGGAAGTATACTGCATTTACCATACCCAGTATAAACAATGAGACACCAGGGATTAGATATCAGTACAATGTGCTTCCACAGGGATGGAAAGGATCACCATCAATATTTCAAAGTAGCATGACAAAAATCTTAGAGCCTTTTAGGAAACAAAATCCAGACATAGTGATCTATCAATATATGGATGATCTGTATGTAGGATCTGACTTAGAAATAGGGCAGCATAGAGCAAAAATAGAGGAACTGAGACAACATCTGTTGAGGTGGGGATTTTACACACCAGACAAAAAGCATCAGAAAGAACCTCCATTCCTTTGGATGGGTTATGAACTCCATCCTGATAAATGGACAGTACAGCCTATAGTGCTGCCAGAAAAAGACAGCTGGACTGTCAATGACATACAGAAGTTAGTGGGAAAATTGAATTGGGCAAGTCAAATATACCCAGGGATTAAGGTAAAGCAATTATGTAAACTCCTTAGGGGAACCAAAGCACTAACAGAAATAGTACCACTCACAGAAGAAGCAGAGCTAGAACTGGCAGAGAACAGGGAAATTCTAAAAGAACCAGTACATGGAGTGTATTATGACCCATCAAAAGACTTAATAGCAGAAATACAAAAGCAGGGGCAAGGCCAATGGACATATCAAATTTATCAAGAGCCATTTAAGAATCTAAAAACAGGAAAATATGCAAGAATGAGGGGTGCCCACACTAATGATGTAAAACAATTAACAGAGGCAGTGCAGAAAATAGCCCTAGAAAGCATAGTAATATGGGGAAAGACTCCTAAATTTAGACTACCCATACAAAAAGAAACATGGGAAGCATGGTGGACAGAGTATTGGCAAGCCACCTGGATTCCTGAGTGGGAGTTTGTCAATACCCCTCCCTTAGTGAAATTATGGTACCAGTTAGAAAAAGAACCCATAGTAGGAGTAGAAACTTTCTATGTAGATGGGGCAGCTAACAGGGAGACTAAATTAGGAAAAGCAGGATATATTACTGATAAAGGAAGACAAAAAGTTATCTCCCTAACGGACACAACAAATCAGAAGACTGAGTTACAAGCAATTCAGCTAGCTTTGCAGGATTCAGGATTAGAAGTAAACATAGTAACAGACTCACAATATGCATTAGGAATCATTCAAGCACAACCAGATAAAAGTGAATCAGAGTTGGTCAATCAAATAATAGAGCAGCTAATAAAAAAGGAAAAGGTCTACCTGGCATGGGTACCAGCACACAAAGGAATTGGAGGAAATGAGCAAATAGATAAATTAGTCAGTTCTGGAATCAGGAAAGTACTA
107414|SP72-372395|EU255557-IR,---------------------------------------------------------------------------------------------------------------TGTACAGAACTGGAACAGGAAGGAAAAATTTCAAAAATTGGGCCTGAAAATCCATACAATACTCCAGTATTTGCCATAAAGAAAAAAGATAGTACTAAATGGAGGAAATTAGTAGATTTCAGAGAACTTAATAAGAGAACTCAAGACTTCTGGGAAGTTCAATTAGGAATACCACATCCTGCAGGGTTAAAAAAGAAAAAATCAGTAACAGTACTGGATGTGGGTGATGCATATTTTTCAATCCCTTTAGATAAAGACTTCAGGAAGTATACAGCATTTACCATACCTAGTGTAAACAATGAGACACCAGGGATTAGATATCAGTACAATGTGCTTCCACAGGGATGGAAAGGATCACCAGCAATATTCCAATGTAGCATGACAAAAATCTTAGAGCCTTTTAGAAAACAAAATCCAGACATAGTTATTTATCAATACATGGATGATTTGTATGTAGGATCTGACTTAGAAATAGGGCAGCATAGAACAAAAATAGAGGAACTGAGACAACATCTGTGGAAGTGGGGGTTTTACACACCAGACAAAAAACATCAGAAAGAACCTCCCTTCCTTTGGATGGGTTATGAACTCCATCCTGATAAATGGACAGTACAGCCTATAGTTCTGCCA---------------------------------------------------------------------------------------------------------------------------------------------------------------------------------------------------------------------------------------------------------------------------------------------------------------------------------------------------------------------------------------------------------------------------------------------------------------------------------------------------------------------------------------------------------------------------------------------------------------------------------------------------------------------------------------------------------------------------------------------------------------------------------------------------------------------------------------------------------------------------------------------------------------------------------------------------------------------------
108720|LP541871|DQ009074-IR,CCAATTAGTTCTATTGAAACCGTGCCAGTAAAATTAAAGCCAGGAATGGATGGCCCAAGGGTTAAACAATGGCCATTGACAGAAGAAAAAATAAAAGCATTGACAGAAATTTGTACAGAGTTGGAAAAGGAAGGAAAAATTTCAAAAATTGGGCCTGAAAATCCATACAATACTCCAGTATTTGCCATAAAGAAAAAAGAATCCTCCAAATGGAGAAAATTAGTAGATTTTAGAGAACTCAATAAGAGAACTCAAGACTTCTGGGAGGTCCAATTAGGAATACCTCATCCCGGGGGATTAAAAAAGTACAAATCAGTAACAGTACTGGATGTGGGGGATGCATATTTTTCAGTTCCCTTAGATGAAAATTTTAGAAAGTATACTGCATTCACTATACCTAGTGTAAATAATGAGACACCAGGGATTAGATATCAGTACAATGTGCTTCCACAGGGATGGAAAGGATCACCAGCAATATTTCAGGCAAGCATGACAAAAATCTTAGAGCCCTTTAGAACAAAAAATCCAGAGATAGTGATTTGCCAATATATGGATGATTTATATGTAGCATCTGACTTAGAGATAGGGCAGCATAGAGCAAAAATAGAGGAGTTGAGAGAACATCTATGGAAATGGGGATTTTACACACCAGACAAAAAACATCAGAAAGAACCTCCATTTCTTTGGATGGGATATGAACTCCATCCTGACAAATGGACAGTCCAGCCTATCCAGCTGCCAGAAAAAGACTGCTGGACTGTCAATGATATACAGAAATTAGTGGGAAAACTAAATTGGGCAAGTCAGATTTATCCAGGAATTAAAGTAAAGCAACTATGTAAACTCCTCAGGGGAGCCAAAGCACTGACAGATATAGTGACACTGACTGAGGAAGCAGAATTAGAATTGGCAGAGAATAGGGAGATTCTAAAAGAACCTGTACATGGGGTATATTATGACCCAACAAAAGAC------------------------------------------------------------------------------------------------------------------------------------------------------------------------------------------------------------------------------------------------------------------------------------------------------------------------------------------------------------------------------------------------------------------------------------------------------------------------------------------------------------------------------------------------------------------------------------------------------------------------------------------------------------------------------------------------------------------------------------
108773|602331|EF583232-IR,CCCATTAGTCCTATTGAAACTGTACCAGTAAAATTAAAGCCAGGAATGGATGGCCCAAGAGTTAAACAATGGCCTTTGACAGAAGAAAAAATAAAAGCATTAGTAGAAATTTGTACAGAACTGGAAGAGGCAGGGAAAATCTCAAAAATTGGGCCTGAAAATCCATACAATACTCCAATATTTGCCATAAAGAAAAAGGACGGTACTAAATGGAGAAAATTAGTAGATTTCAGAGAACTTAATAAGAGAACTCAAGACTTCTGGGAAGTTCAATTAGGAATACCACATCCCGGAGGACTAAAAAAGAAAAAGTCAGTAACAGTACTGGATGTGGGTGATGCATACTTTTCAATTCCCTTAGATAAAGACTTCAGGAAGTATACTGCATTTACCATTCCTAGTATAAACAATGAGACACCAGGGATTAGATATCAGTACAATGTGCTTCCACAGGGATGGAAAGGGTCACCAGCAATATTCCAAAGTAGCATGACAAGAATCTTAGAGCCTTTTAGAAAACAAAATCCAGACATAGTCATCTATCAATACATGGATGATTTGTATGTAGGATCTGACTTAGAAATAGGGCAGCATAGAACAAAAATAGAGGAACTGAGACAACATCTATGGAAATGGGGATTKKRCACACCAGACAAAAAGCATCAGAAAGAACCTCCATTCCTTTGGATGGGGTATGAACTCCATCCTGACAAATGGACAGTACAGCCTATAGTACTGCCAGAAAAAGATAGTTGGACTGTCAATGACATACAGAAGTTAGTGGGAAAATTGAATTGGGCAAGTCAGATTTATGCAGGGATTAAAGTAAGGCAGTTATGTAAACTCCTTAGGGGAGCCAAAGCACTAACAGAAGTAATACCACTAACAAGAGAAGCAGAGTTAGAACTGGCAGAAAACAGGGAGATTCTAAGACAACCAGTACATGGAGTGTACTATGACCCATCAAAAGACTTAGTAGCAGAAATACAGAAGCAGGGGCAAGGC---------------------------------------------------------------------------------------------------------------------------------------------------------------------------------------------------------------------------------------------------------------------------------------------------------------------------------------------------------------------------------------------------------------------------------------------------------------------------------------------------------------------------------------------------------------------------------------------------------------------------------------------------------------------------------------------------
109373|EHR-06115|JX299639-IR,------------------------------------------------------------------------------------------------------TTAAATTTTTGTACAGAGCTAGAAAAGGAAGGGAAAATTTCAAAAATTGGGCCTGAAAATCCATACAATACTCCAATATTTGCCATAAAGAAAAAAGACAGTACTAAATGGAGAAAATTAGTAGATTTCAGAGAACTTAATAAAAGAACTCAAGACTTCTGGGAAGTTCAATTAGGAATACCACATCCTGCAGGGTTAAAAAAGAAGAAATCAGTAACAGTACTAGATGTGGGTGATGCATATTTTTCAGTTCCCTTAGATGAAGACTTTAGGAAATATACTGCATTTACCATACCTAGGGTAAACAATGAGACACCAGGGATTAGATATCAGTACAATGTGCTTCCACAGGGATGGAAAGGATCACCAGCAATATTCCAAAGTAGCATGACAAAAATCTTAGAGCCTTTTAGAAAACAAAATCCAGACATAGTTATCTATCAATACATGGATGATTTGTATGTAGGATCTGACTTAGAAATAGAACAGCATAGAACAAAAATAGAGGAACTGAGACAACACCTATGGAAGTGGGGGTTTTACACACCAGATAAAAAACATCAGAAAGAACCTCCATTTCTTTGGATGGGCTATGAACTCCATCCTGATAAATGGACAGTACAGCCTATAGTGCTGCCA---------------------------------------------------------------------------------------------------------------------------------------------------------------------------------------------------------------------------------------------------------------------------------------------------------------------------------------------------------------------------------------------------------------------------------------------------------------------------------------------------------------------------------------------------------------------------------------------------------------------------------------------------------------------------------------------------------------------------------------------------------------------------------------------------------------------------------------------------------------------------------------------------------------------------------------------------------------------------
111434|CAS_1338_4_1241|FJ030689-IR,CCCATTAGTCCTATTGAAACTGTACCAGTAAAATTAAAGCCAGGAATGGATGGCCCAAGAGTTAAACAATGGCCATTGACAGAAGAAAAAATAAAAGCATTAAAAGAAATTTGTGCAGAATTGGAAGAGGAAGGAAAAATTTCAAAAATTGGGCCTGAAAATCCATACAATACTCCAATATTTGCCATAAAGAAAAAGGACGGTACTAAATGGAGGAAATTAGTAGATTTCAGAGAACTTAATAAAAGAACTCAAGACTTCTGGGAAGTTCAATTAGGAATACCRCATCCTGCAGGGTTAAAAAAGAAAAAATCAGTAACAGTACTGGATGTGGGTGATGCATATTTTTCAGTTCCCTTAGATGAAGATTTCAGAAAGTATACTGCATTTACCATACCTAGTACAAACAATGAGACACCAGGGATTAGATATCAGTACAATGTGCTTCCACAGGGATGGAAAGGATCACCAGCAATATTCCAAAGTAGCATGACAAAAATCTTAGAGCCTTTTAGAAAACAAAATCCAGACATAGTCATCTACCAATACATGGATGACTTGTATGTAGGATCTGACTTAGAAATAGGACAGCATAGAACAAAAATAGAGGAACTGAGACAACATCTGTGGAGGTGGGGGTTTTACACACCAGACAAAAAACATCAGAAAGAACCTCCATTCCTTTGGATGGGTTATGAGCTCCATCCTGATAGATGGACAGTACAGCCTATAGTGCTGCCAAATCAAGACAGTTGGACTGTCAATGACATACAGAAGTTAGTGGGAAAATTGAATTGGGCAAGTCAGATTTATGCAGGGATTAAAGTAAAGCAATTATGTAAACTCCTTAGGGGAGCTAAATCACTAACAGAAGTAATA---------------------------------------------------------------------------------------------------------------------------------------------------------------------------------------------------------------------------------------------------------------------------------------------------------------------------------------------------------------------------------------------------------------------------------------------------------------------------------------------------------------------------------------------------------------------------------------------------------------------------------------------------------------------------------------------------------------------------------------------------------------------------------------------------------------------------------
120315|CAN13-133|KF727771-IR,CCCATTAGTCCTATTGACACTGTACCAGTAAAATTAAAGCCAGGAATGGATGGCCCAAAGGTTAAACAGTGGCCACTGACAGAAGAAAAAATAAATGCATTAGTAGAAATTTGTGCAGAAATGGAAAAGGAAGGAAAAATTTCAAAAATTGGGCCTGAAAATCCATACAACACTCCAATATTTGCCATAAAGARAAAGAACAGTACTAAATGGAGAAAGTTAGTAGATTTTAGAGAACTTAATAAAAGAACTCAAGACTTCTGGGAAGTTCAATTAGGAATACCACATCCGGCAGGGTTAAAAAAGAAAAAATCAGTTACAGTATTGGATGTGGGTGATGCATATTTTTCAATTCCATTAGATAAAGAATTCAGAAAGTATACTGCATTTACTATACCTAGTAGAAACAATGAGACACCAGGAATTAGATATCAGTACAATGTGCTTCCACARGGATGGAAAGGATCACCAGCAATATTCCAAAGTAGCATGATAAAAATCTTAGAGCCTTWTAGGAAACAAAATCCAGACATAGTTATCTACCAATACATGGATGATTTGTATGTAGGATCTGACTTAGAAATAGGACAGCATAGAACAAAAATAGAAGAACTGAGGCAACACCTGTTAAAGTGGGGATTGACCACACCAGACCAAAAACATCAGAAAGAACCTCCATTCCTATGG---------------------------------------------------------------------------------------------------------------------------------------------------------------------------------------------------------------------------------------------------------------------------------------------------------------------------------------------------------------------------------------------------------------------------------------------------------------------------------------------------------------------------------------------------------------------------------------------------------------------------------------------------------------------------------------------------------------------------------------------------------------------------------------------------------------------------------------------------------------------------------------------------------------------------------------------------------------------------------------------------------------------------------
138026|02-00178|KJ769752-IR,CCCATTAGTCCTATTGAAACTGTACCAGTAAAATTAAAGCCAGGAATGGATGGCCCAAGAGTTAAACAATGGCCATTGACAGAAGAAAAAATAAAAGCATTAGTAGAAATTTGTACAGAATTGGAACAGGACGGGAAGATTTCAAAAATTGGGCCTGAAAATCCATACAATACTCCAGTATTTGTCATAAAGAAAAAAGACAGTACTAAATGGAGAAAATTAGTAGATTTCAGAGAACTTAATAAGAGAACTCAAGACTTCTGGGAAGTTCAATTAGGAATACCACATCCTGGAGGGTTAAAAAAGAACAAATCAGTAACAGTACTGGATGTGGGTGATGCATATTTCTCAATTCCCTTAGATAAAGACTTCAGGAAGTATACTGCATTTACCATACCTAGTATAAACAATGAAACACCAGGGATTAGATATCAGTACAATGTGCTTCCACAGGGATGGAAAGGATCACCAGCAATATTCCAAAGTAGCATGACAAAAATCTTAGAGCCTTTCAGAAAACAGAATCCAGACATAGTAATCTATCAATACATGGATGATTTGTATGTAGGATCTGACTTAGAAATAGAGCAGCATAGAACAAAAATAGAGGAACTGAGACAACATTTGTGGAAGTGGGGATTTTACACACCAGACAAAAAACATCAGAAAGAACCTCCATTCCGTTGGATGGGTTATGAACTCCATCCTGATAAATGGACAGTGCAGCCTATAGAGCTGCCAGAAAAAGACAGCTGGACTGTCAATGACATACAGAAGTTAGTGGGAAAATTGAATTGGGCAAGTCAGATTTATGCAGGGATTAAAGTAAAGCAATTATGTAGACTCCTTAAGGGAACCAAAGCACTAACAGAA---------------------------------------------------------------------------------------------------------------------------------------------------------------------------------------------------------------------------------------------------------------------------------------------------------------------------------------------------------------------------------------------------------------------------------------------------------------------------------------------------------------------------------------------------------------------------------------------------------------------------------------------------------------------------------------------------------------------------------------------------------------------------------------------------------------------------------------
144618|07BRRJRS114|KF922202-IR,CCTATTAGCCCTATTGACACTGTACCAGTAAAATTGAAACCAGGAATGGATGGCCCAAAAGTTAAACAATGGCCATTGACAGAAGAAAAAATAAAAGCATTAATAGAAATTTGTACAGAACTGGAAAAGGAAGGAAAAATTTCAAAAATTGGGCCTGAAAACCCTTACAATACTCCAGTATTTGCTATAAAGAAGAAGAACAGTAATAAATGGAGGAAACTAGTAGATTTTAGAGAACTTAATAAGAGAACTCAAGACTTCTGGGAAGTTCAATTAGGAATACCACATCCCGGAGGGTTAAAACAGAAAAAGTCAGTAACAGTATTGGATGTGGGTGATGCATATTTTTCAGTGCCCTTAGATAAGGATTTCAGGAAGTATACTGCATTTACCATACCTAGTATAAACAATGAGACACCAGGGATTAGATATCAGTACAATGTGCTCCCACAGGGATGGAAAGGATCACCAGCAATATTTCAAGATAGCATGACAAAAATCCTAGAGCCTTTTAGAAAACAAAATCCAGAAATAATTATCTATCAATACATGGATGACTTGTATGTAGGGTCTGACTTAGAAATAGAACAGCATAGAATAAAAACAGAGGAACTGAGGCAATATCTGTTGAGGTGGGGGTTTCTCACACCAGAACAAAAACATCAGAAA---------------------------------------------------------------------------------------------------------------------------------------------------------------------------------------------------------------------------------------------------------------------------------------------------------------------------------------------------------------------------------------------------------------------------------------------------------------------------------------------------------------------------------------------------------------------------------------------------------------------------------------------------------------------------------------------------------------------------------------------------------------------------------------------------------------------------------------------------------------------------------------------------------------------------------------------------------------------------------------------------------------------------------------------------
145554|69_10|JQ305760-IR,CCAATTAGTCCTATTGAAACAGTACCAGTAAAATTAAAGCCAGGGATGGATGGCCCAAAAGTTAAGCAATGGCCATTGACAGAAGAAAAAATAAAGGCATTAACAGAAATTTGTACAGAATTGGAAAAGGAAGGAAAAATTTCAAGAATTGGGCCTGAAAATCCATACAATACTCCAATATTTGCCATAAAGAAAAAAGACAGCACTAAGTGGAGAAAATTAGTAGATTTCAGGGAACTTAATAAGAGAACTCAAGACTTCTGGGAAGTTCAACTAGGAATACCACATCCTGCAGGGCTRAAAAAGAAAAAATCAGTAACAGTACTGGATGTGGGTGATGCATATTTTTCAGTTCCCTTAYATGAAGACTTTAGAAAATATACTGCATTCACCATACCTAGTAYAAATAATGAGACACCAGGAATTAGATATCAGTACAATGTGCTTCCACAAGGGTGGAAAGGATCACCAGCAATATTCCAAAGTAGCATGACAAAAATCTTAGAACCTTTTAGAAAACAAAACCCAGAAATGGTTATCTATCAATACATGGATGATTTGTATGTAGGWTCTGACTTAGAAATAGGGCAGCATAGAATAAAAATAGAGGAATTAAGGGRACACCTATGGAAGTGGGGATTTTACACACCAGACAAAAAGCATCAGAAAGAACCTCCATTTCTTTGGATGGGTTATGAACTCCATCCTGATAAATGGACAGTACAGCCTATCAAACTGCCAGAAAARGAGAGCTGGACTGTCAATGATATACAGAAGTTAGTGGGRAAATTAAATTGGGCAAGCCAGATTTATCCAGGAATTGGAGTAAGACAATTATGCAAATGCATTAGGGGAGCCAAAGCACTGACAGAAGTAGTACAACTGACAGAAGAAGCAGAATTAGAACTGGCAGAAAACAGGGAAATTCTAAAAGARCCAGTACATGGAGTGTATTATGACCCATCAAAAGACTTAATAGCAGAAATACAGAAACAAGGACAA------------------------------------------------------------------------------------------------------------------------------------------------------------------------------------------------------------------------------------------------------------------------------------------------------------------------------------------------------------------------------------------------------------------------------------------------------------------------------------------------------------------------------------------------------------------------------------------------------------------------------------------------------------------------------------------------------
147409|225|KM205853-IR,------------------------------------------------------------------------------------------------------------NTTTGTACAGAATTGGAAAAGGATGGGAAAATTTCAAAAATTGGGCCTGAAAATCCATACAATACTCCAATATTTGCCATAAAGAAAAAGAACAGTACTAAATGGAGAAAATTAGTAGAYTTCCGGGAACTTAACAAGAGAACTCAAGATTTCTGGGAAGTTCAATTAGGAATACCACATCCCGCAGGGCTAAAAAAGAAAAAATCGGTAACAGTACTAGATGTGGGGGACGCRTWTTTYTCAGTTCCCTTAGATAAAGAATTCAGGAAGTATACTGCATTTACCATACCYAGTACAAACAATGAGACACCAGGGATTAGATACCAGTACAATGTGCTTCCACAGGGATGGAAAGGATCACCAGCAATATTTCAAAGTAGCATGACAAAAGTCTTAGAGCCCTTTAGAAGAAAAAATCCAGAAATAGTGATCTACCAATATGTGGATGATTTATATGTAGGATCTGACTTAGAAATAGGGCAGCATAGAGCAAAAATAGAGGAGTTAAGAAAACATCTGTCAARCTGGGGGTTTTACACACCAGATARAAAACATCAGAAAGAACCTCCATTCCTTTGGATGGGATATGAGCTCCATCCTGACAAATGGACAGTACAACCTATACAGCTGCCA---------------------------------------------------------------------------------------------------------------------------------------------------------------------------------------------------------------------------------------------------------------------------------------------------------------------------------------------------------------------------------------------------------------------------------------------------------------------------------------------------------------------------------------------------------------------------------------------------------------------------------------------------------------------------------------------------------------------------------------------------------------------------------------------------------------------------------------------------------------------------------------------------------------------------------------------------------------------------
166002|BJ07590|KM011710-IR,CCAATTAGTCCTATTGAAACTGTACCAGTAAAATTAAAGCCAGGAATGGATGGCCCAAAAGTTAAACAATGGCCATTGACAGAAGAAAAAATAAAAGCATTAGTAGAAATTTGTACAGAAATGGAAAAGGAAGGGAAAATTTCAAAAATCGGGCCTGAAAATCCATACAATACTCCAGTATTTGTCATAAAGAGAAAAGACAGT---AAATGGAGAAAATTAGTAGATTTCAGGGAACTTAATAAAAGAACTCAAGACTTTTGGGAAGTTCAATTAGGAATACCACATCCCGCAGGGTTAAAAAAGAAAAAATCAGTAACAATCCTGGATGTGGGTGATGCATATTTTTCAGTCCCTTTAGATAAAAACTTCAGGAAGTATACTGCATTTACCATACCTAGTGTAAACAATGAGACACCAGGGATCAGATATCAGTACAACGTGCTTCCACAGGGATGGAAAGGATCACCAGCAATATTCCAGTGTAGCATGACAAAAATCTTAGAGCCTTTTAAAAAACAAAATCCAGACATAGTTATCTGTCAATACATGGATGATTTGTATGTAGGATCTGACTTAGAAATAGGGCAGCATAGAGCAAAAATAGAGGAACTGAGACAACATCTGTTGAGGTGGGGATTTACCACACCAGACAGAAAATATCAGAAAGAACCTCCCTTCCTTTGGATGGGTTATGAACTCCATCCTGATAAATGGACAGTACAGCCTATAGTGCTGCCAGAAAAGGACAGCTGGACTGTCAATGACATACAG------------------------------------------------------------------------------------------------------------------------------------------------------------------------------------------------------------------------------------------------------------------------------------------------------------------------------------------------------------------------------------------------------------------------------------------------------------------------------------------------------------------------------------------------------------------------------------------------------------------------------------------------------------------------------------------------------------------------------------------------------------------------------------------------------------------------------------------------------------------------------------------------------------------------------------------
167440|ZJ2006001|KP178445-IR,CCAATCAGTCCTATTGAAACTGTACCAGTAAAATTAAAGCCAGGAATGGATGGCCCAAAGGTTAAACAATGGCCATTGACGGAAGAAAAAATAAAAGCAATAACAGAAATTTGTGAGGAAATGGAGAAGGAAGGAAAAATTACAAAAATTGGGCCTGAAAATCCATATAACACTCCAATATTTGCCATAAAAAGGAAGGACGGT---AAATGGAGAAAATTAGTAGATTTCAGGGAACTCAATAAGAGAACTCAAGAATTTAGTGAAGTTCAATTAGGAATACCACACCCAGCAGGGTTAAAAAAGAAAAAATCAATGACAGTACTGGATGTGGGGGATGCATATTTTTCGGTTCCTTTAGATGAAGACTTCAGGAAATATACTGCATTCACCATACCTAGTATAAACAATGAAACACCAGGGATTAGGTATCAGTACAATGTACTTCCACAGGGATGGAAAGGATCAGCAGCAATATTCCAAAGTAGCATGACAAGAATCTTAGAGCCTTTTAGAAAACAAAATCCAGACATAGTTATCTGTCAATACATGGATGATTTGTATGTAGGATCTGACTTAGAGATAGGGCAGCATAGAACAAAAATAGAGGAACTGAGACAACATTTGTTGAGGTGGGGACTTACCACACCAGACAGGAAACATCAGAAAGAACCTCCATTTCTTTGGATGGGGTATGAACTCCACCCTGACAAATGGACAGTACAGCCCATACAGCTACCAGAAAAAGATAGCTGGACTGTCAATGATATACAAAAGTTAGTGGGAAAATTAAACTGGGCAAGTCAGATTTATCCTGGAATTAAAGTAAGGCAACTTTGTAAACTCCTTAGGGGGACCAAAGCACTAACAGAAATAGTACCACTAACTGAAGAAGCAGAATTAGAATTGGCAGAAAACAGGGAAATTCTAAAAGAACCAGTACATGGAGTATATTATGACCCATCAAAAGACTTGATAGCTGAAATACAGAAACAAGGGCAGGACCAATGGACATATCAAATTTACCAAGAACCATTCAAAAATCTAAAAACAGGAAAGTATGCAAAAATGAGGACTGCCCACACTAATGATGTAAAACAATTAACTGAGACTGTGCAGAAAATAGCCATGGAAAGCATAGTAATATGGGGAAAGACTCCTAAATTTAGATTACCCATCCAAAAAGAAATATGGGAGACATGGTGGACAGATTATTGGCAAGCCACCTGGATTCCTGAGTGGGAATTTGTTAACACCCCTCCCTTAGTAAAATTATGGTACCAGCTGGAAAAGGATCCCATAGCAGGAGCAGAAACTTTCTATGTAGATGGAGCAGCTAATAGGGAAACTAAAATAGGAAAAGCAGGGTATGTTACTGACAGAGGAAGGAAGAAAATTGTTTCTCTGACTGAAACAACAAATCAGAAGACTGAATTACAAGCAATTTATCTAGCTTTGCAAGATTCAGGATCAGAAGTAAACATAGTAACAGACTCACAGTATGCATTAGGGATCATTCAGGCACAACCAGATAAGAGTGAATCAGAGATAGTTAACCAAATAATAGAACAATTAATAAAAAAGGAAAGAGTCTACCTGTCATGGGTACCAGCACATAAAGGAATTGGAGGAAATGAACAAGTAGATAAATTAGTAAGTAGTGGAAYCAGGAAAGTCCTA
21149|98SN10|AJ583741-IR,CCAATTAGTCCTATTGAAACTGTACCAGTAAAATTAAAACCAGGAATGGATGGCCCAAAAGTTAAACAATGGCCATTGACAGAAGAAAAAATAAAAGCATTAACAGAAATTTGTAAAGAATTGGAAGCGGAAGGAAAAATCTCAAAAATTGGGCCTGAAAATCCATACAATACTCCAATATTTGCCATAAAGAAAAAGAACAGTACTAAATGGAGAAAATTAGTAGACTTCAGAGAGCTCAATAAAAGAACTCAAGATTTCTGGGAGGTCCAATTAGGAATACCTCATCCCGCGGGGTTAAAAAAGAAAAGATCAGTAACAGTATTAGATGTGGGGGATGCATATTTTTCAGTTCCCTTAGATAAAGAATTTAGAAAATATACTGCATTCACCATACCTAGCATAAACAATGAGACACCAGGAATCAGATATCAGTATAATGTACTGCCACAGGGATGGAAAGGATCACCGGCAATATTTCAGAGTAGCATGACAAAAATCTTAGAGCCCTTTAGAGTAAAGAATCCAGAAATAGTTATCTATCAATACATGGATGACTTGTATGTAGGATCTGATTTAGAAATAGGACAGCATAGAGCAAAAATAGAGGAGTTGAGAGAACATCTATGGAAATGGGGATTTTATACACCAGACAAAAAGCATCAGAAAGAGCCTCCATTCCTTTGGATGGGATATGAACTCCATCCTGACAAATGGACAGTCCAGCCTATAAAGCTACCAGAAAAGGACAGCTGGACTGTCAATGATATACAGAAGTTAGTAGGAAAACTAAATTGGGCAAGTCAAATTTATGCAGGGATTAAAGTAAAGCAACTGTGTAAACTCATCAGGGGAACTAAAGCACTAACAGACATAGTACCACTGACTGAGGAAGCAGAATTAGAATTGGCAGAGAACAGGGAAATACTAAAAAACCCTGTGCATGGAGTCTATTATGACCCATCAAAAGACTTAATAGCAGAAGTTCAGAAGCAAGGGCAAGACCAATGGACATATCAAATTTATCAGGAGCCATATAAAATTCTGAAAACAGGAAAATATGCAGGAAAGGGGTCTGCCCACACTAATGATGTAAAACAATTAGCAGAAACAGTGCAAAAAATAGCTAGAGAAAGCATAGTAATATGGGGAAAGACTCCTAAATTTAGACTACCCATACAAAAAGAAACATGGGAAACATGGTGGACAGACTATTGGCAGGCCACCTGGATTCCTGAATGGGAGTTTGTCAACACCCCTCCT---------------------------------------------------------------------------------------------------------------------------------------------------------------------------------------------------------------------------------------------------------------------------------------------------------------------------------------------------------------------------------------------------------------------------------
26908|BR04RS204|DQ070637-IR,---------------------------------------------------------------------------------GAAGAAAAAATAAAAGCATTAGTAGAAATTTGCACAGAACTGGAAAAGGAAGGGAAAATTTCAAAAATTGGGCCTGAAAATCCATACAATACTCCAGTATTTGCCATAAAGAAAAAAGACAGTACTAAATGGAGAAAATTAGTAGACTTCAGAGAACTCAATAAGAGAACTCAAGACTTTTGGGAAGTTCAATTAGGAATACCACATCCAGCAGGGTTAAAAAAGAAAAAATCAGTAACAGTACTGGATGTGGGTGATGCATATTTCTCAGTTCCCTTAGATAAAGAGTTCAGGAAGTATACTGCATTTACCATACCTAGTACAAACAATGAGACACCAGGGGTCAGATATCAGTACAATGTGCTGCCACAGGGATGGAAAGGATCACCAGCAATATTCCAAAGTAGCATGACAAAAATCTTAGAGCCTTTTAGAAAACAAAATCCAGACATGGTTATCTATCAGTACATGGATGACTTGTATGTAGGATCTGACTTAGAAATAGGGCAGCATAGAACAAAGATAGAGGAACTGAGAGAACATCTGTGGAGGTGGGGATTTTACACACCAGACAAAAAACATCAGAAAGAACCTCCATTTCTTTGGATG------------------------------------------------------------------------------------------------------------------------------------------------------------------------------------------------------------------------------------------------------------------------------------------------------------------------------------------------------------------------------------------------------------------------------------------------------------------------------------------------------------------------------------------------------------------------------------------------------------------------------------------------------------------------------------------------------------------------------------------------------------------------------------------------------------------------------------------------------------------------------------------------------------------------------------------------------------------------------------------------------------------------------
36216|3304|-IR,CCCATTAGTCCTATTGAAACTGTACCAGTAAAATTAAAGCCAGGAATGGATGGCCCAAGAGTTAAACAATGGCCATTGACAGAAGAAAAAATAAAAGCATTAGTAGAAATTTGTACAGAACTGGAAGAGGAAGGAAAAATTTCAAAAATTGGGCCTGAAAATCCATACAACACWCCAATATTCGCTATAAAGAAAAARAACAGTACTAAATGGAGAAARGTAGTAGATTTCAGAGAGCTTAATAAAAGAACTCAAGACTTCTGGGAAGTTCAATTAGGAATACCACATCCCGCAGGGTTAAAAAAGAAAAAATCAGTAACAGTACTGGATGTGGGTGATGCATATTTTTCAATTCCCCTAGATGAAGACTTCAGGAAGTATACTGCATTTACCATACCTAGTGTAAACAATGAGACACCAGGAATAAGATATCAGTACAATGTACTTCCACAGGGATGGAAAGGATCACCAGCAATATTYCAGAGTAGCATGACAAAAATCTTAGAGCCTTTTAGAAAACAAAATCCAGACATAGTTATCTATCAATACATGGATGATCTGTATGTAGGATCAGACTTAGAAATAGGGCAGCATAGAACAAAGATAGAGGAACTGAGACAATATCTGTGGAAGTGGGGATTTTWCACACCAGACAAAAAACATCAGAAAGAACCTCCATTCCTTTGGATGGGTTATGAACTCCATCCTGATAAATGGACAGTACAGCCTATAGTGCTRCCAGAAAARGACAGCTGGACTGTMAATGATATACAGAAGTTAGTGGGAAAATTGAATTGGGCAAGTCAAATTTAYGCAGGRATTAAAGTAAAGCAATTATGTAAACTTCTTAGGGGAGCCAAAKCACTAACAGAAGTAGTAYCACTAACAGCAGAGGCAGAGCTAGAATTRGCAGAAAACAGGGAAATTTTAAAAGAACCAGTACATGGAGTATATTATGACCCATCAAAAGACTTAATAGCAGAAATACAGAAGCAGGGGGAAGGC---------------------------------------------------------------------------------------------------------------------------------------------------------------------------------------------------------------------------------------------------------------------------------------------------------------------------------------------------------------------------------------------------------------------------------------------------------------------------------------------------------------------------------------------------------------------------------------------------------------------------------------------------------------------------------------------------
38499|54929R|EF376943-IR,CCCATCAGCCCTATTGAAACTGTACCAGTAAAATTAAAGCCAGGAATGGATGGCCCAAAAGTTAAACAATGGCCATTGACAGAAGAAAAAATAAAAGCATTAGTAGAAATTTGTACAGAAATGGAGAAGGAAGGAAAAATTTCAAAAATTGGGCCTGAAAATCCATACAATACTCCAATATTTGCCATAAAGAAAAAAGACGGTACTARATGGAGAAAAGTAGTAGATTTCAGAGAACTTAATAAGAGAACTCAAGACTTCTGGGAAGTTCAATTAGGAATACCACATCCCGCAGGGATAAAAAAGAACAAATCAGTAACAGTACTGGACGTGGGTGATGCATATTTTTCAGTTCCCTTAGATGAAGACTTCAGGAAGTATACTGCATTTACCATACCTAGTACAAACAATGAGACACCAGGGGTTAGATATCAGTACAATGTGCTTCCACAGGGATGGAAGGGATCACCAGCAATATTCCAGAGTAGTATGACAAAAATCTTAGAGCCATTTAGAAAACAAAATCCAGACATAGTTATCTGTCAATACATGGATGATTTGTATGTAGGATCTGACTTAGAAATAGGGCARCATAGAACAAAAATAGAGGAACTGAGACAACATTTGTGGAGGTGGGGATTTTACACACCAGACAATAAACATCAGAAAGAACCTCCATTCCTTTGGATGGGTTATGAACTCCATCCTGATAAATGGACA------------------------------------------------------------------------------------------------------------------------------------------------------------------------------------------------------------------------------------------------------------------------------------------------------------------------------------------------------------------------------------------------------------------------------------------------------------------------------------------------------------------------------------------------------------------------------------------------------------------------------------------------------------------------------------------------------------------------------------------------------------------------------------------------------------------------------------------------------------------------------------------------------------------------------------------------------------------------------------------------
41215|03HN_CR012|EU312639-IR,CCCATTAGTCCTATTGAAACTGTACCAGTAAAATTAAAGCCAGGAATGGATGGCCCAAGAGTTAAACAATGGCCATTGACAGAAGAAAAAATAAAAGCATTAGTAGAAATTTGTACAGAACTGGAAAAAGAAGGAAAAATTTCAAAAATTGGGCCTGAAAATCCATACAATACTCCAGTATTTGCCATAAAGAAAAAAGACAGTACTAAATGGAGAAAAGTAGTAGATTTCAGAGAACTTAATAAGAGAACTCAAGACTTCTGGGAAGTTCAATTAGGAATACCACATCCCGCAGGGCTAAAAAAGAACAAATCAGTAACAGTATTGGATGTGGGTGATGCATATTTTTCAGTGCCCTTAGATGAAGACTTCAGGAAGTATACTGCATTCACCATACCTAGTATAAACAATGAGACACCAGGGATTAGGTATCAGTACAATGTACTTCCACAGGGATGGAAAGGATCACCAGCAATATTCCAAAGTAGCATGACAAAAATTTTAGAGCCTTTTAGAAAACAAAATCCAGACATGGTTATCTATCAATACATGGATGATTTGTATGTAAGCTCTGACTTAGAAATAGGGCAGCATAGACAAAAAATAGAGGAACTGAGGCAACATCTGTGGAGGTGGGGATTTTACACACCAGACAAAAAACATCAGCAAGAACCTCCATTTCGKTGGATGGGTTATGAACTCCATCCKGATAAATGGACAGTACAGCCTATACAACTGCCAGAAAAAGACAGCTGGACTGTCAATGACATACAGAAGTTAGTGGGAAAATTAAATTGGGCAAGTCAGATTTATGCAGGGATTCAAATAAAGCAGTTATGTAAACTCATTAGGGGAACCAAAGCACTAACAGAAGTAGTACCACTAACAGCAGAAGCAGAG------------------------------------------------------------------------------------------------------------------------------------------------------------------------------------------------------------------------------------------------------------------------------------------------------------------------------------------------------------------------------------------------------------------------------------------------------------------------------------------------------------------------------------------------------------------------------------------------------------------------------------------------------------------------------------------------------------------------------------------------------------------------------------------------------------
41529|03HN_TX230|EU312953-IR,CCCATTAGTCCTATTGAAACTGTACCAGTAAAACTAAAGCCAGGAATGGATGGCCCAAGAGTCAAACAATGGCCATTGACAGAAGAGAAAATAAAAGCATTAATAGAAATTTGTACAGAACTGGAAAAGGAAGGAAAAATTTCAAAAATTGGGCCTGAAAATCCATACAATACTCCAGTATTTGCCATAAAGAAAAAARACAGTACTARATGGAGAAAAGTAGTAGATTTCAGAGAGCTTAATAARAGAACTCAAAACTTCTGGGAAGTTCAATTAGGAATACCACATCCCGCAGGGTTAAAAAAGAGCAAATCAGTAACAGTACTAGATGTGGGTGATGCATATTTTTCAGTTCCCTTAGATAAAGACTTCAGGAAGTATACTGCATTCACCATACCTAGTATAAAYAATGAGACACCAGGGATTAGATATCAGTACAATGTGCTTCCACAAGGATGGAAAGGATCACCAGCAATATTCCAATRTAGCATGACAAAAATCTTAGAGCCTTTTAGAAAAGAAAATCCAGACATAGTTATCTGTCAATACGTGGATGATTTGTATGTAGGTTCTGACTTAGAAATAGGACAGCATAGAGCAAAAATAGAAGAACTGAGACAACATCTGTTGAGGTGGGGATTTTACACACCAGACAAAAAACATCAGAAAGAACCTCCATTTCTTTGGATGGGGTATGAACTCCATCCCGATAGATGGACAGTACAGCCTATAATGCTGCCAGAAAAGGACAGCTGGACTGTCAATGACATACAGAAGTTAGTGGGAAAGCTAAATTGGGCAAGTCAGATTTATCCAGGGATTAAAGTAAAACAATTATGTAAACTCCTTAGGGGAGCCAAAGCACTGACAGAAGTAGTACCACTAACAGAAGAAGCAGAGTTAGAACTAGCAGAAAACAGGGAAATTCTAAAGGAACCAGTACATGGGGTGTACTAT---------------------------------------------------------------------------------------------------------------------------------------------------------------------------------------------------------------------------------------------------------------------------------------------------------------------------------------------------------------------------------------------------------------------------------------------------------------------------------------------------------------------------------------------------------------------------------------------------------------------------------------------------------------------------------------------------------------------------------------------------
43702|203|AB356103-IR,CCCATCAGTCCTATTGAAACTGTACCAGTAAAATTAAAGCCAGGAATGGATGGCCCAAAAGTTAAACAATGGCCATTGACAGAAGAAAAAATAAAGGCATTAGTAGAAATTTGTACAGAATTGGAAAAGGACGGGAAAATTTCAAAAATTGGGCCTGAGAATCCATACAATACTCCAATATTTGCCATAAAGAAAAAGAACAGTACTAAATGGAGAAAATTAGTAGATTTCAGAGAACTTAATAAGAAAACTCAAGACTTCTGGGAAGTTCAATTAGGAATACCACATCCCGCAGGGTTGAAAAAGAGAAAATCAGTAACAGTACTGGATGTGGGTGATGCATATTTTTCAATTCCCTTAGATGAAGACTTCAGGAAGTATACTGCATTTACCATACCTAGCATAAACAATCAGACACCAGGGATTAGATATCAGTACAATGTGCTGCCACAGGGATGGAAAGGATCACCAGCAATATTCCAATATAGCATGACAAAAATCTTAGAGCCTTTTAGAAAACAAAATCCGGACATAATTATCTATCAATACATGGATGATTTGTATGTAGGATCTGACTTAGAAATAGGGCAACATAGAACAAAAATAGAAGAATTGAGAGACCATCTGTGGAGATGGGGATTTTACACACCAGACAAAAAACATCAGAAAGAACCTCCCTTCCTTTGGATGGGTTATGAGCTCCATCCT------------------------------------------------------------------------------------------------------------------------------------------------------------------------------------------------------------------------------------------------------------------------------------------------------------------------------------------------------------------------------------------------------------------------------------------------------------------------------------------------------------------------------------------------------------------------------------------------------------------------------------------------------------------------------------------------------------------------------------------------------------------------------------------------------------------------------------------------------------------------------------------------------------------------------------------------------------------------------------------------------------
45408|PRRT_1849|EF369159-IR,CCCATTAGTCCTATTGAAACTGTACCAGTAAAATTAAAGCCAGGAATGGATGGCCCAAAAGTTAAACAATGGCCATTGACAGAAGAAAAAATAAAAGCATTAGTAGAAATCTGTACATTTTTGGAAGAGGAAGGAAAAATTTCAAAAATAGGGCCTGAAAATCCATACAATACTCCAGTATTTGCCATAAAGAAAAAAGACAGTGATAAATGGAGAAAATTAGTAGATTTCAGAGAACTTAATAAGAGAACTCAAGATTTCTGGGAAGTTCAATTAGGAATACCACATCCCGCAGGGCTAAAAAAGAAAAAGTCAGTAACAGTACTGGATGTGGGTGATGCATATTTTTCAATTCCCTTAGATGAAGACTTTAGGAAGTATACTGCATTTACTATACCTAGTGTAAACAATGAGACACCAGGGATTAGATATCAGTACAATGTGCTTCCACAGGGATGGAAAGGATCACCAGCAATATTCCAATGTAGCATGACAAAAATCTTAGAGCCTTTTAGAAAACACAATCCAGACATAGTTATCTATCAATATATGGATGATTTGTATGTAGGATCTGACTTAGAAATAGGGCAGCATAGAACAAAGATAGATGAGCTGAGAGAATATTTGTGGAAGTGGGGATTTTACACACCAGATAAAAAACATCAGAAAGAACCTCCATTCCGTTGGATGGGTTATGAACTCCATCCTGATAAATGGACAGTACAGCCTATAGTGCTACCAGAAAAAGACAGTTGGACTGTCAATGATATACAGAAGTTAGTGGGAAAATTGAATTGGGCAAGTCAGATTTATGCAGGGATTAAGGTAAAGCAATTATGTAAACTCATTAGGGGAACCAAAGCACTAACAGAAGTAATACCACTAACAGAAGAAGCAGAGCTAGAACTGGCAGAAAACAGGGAGATTCTAAAAGAACCAGTACATGGGGTATATTATGACCCGTCAAAAGAGTTAATAGCAGAATTACAGAAGCAGGGGCAAGGCCAATGGACATATCAAATTTATCAAGAGCCATTTAAAAATCTAAAAACAGGAAAGTATGCAAGAACAAGGGGTGCCCACACTAATGATGTAAAACAATTAACAGATGCAGTGCAAAAAATAGCCACAGAAAGCATAGTAATATGGGGAAAGACTCCTAAGTTTAGACTACCCATACAAAAAGAAACATGGGAAACA------------------------------------------------------------------------------------------------------------------------------------------------------------------------------------------------------------------------------------------------------------------------------------------------------------------------------------------------------------------------------------------------------------------------------------------------------------------------------------------------
63613|GDLEVV-RT_249|GU291930-IR,---------------------------------------------------------------------------------------------------------------TGTACAGAATTGGAAAATGAAGGRAAAATTTCAAAAAATTGGCCTGAAAATCCATACAATACTCCAGTATTTGCCATAAAGAAAAAAGACAGTACTAAATGGAGAAAATTAGTAGATTTCAGAGAACTTAATAAGAGAACTCAAGACTTCTGGGAAATTCAATTAGGAATACCACATCCCGCAGGGTTAAAAAAGAAMAAATCAGTAACAGTACTGGATGTGGKTGATGCATATTTTTCAATTCCCTTAGATGAAGACTTCAGGAAGTATACTGCATTTACCATACCTWGTACAAACAATGAGACACCAGGGATTAGATATCAGTACAATGTACTTCCACAGGGATGGAAAGGATCACCAGCAATATTCCAAARTAGCATGACAAAAATCTTGGAGCCTTTTAGAAAACAAAATCCARACATAGTCATCTGTCAATACATGGATGATTTGTATGTAGCATCTGACCTAGAAATAGGGCAGCATAGAACAAAAATAGAGGAACTGAGACAACATCTGTGGAAATGGGGATTTTACACACCAGACAAAAAACATCAGAAAGAACCTCCATTCCTTTGGATGGGATATGAACTCCATCCTGATAAATGGACAGTACAGCCTATAAAGCTG------------------------------------------------------------------------------------------------------------------------------------------------------------------------------------------------------------------------------------------------------------------------------------------------------------------------------------------------------------------------------------------------------------------------------------------------------------------------------------------------------------------------------------------------------------------------------------------------------------------------------------------------------------------------------------------------------------------------------------------------------------------------------------------------------------------------------------------------------------------------------------------------------------------------------------------------------------------------------
67173|602331|-IR,CCCATTAGTCCTATTGAAACTGTACCAGTAAAATTAAAGCCAGGAATGGATGGCCCAAGAGTTAAACAATGGCCTTTGACAGAAGAAAAAATAAAAGCATTAGTAGAAATTTGTACAGAACTGGAAGAGGCAGGGAAAATCTCAAAAATTGGGCCTGAAAATCCATACAATACTCCAATATTTGCCATAAAGAAAAAGGACGGTACTAAATGGAGAAAATTAGTAGATTTCAGAGAACTTAATAAGAGAACTCAAGACTTCTGGGAAGTTCAATTAGGAATACCACATCCCGGAGGACTAAAAAAGAAAAAGTCAGTAACAGTACTGGATGTGGGTGATGCATACTTTTCAATTCCCTTAGATAAAGACTTCAGGAAGTATACTGCATTTACCATTCCTAGTATAAACAATGAGACACCAGGGATTAGATATCAGTACAATGTGCTTCCACAGGGATGGAAAGGGTCACCAGCAATATTCCAAAGTAGCATGACAAGAATCTTAGAGCCTTTTAGAAAACAAAATCCAGACATAGTCATCTATCAATACATGGATGATTTGTATGTAGGATCTGACTTAGAAATAGGGCAGCATAGAACAAAAATAGAGGAACTGAGACAACATCTATGGAAATGGGGATTKKRCACACCAGACAAAAAGCATCAGAAAGAACCTCCATTCCTTTGGATGGGGTATGAACTCCATCCTGACAAATGGACAGTACAGCCTATAGTACTGCCAGAAAAAGATAGTTGGACTGTCAATGACATACAGAAGTTAGTGGGAAAATTGAATTGGGCAAGTCAGATTTATGCAGGGATTAAAGTAAGGCAGTTATGTAAACTCCTTAGGGGAGCCAAAGCACTAACAGAAGTAATACCACTAACAAGAGAAGCAGAGTTAGAACTGGCAGAAAACAGGGAGATTCTAAGACAACCAGTACATGGAGTGTACTATGACCCATCAAAAGACTTAGTAGCAGAAATACAGAAGCAGGGGCAAGGC---------------------------------------------------------------------------------------------------------------------------------------------------------------------------------------------------------------------------------------------------------------------------------------------------------------------------------------------------------------------------------------------------------------------------------------------------------------------------------------------------------------------------------------------------------------------------------------------------------------------------------------------------------------------------------------------------
67749|2-00-0555|-IR,CCCATTAGTCCTATTGAAACTGTACCAGTAAAATTAAAGCCAGGAATGGATGGCCCAAAAGTTAAACAATGGCCATTGACAGAAGAAAAAATAAAAGCATTAATAGAAATTTGTTCAGAACTGGAAAAGGAAGGGAAAATTTCAAAGATTGGGCCTGAAAACCCATACAATACTCCAGTATTTGCCATAAAGAAAAAGGACAGTAATAAATGGAGAAAATTAATGGATCTCAGAGAACTTAATAAGAGAACTCAAGACTTCTGGGAAGTTCAATTAGGAATACCACACCCCGCAGGGTTACAAAAGAAAAAATCAGTAACAGTACTAGACGTAGGAGATGCATATTTCTCAGTTCCCTTAGATGAAGAGTTCAGAAAGTATACTGCATTTACCATACCTAGTACAAACAATGAGACACCAGGGATTAGGTATCAGTACAATGTGCTTCCACAGGGATGGAAAGGATCACCAGCAATATTCCAAAGTAGCATGACAAAAATCTTAGAGCCTTTTAGAGAACAAAATCCAGACATAGTTATCTATCAATACATGGATGATTTGTATATAAGTTCTGACTTAGAAATAGGGCAGCATAGAAAGAAAATAGAGGAACTGAGAGAACATCTGTGGAGGTGGGGATTTTACACACCAGACAAAAAACATCAGAAAGAACCCCCATTCCTATGGATGGGTTATGAACTCCATCCTGATAAATGGACAGTACAGCCTATACAGCTGCCAGAAAAGGACAGCTGG------------------------------------------------------------------------------------------------------------------------------------------------------------------------------------------------------------------------------------------------------------------------------------------------------------------------------------------------------------------------------------------------------------------------------------------------------------------------------------------------------------------------------------------------------------------------------------------------------------------------------------------------------------------------------------------------------------------------------------------------------------------------------------------------------------------------------------------------------------------------------------------------------------------------------------------------------------
68655|US2006CR129|-IR,CCCATTAGTCCTATTGAAACTGTACCAGTAAAATTAAAGCCAGGAATGGATGGCCCGAAAGTTAAACAATGGCCATTGACAGAAGAAAAAATAAAAGCATTAAYRGAAATTTGTRCAGAACTGGAAAABGAAGGAAAAATTTCAAAAATTGGGCCTGAAAATCCATACAATACTCCAGTATTTGCCATAAAGAAAAAAGACAGTACTAAATGGAGAAAAYTAGTAGATTTCAGAGAACTTAATAAAAGAACTCAAGARTTCTGGGAAGTTCAATTAGGAATACCACATCCCGCAGGGTTAAAAAAGAGTAAATCAGCAACAGTACTAGATGTGGGYGATGCATATTTTTCARTTCCCTTAGATAAAGACTTCAGGAAGTATACTGCATTCACCATACCTAGTATAAACAATGAGACACCAGGGACTAGATATCAGTACAATGTACTCCCACAAGGATGGAAAGGATCACCAGCAATATTCCAAAGTAGCATGACAAAAATCTTAGAGCCTTTTAGAAAACAGAATCCAGACATAGTTATCTATCAATACATGGATGATTTATATGTAGGATCTGATTTAGAAATAGGGCAGCATAGAACAAAAGTARASGAACTGAGACAACATCTGTKGAGGTGGGGATTTTACACACCAGACAAAAAGYATCAGMAAGAACCCCCATTTCTTTGGATGGGTTATGAACTCCATCCYGATAAATGGACAGTACAGCCTATARTGCTGCCAGAAAAAGACAGCTGGACTGTCAATGACATACAGAAGTTAGTAGGAAAATTAAATTGGGCAAGTCAGATCTACTCAGGGATTAAAGTAAAACAATTATGTAAACTCCTTARGGGGGCYAAAGCACTAACAGAAGTARTACCACTAACAGCAGAAGCAGAGTTAGAACTGGCAGAA---------------------------------------------------------------------------------------------------------------------------------------------------------------------------------------------------------------------------------------------------------------------------------------------------------------------------------------------------------------------------------------------------------------------------------------------------------------------------------------------------------------------------------------------------------------------------------------------------------------------------------------------------------------------------------------------------------------------------------------------------------------------------------------------
68707|US2006CR181|-IR,CCCATTAGTCCTATTGAAACTGTACCAGTACAATTAAAGCCAGGAATGGATGGCCCAAAAGTTAAACAATGGCCATTGACAGAAGAGAAAATAAAAGCATTARTAGAAATYTGTACAGAAATGGAAAAGGAAGGAAAAATTTCAAAAATTGGGCCTGAAAATCCATACAATACTCCAGTATTTGCCATAAAGARAAAAGAYAGTACTAAATGGAGAAAATTAGTAGATTTCAGAGAACTTAATAAGAGAACTCAAGACTTTTGGGAAGTTCAATTAGGAATACCACAYCCYGCAGGGTTAAAAAAGAAAAAGTCAGTAACAGTACTGGATGTRGGTGATGCATATTTTTCAGTTCCCTTAGATAAAGACTTCAGGAAGTATACTGCATTYACCATACCTAGTATAAACAATGAGACACCAGGGATCAGATATCAGTACAATGTGCTTCCACAGGGATGGAAAGGATCACCAGCAATATTCCAAAGTAGCATGACAAAAATCYTAGAGCCTTTTAGRAAACAAAATCCAGACATAGTTATCTATCAATACATGGATGATTTGTATGTAGGATCTGACTTAGAAATAGGACAGCAYAGAAYAAAAATAGAGGAACTGAGACAACATCTGTTGAAATGGGGAKTTAYCACACCAGAYAAAAAACATCAGAAAGAACCCCCATTCCTTTGGATGGGTTATGAACTCCATCCTGATAAATGGACAGTACAGCCTATAGTRYTGCCAGAAAAAGAYAGYTGGACTGTCAATGACATACAGAAGTTAGTGGGAAARTTAAACTGGGCAAGTCAGATTTACCCAGGGATTAGGGTAARGCAACTATGTAAACTCCTTAGGGGAACCAAAGCACTAACAGAAATAGTACCACTAACAGCAGAAGCAGAGTTAGAACTGGCAGAA---------------------------------------------------------------------------------------------------------------------------------------------------------------------------------------------------------------------------------------------------------------------------------------------------------------------------------------------------------------------------------------------------------------------------------------------------------------------------------------------------------------------------------------------------------------------------------------------------------------------------------------------------------------------------------------------------------------------------------------------------------------------------------------------
70310|06ARC076|GQ344961-IR,CCAATAAGTCCTATTGAAACTGTACCAGTAAAATTAAAGCCAGGAATGGATGGGCCAAAGGTTAAACAATGGCCATTGACAGAAGAAAAATTAAAAGCACTAACAGAAATCTGTACAGAGATGGAAAAGGACGGAAAAATTTCAAAAATTGGGCCAGAAAATCCATACAATACTCCAGTATTTGCCTTAAAGAGAAAGGACGGT---AAATGGAGAAAATTAGTAGATTTCAGGGAACTTAATAAAAGAACTCAAGATTTTTGGGAGGTTCAATTAGGAATACCACACCCTGCAGGGTTAGAAAAGAAAAAATCAGTAACAGTGCTGGATGTGGGGGATGCATATTTTTCAGTTCCCTTAGATAAGGAGTTCAGGAAGTACACTGCATTCACCATACCTAGCATCAACAATGAGACACCAGGGATTAGATATCAGTACAACGTGCTTCCACAGGGATGGAAAGGGTCAGCAGCAATATTCCAATGTAGCATGACAAAAATCTTAGAGCCCTTTAGAGCAAAGAATCCAGAAATAGTTATTTTACAATACATGGATGATCTGTATGTAGGGTCTGATTTAGAAATAGGGCAGCATAGAAAAAAGATAGAGGAGTTAAGAGAACATCTATTGAAATGGGGATTTACTACACCAGATAGGAAACATCAGAAGGAACCCCCATTTCTTTGGATGGGGTATGAACTCCATCCTGATAAATGGACAGTACAGGCTATACAGTTACCAGACAAAAGCAGCTGGACTGTCAATGATATACAGAAGTTAGTGGGAAAACTCAATTGGGCAAGTCAGATTTATCCAGGGATTAGAGTAAAGCACTTATGTAAACTCCTTAGAGGAACCAAAGCACTAACAGATGTAGTGCCACTGACTGCAGAAGCAGAGTTAGAACTGGCAGAGAACAGGGAAATTCTAAAGGAACCAGTACATGGGGTATATTATGACCCATCAAAAGAATTAATAGCAGAAATACAGAAACAAGGGCAAGACCAGTGGACATATCAAATTTATCAAGAGCCACATAAAAATCTGAAAACAGGAAAGTATGCAAAAAGGAAGTCTGCCCACACTAATGATGTAAAACAATTAACAGAGGCAGTGCAAAAAATAGCCACAGAAAGCATAGTAATATGGGGAAAGATTCCTAGATTCAGACTACCCATACAAAAGGAAACATGGGAAATATGGTGGACAGATTATTGGCAGGCCACCTGGATTCCTGAATGGGAGTTTGTCAATACCCCGCCTCTAGTAAAATTATGGTACCAATTGGAAACAGAGCCCATATTAGGAGCAGAAACTTTC------------------------------------------------------------------------------------------------------------------------------------------------------------------------------------------------------------------------------------------------------------------------------------------------------------------------------------------------------------------------
73367|26IND431|GU108157-IR,------------------------CCAGTAAAATTAAAGCCAGGAATGGATGGCCCAAAAGTTAAACAGTGGCCATTGACAGAGGAGAAAATAAAAGCAATAACAGAAATTTGTGAAGAAATGGAGAAGGAGGGAAAAATTACAAAAATTGGGCCTGAAAATCCATATAACACTCCAGTATTTGCCATAAAAAGGAAGGACGGT---AAGTGGAGAAAATTAGTAGATTTCAGGGAACTTAATAAGAGAACTCAAGATTTTTGGGAAGTTCAATTAGGAATACCTCACCCAGCAGGGTTAAAAAAGAACAAATCAGTGACAGTACTGGATGTGGGGGATGCATATTTTTCAGTTCCTTTATATGAAGATTTCAGGAAATATACTGCATTCACCATACCCAGTACAAACAATGAAACAACAGGGATTAGGTATCAATATAATGTGCTTCCACAGGGATGGAAAGGATCACCAGCAATATTTCAGGCTAGCATGACAAAAATCTTAGAGCCCTTTAGAGCGAAAAATCCAGAAATAGTCATCTGTCAATATATGGATGACTTGTATGTAGGATCAGACTTAGAAATAGGGCAACATAGAGCAAAAATAGAGGAATTAAGAGAACATCTGTTAAAGTGGGGACTTACCACACCAGACAGGAAATATCAGAAGGAACCCCCATTTCTTTGGATGGGGTATGAACTCCATCCTGACAAGTGGACAGGACAGCCCATACAGCTGCCAGAAAAGGATAGCTGGACTGTCAAT---------------------------------------------------------------------------------------------------------------------------------------------------------------------------------------------------------------------------------------------------------------------------------------------------------------------------------------------------------------------------------------------------------------------------------------------------------------------------------------------------------------------------------------------------------------------------------------------------------------------------------------------------------------------------------------------------------------------------------------------------------------------------------------------------------------------------------------------------------------------------------------------------------------------------------------------------
73377|4IND441|GU108167-IR,------AGTCCTATTGAAACTGTACCAGTAAAATTAAAGCCAGGAGTGGATGGCCCAAAGGTTAAACAATGGCCATTGACAGAAGAAAAAATAAAAGCATTAACAGAAATTTGTGAGGAACTGGAGAAGGAAGGAAAAATTACAAAAATTGGGCCTGAAAATCCATATAACTCTCCAATATTTGCCATAAAAAAGAAGAACAGTACTAGGTGGAGAAAATTAATAGATTTAAGGGAACTCAATAAAAGAACTCAAGATTTTTGGGAAGTTCAATTAGGAATACCACACCCAGCAGGGTTAAAAAAGAAAAAATCAGTGACAGTACTAGATGTGGGGGATGCATATTTTTCAATTCCTTTATATGAGGACTTCAGGAAGTATACTGCATTCACCATACCTAGTAGAAATAATGAAACACCAGGGATTAGGTATCAATATAATGTGCTTCCACAGGGATGGAAAGGATCACCAGCAATCTTCCAGAGTAGCATGACAAAAATCTTAGAGCCCTTTAGGGCACGAAATCCAGAAATGGTCATCTGTCAATATGTGGATGACTTGTATGTAGCATCTGACTTAGAAATAGGACAACATAGAGCAAAAATAGAGGAGTTAAGAGGATATTTGTYAAAGATGGGATTTTACACACCAGACAAGAAATATCAAAAAGAACCTCCATTTCTTTGGATGGGRTATGAACTCCATCCTGACAAATGGACAGTACAGCCTATACAGCTGCCAGAAAAGGATAGCTGGACTGTCAAT---------------------------------------------------------------------------------------------------------------------------------------------------------------------------------------------------------------------------------------------------------------------------------------------------------------------------------------------------------------------------------------------------------------------------------------------------------------------------------------------------------------------------------------------------------------------------------------------------------------------------------------------------------------------------------------------------------------------------------------------------------------------------------------------------------------------------------------------------------------------------------------------------------------------------------------------------
75523|99FR-MP1307|AJ291720-IR,CCAATTAGTCCTATTGACACTGTACCAGTAAAATTAAAACCAGGAATGGATGGCCCAAAAGTTAAACAATGGCCATTGACAGAAGAGAAAATAAAAGCATTAACAGAAATCTGTACAGAATTGGAAAAGGAAGGAAAAATTTCAAAAATTGGGCCTGAAAACCCATATAACACTCCAGTGTTTGCCATAAAGAAAAAGAACAGCACTAAATGGAGAAAATTAGTTGATTTTAGGGAACTCAATAAAAGAACTCAAGACTTTTGGGAAGTTCAATTAGGAATACCACACCCAGCAGGGTTAAAAAAGAAGAAATCAGTAACAGTACTGGATGTGGGGGATGCATATTTCTCAGTCCCTCTAGATGAAAGCTTCAGGAAATATACTGCATTCACTATACCTAGTATAAACAATGAGACACCAGGGATTAGATATCAGTACAACGTGCTACCACAGGGATGGAAAGGATCACCTGCTATATTCCAGAGTAGCATGACAAAAATCTTAGAACCATTTAGAACACAAAATCCAGATATAGTTATATATCAATACATGGATGACTTGTATATGGGATCTGACTTAGAAATAGGGCAGCATAGAGAGAAGGTAGAGGAATTGAGGGAGCATCTATGGAAATGGGGATTCTACACACCAGATAAAAAACATCAGAAAGAACCTCCATTCCTTTGGATGGGATATGAGCTCCATCCTGACAAATGGACAGTACAACCTATACAGCTGCCAGACAAGGAATGTTGGACTGTCAATGATATACAAAAATTAGTGGGAAAACTAAATTGGGCAAGTCAGATTTATCCAGGGATTAAAGTAAAACAACTATGTAAACTCCTTAGGGGGACCAAAGCATTAACAGACATAGTACCACTGACTGCAGAAGCAGAATTGGAGTTGGCAGAGAACAGGGAAATTTTAAAAGAACCAGTACATGGAGTATATTATGACCCAGCAAAAGACTTAATAGCAGAAGTACAGAAACAAGGGCTAGATCAGTGGACATATCAAATATTTCAAGAGCCATTCAAAAACCTGAAAACAGGGAAATATGCAAAAAGGAGGACTGCCCACACTAATGATGTAAGGCAATTGGCAGAAGTGGTGCAGAAAATAGCCACAGAAAGCATAGTAATATGGGGAAAAACTCCTAAATTTAGACTACCCATACAAAGGGAAACATGGGAGACATGGTGGACAGACTATTGGCAGGCCACCTGGATCCCTGAATGGGAGTTTGTCAATACCCCCCCTCTAGTAAAATTATGGTACCATTTAGAAAAGGAGCCCATAATAGGAGCAGAAACTTTCTATGTAGATGGGGCAGCTAATAGGGAAACTAAAATGGGAAAAGCAGGGTATATCACGGACAAAGGAAGGCAGAAAGTGGTTACCCTAACTGAAACAACAAATCAAAAGGCTGAACTAGAAGCAATTCATTTAGCTCTGCAGGATTCAGGACTAGAAGCAAATATAGTAACAGACTCACAATATGCATTGGGAATTATTCAAGCACAACCAGATAAGAGTGAGTCAGAATTAGTCAGTCAAATAATAGAACAGTTAATAATGAAGGAAAAAGTCTACCTGTCATGGGTACCAGCACATAAAGGAATTGGAGGAAATGAACAAGTAGATAAATTAGTCAGTTCTGGAGTCAGAAAAGTGCTA
75533|01-1056KP|AY803469-IR,CCAATAAGTCCTATTGAAACTGTACCAGTAAAATTAAAGCCAGGAATGGATGGCCCAAAAGTTAAACAATGGCCATTGACAGAAGAAAAAATAAAAGCATTAACAGAAATTTGTACAGAATTGGAAAAGGACGGAAAAATTTCAAGAATTGGGCCTGAAAATCCATACAATACTCCAATATTTGCCATAAAGAAAAAAGACAGTACTAAGTGGAGAAAATTAGTAGATTTCAGAGAACTTAATAAGAGAACTCAAGACTTCTGGGAAGTTCAACTAGGAATACCACATCCTGCAGGGCTAAAGAAGAAAAAATCAGTAACAGTATTGGATGTGGGTGATGCATACTTCTCAGTTCCCTTGTATGAAGACTTTAGAAAATATACAGCATTCACTATACCTAGTATAAATAATGAGACACCAGGAATTAGATATCAGTACAATGTGCTTCCACAAGGATGGAAAGGATCACCAGCAATATTCCAAAGTAGCATGACAAAAATCTTAGACCCTTTTAGAAAACAAAATCCAGAAATAGTTATCTGTCAGTACATGGATGATTTGTATGTAGCATCTGACTTAGAAATAGGGCAGCATAGAATAAAAATAGAGGAATTAAGGGAACACCTATGGAAGTGGGGATTTTACACACCAGACAAAAAGCATCAGAAGGAACCTCCATTTCGTTGGATGGGTTATGAACTCCATCCTGATAAATGGACAGTACAGCCTATACAACTGCCAGAAAAAGAAAGCTGGACTGTCAATGATATACAGAAGTTAGTGGGAAAATTAAATTGGGCTAGTCAGATTTATGCAGGAATCAAAGTAAAGCAATTATGCAGATGCATTAGGGGAGCTAAAGCATTGACAGAAATAGTACCACTGACAGAAGAAGCAGAATTAGAACTGGCAGAAAACAGAGAAATTTTAAAAGAACCAGTACAGGGAGTGTATTATGACCCATCTAAAGACTTAATAGCAGAAATACAGAAACAAGGG---------------------------------------------------------------------------------------------------------------------------------------------------------------------------------------------------------------------------------------------------------------------------------------------------------------------------------------------------------------------------------------------------------------------------------------------------------------------------------------------------------------------------------------------------------------------------------------------------------------------------------------------------------------------------------------------------------
79300|B037RT|DQ190995-IR,---------------------------------------------------------------------------------------------------------GAAATCTGTACAGAAATTGGAACAGGAGGGAAAATTTCAAAAATTGGGCCTGAAAATCCATATAATACTCCAGTATTTGCCATAAAGAAAAAGAACAGTACTAAATGGAGAAAGGTAGTAGATTTCAGAGAACTTAATAAGAAAACTCAAGACTTCTGGGAAGTTCAATTAGGGATACCGCATCCCGGAGGGTTAAAAAAGAACAAGTCAGTAACAATACTGGATGTGGGTGATGCATATTTTTCAATTCCCTTAGATAAAGATTTCAGGAAGTATACTGCATTTACCATACCTAGTATAAACAATGAGACACCAGGGATTAGATATCAGTACAATGTGCTTCCACAGGGATGGAAAGGATCACCAGCAATATTCCAGAGCAGCATGACAAAAATCTTAGAGCCTTTTAGAAAACAAAATCCGGACATAGTTATCTGTCAATACGTGGATGACTTGTATGTAGCATCTGACTTAGAAATAGGGCAGCATAGAGCAAAAATAGAGGAACTGAGACAATATCTGTGGAAGTGGGGATTTTACACACCAGACAACAAACATCAGNAAGAACCTCCATTACTTTGGATGGGTTATGAACTA------------------------------------------------------------------------------------------------------------------------------------------------------------------------------------------------------------------------------------------------------------------------------------------------------------------------------------------------------------------------------------------------------------------------------------------------------------------------------------------------------------------------------------------------------------------------------------------------------------------------------------------------------------------------------------------------------------------------------------------------------------------------------------------------------------------------------------------------------------------------------------------------------------------------------------------------------------------------------------------------------------------
79348|PA171|DQ343973-IR,CCCATTAGTCCTATTGAAACTGTACCAGTAAAATTAAAACCAGGAATGGATGGCCCAAAAGTTAAACAATGGCCATTGACAGAGGAAAAAATAAAAGCATTAGTAGAAATTTGTACAGAATTGAAAAAGGAAGGAAAAATTTCAAAAATTGGGCCTGAAAATCCCTATAATACCCCAGTATTTGCCCTAAAGAAAAAGGACAGTACTAAATGGAGAAAGTTAGTGAATTTCAGAGAACTCAATAAGAGAACCCAAGACTTCTGGGAAGTTCAATTAGGAATACCACATCCTGCAGGGTTAAAAAAGAAAAAATCAGTAACAGTACTGGATGTGGGTGATGCATATTTTTCAGTTCCCTTAGACAAAGACTTCAGAAAGTATACTGCATTTACTATAACTAGTATAAACAATGAGACACCAGGGGTTAGATATCAGTACAATGTGCTTCCACAGGGATGGAAAGGATCACCAGCAATATTCCAAAGCAGCATGACAAAAATCTTAGAGCCTTTTAGAAAACAAAATCCAGATATAGTTATCTATCAATACATGGATGATTTGTATGTAGGATCTGACTTAGAAATAGGGCAGCATAGAACAAAAATAGAGAAACTGAGACAACACCTGTGGAAGTGGGGGTTTTACACACCAGACAAAAAGCATCAGAAGGAACCT---------------------------------------------------------------------------------------------------------------------------------------------------------------------------------------------------------------------------------------------------------------------------------------------------------------------------------------------------------------------------------------------------------------------------------------------------------------------------------------------------------------------------------------------------------------------------------------------------------------------------------------------------------------------------------------------------------------------------------------------------------------------------------------------------------------------------------------------------------------------------------------------------------------------------------------------------------------------------------------------------------------------------------------------
84795|S17|JF895204-IR,CCCATTAGTCCTATTGAGACTGTACCAGTAAAATTAAAGCCAGGAATGGATGGCCCAAAAGTTAAACAATGGCCATTGACAGAAGAAARAATAAAAGCATTAGTAGAAATTTGTACAGAAATGGAAAAGGAAGGGAAAATTTCAAAGATTGGGCCTGAAAACCCATACAATACTCCAGTATYTGCCAKAAARARAMARSWMAGTACTAAATGGAGAAAATTAGTAGATTTCAGAGAACTTAATAAGAGAACTCAAGACTTCTGGGAAGTTCAACTAGGGATACCMCATCCCGCAGGGTTAAAAAAGAAAAAATCAGTAACAGTACTGGATGTGGGTGATGCATACTTTTCAGTTCCCTTAGATAAAGACTTCAGAAAGTATACCGCATTTACCATACCYAGTATAAATAATGAGACACCAGGGATTAGATATCAGTACAATGTGCTTCCACAGGGATGGAAAGGATCACCAGCAATATTCCAAAGTAGTATGACCAAAATCTTAGAGCCTTTTAGAAAACACAATCCAGATATAGTTATCTATCAATACATGGATGATTTGTATGTAGGATCTGACTTAGAAATAGAGCAGCATAGAATAAAAGTAGAGGAACTGAGACAACATCTGTTGGGGTGGGGGTTTAYTACACCAGACAAGAAACATCAGAAAGAACCTCCATTCCTTTGGATGGGTTATGAACTCCATCCTGATAAATGGACAGTACAGCCTATAATGCTG------------------------------------------------------------------------------------------------------------------------------------------------------------------------------------------------------------------------------------------------------------------------------------------------------------------------------------------------------------------------------------------------------------------------------------------------------------------------------------------------------------------------------------------------------------------------------------------------------------------------------------------------------------------------------------------------------------------------------------------------------------------------------------------------------------------------------------------------------------------------------------------------------------------------------------------------------------------------------
8637|JS96446|AJ401760-IR,------------------------------------------------------------------------CCATTGACAGAAGAAAAAATAAAAGCATTAGTAGAAATTTGTGCTGAAATGGAACAAGAAGGGAAAATTTCAAAAATTGGGCCTGAAAATCCATACAATACTCCAATTTTTGCCATAAAGAAAAAAAATAGTACTAGATGGAGAAAATTAGTAGATTTCAGAGAACTTAATAAGAGAACTCAAGACTTCTGGGAAGTTCAATTAGGAATACCACATCCCGCAGGGTTAAAAAAGAAAAAATCAGTAACAGTACTGGATGTGGGTGATGCATATTTTTCAGTTCCCTTACATGAAGACTTCAGGAAGTATACTGCATTTACCATACCTAGTACTAACAATGAGACACCAGGGGTTAGATATCAGTACAATGTGCTTCCACAGGGATGGAAAGGATCACCAGCAATATTCCAAAGTAGCATGACAAAAATCTTAGAGCCTTTTAGAAGTCAAAATCCAGACCTTGTTATCTATCAATACATGGATGATTTGTATGTAGGATCTGACTTAGAAATAGGGCAGCATAGAGCTAAAATAGAGGAGCTGAGACAACATCTGTGGAATTGGGGACTTTATACACCAGACAAAAAACATCAGAAAGAACCTCCATTCCTTTGGATGGGTTATGAACTCCATCCTGATAAATGGACAGTACAGCCTGTTATTCTGCCAGAAAAAGACAGCTGG------------------------------------------------------------------------------------------------------------------------------------------------------------------------------------------------------------------------------------------------------------------------------------------------------------------------------------------------------------------------------------------------------------------------------------------------------------------------------------------------------------------------------------------------------------------------------------------------------------------------------------------------------------------------------------------------------------------------------------------------------------------------------------------------------------------------------------------------------------------------------------------------------------------------------------------------------------
88131|BJ07590|JF906681-IR,CCMATTAGTCCTATTGAAACTGTACCAGTAAAATTAAAGCCAGGAATGGATGGCCCAAAAGTTAAACAATGGCCATTGACAGAAGAAAAAATAAAAGCATTAGTAGAAATTTGTACAGAAATGGAAAAGGAAGGGAAAATTTCAAAAATCGGGCCTGAAAATCCATACAATACTCCAGTATTTGTCATAAAGAGAAAAGACAGT---AAATGGAGAAAATTAKTAGATTTCAGGGAACTTAATAAAAGAACTCAAGACTTTTGGGAAGTTCAATTAGGAATACCACATCCCGCAGGGTTAAAAAAGAAAAAATCAGTAACAATCCTGGATGTGGGTGATGCATATTTTTCAGTCCCTTTAKATAAAAACTTCAGGAAGTATACTGCATTTACCATACCTAGTGTAAACAATGAGACACCAGGGATCAGATATCAGTACAACGTGCTTCCACAGGGATGGAAAGGATCACCAGCAATATTCCAGTGTAGCATGACAAAAATCTTAGAGCCTTTTAAAAAACAAAATCCAGACATAGTTATCTGTCAATACATGGATGATTTGTATGTAGGATCTGACTTAKAAATAGGGCAGCATAGAGCAAAAATAGAGGAACTGAGACAACATCTGTTGAGGTGGGGATTTACCACACCAGACAGAAAATATCAGAAAGAACCTCCCTTCCTTTGGATGGGTTATGAACTCCATCCTGATAAATGGACAGTACAGCCTATAGTGCTGCCAGAAAAGGACAGCTGGACTGTCAATGACATACAGAAGTTAGTGGGAAAGTTAAATTGGGCAAGTCAGATTTATCCAGGGATTAAAATAAAGGAGTTATGTAAACTCCTTAGGGGAACCAAAGCACTAACAGAAGTAATACCACTAACAGAAGAA------------------------------------------------------------------------------------------------------------------------------------------------------------------------------------------------------------------------------------------------------------------------------------------------------------------------------------------------------------------------------------------------------------------------------------------------------------------------------------------------------------------------------------------------------------------------------------------------------------------------------------------------------------------------------------------------------------------------------------------------------------------------------------------------------------------
94108|690114JWVE|JQ292042-IR,CCCATTAGTCCTATTGAAACTGTACCAGTAAAATTAAAGCCGGGAATGGATGGCCCAAAAGTTAAACAATGGCCATTGACAGAGGAAAAAATAAAAGCATTAGTAGAAATTTGTGCAGAACTGGAAAAGGAAGGAAAAATTTCAAGAATTGGGCCTGAAAATCCATATAATACTCCAATATTTGCCATAAAGAAAAAAGACAGTACTAAATGGAGAAAATTAGTAGATTTCAGAGAACTTAATAAGAAAACTCAAGACTTCTGGGAAGTTCAATTAGGAATACCACATCCCGCAGGGTTGAAAAAGAAAAAATCAGTAACAGTACTGGATGTGGGTGATGCATATTTTTCAGTTCCCTTAGATAAAGACTTCAGGAAGTATACTGCATTTACCATACCTAGTACAAACAATGAGACACCAGGGATTAGATATCAGTACAATGTGCTTCCACAGGGATGGAAAGGATCACCAGCAATATTTCAAAGTAGCATGACAAAAATCTTAGATCCTTTTAGAAAACAAAATCCAGACATAGTGATCTATCAATACATGGATGATTTGTATGTAGGATCTGACTTAGAAATAGGGCAACATAGAACAAAAATAGAGGAATTAAGACAACATCTGTGGAAGTGGGGATTTTACACGCCAGACAAAAAACATCAGAAAGAACCCCCATTCCTTTGGATGGGTTATGAACTCCATCCTGACAAATGGACAGTACAGCCTATAGTGCTGCCAGAAAAAGAC------------------------------------------------------------------------------------------------------------------------------------------------------------------------------------------------------------------------------------------------------------------------------------------------------------------------------------------------------------------------------------------------------------------------------------------------------------------------------------------------------------------------------------------------------------------------------------------------------------------------------------------------------------------------------------------------------------------------------------------------------------------------------------------------------------------------------------------------------------------------------------------------------------------------------------------------------------------
94780|690101SEP|JQ292714-IR,CCCATTAGTCCTATTGAACCTGTACCAGTAAAATTAAAGCCAGGAATGGATGGCCCAAAAGTTAACCAATGGCCATTGCCAGAAGAAAAGATAAAAGCATTAGTAGAAATTTGTACAGAAATGGAAAAGGAAGGAAAAATTGAAAAAATTGGGCCTGAAAATCCATACAATACTCCAGTATTTGCCATAAAGAAAAAGAACAGTGATAGATGGAGAAAATTAGTAGATTTCAGAGAACTTAATAAAAGAACTCAAGACTTCTGGGAAGTTCAATTAGGGATACCACATCCTGCAGGGCTAAAAAAGAAAAAATCAGTAACAGTACTGGATGTGGGTGATGCATATTTTTCAATTCCCTTAGATAAAGAATTCAGGAAGTATACTGCATTTACCATACCCAGTATAAACAATGAGACACCAGGGATTAGATATCAATATAATGTGCTTCCACAGGGATGGAAAGGATCACCAGCAATATTCCAATGTAGCATGACAAAAATTTTAGAGCCTTTTAGAAAACAAAATCCAGACCTCGTTATATATCAATACATGGATGATTTGTATGTAGGATCTGACTTAGAAATAGGGCAGCATAGAACAAAAATAGAGGAACTGAGACAACATCTGTGGAAGTGGGGATTTGACACACCAGACAAAAAACATCAGAAAGAACCTCCATTCCTTTGGATGGGTTATGAACTCCATCCTGATAAATGGACAGTACAGCCTATAACGCTGCCAGAAAAAGACAGCTGGACTGTCAATGACATACAGAAG---------------------------------------------------------------------------------------------------------------------------------------------------------------------------------------------------------------------------------------------------------------------------------------------------------------------------------------------------------------------------------------------------------------------------------------------------------------------------------------------------------------------------------------------------------------------------------------------------------------------------------------------------------------------------------------------------------------------------------------------------------------------------------------------------------------------------------------------------------------------------------------------------------------------------------------
94782|751409BAH|JQ292716-IR,---------------------------------------------------------------------------------------------------------GAAATTTGTACAGAATTGGAAGAGGACGGAAAAATTTCAAAAATCGGGCCTGAAAATCCATACAATACTCCAGTATTTGCCATAAAGAAAAAAGACAGTACTAAATGGAGAAAATTAGTAGATTTCAGAGAACTTAATAAGAGAACTCAAGATTTCTGGGAGGTTCAGTTAGGCATACCACATCCCGCAGGGTTACCAAGGAGCAAATCAATAACAGTACTGGATGTGGGTGATGCATATTTTTCAATTCCCTTACATAAAGACTTCAGGAAGTATACTGCATTTACCATACCTAGTATAAACAATGAGACACCAGGGATTAGATATCAGTACAATGTGCTTCCACAGGGATGGAAAGGATCACCAGCAATATTCCAAGCTAGCATGACAAAAATCTTAGAGCCTTTTAGAAAACAAAATCCGGACATAGTTATCTATCAATACATGGATGATTTGTATGTAGGGTCTGACTTAGAAATAGAGCAGCATAGAACAAAAATAGAGGAACTGAGACAACATTTGTGGAAATGGGGATTTTACACACCAGACAAAAAACATCAACAAGAACCTCCATTCCGTTGGATGGGTTATGAACTCCATCCTGATAAATGGACAGTACAGCCT---------------------------------------------------------------------------------------------------------------------------------------------------------------------------------------------------------------------------------------------------------------------------------------------------------------------------------------------------------------------------------------------------------------------------------------------------------------------------------------------------------------------------------------------------------------------------------------------------------------------------------------------------------------------------------------------------------------------------------------------------------------------------------------------------------------------------------------------------------------------------------------------------------------------------------------------------------------------------------------
94783|940110DSV|JQ292717-IR,------------------------------AAGTTAAAGCCAGGAATGGATGGCCCAAGAGTGAAACAATGGCCATTGACAGAAGAAAAAATAAAAGCATTAGTGGAAATTTGTACAGAGCTGGAAAAGGAAGGGAAAATTTCAAAAATTGGGCCTGAAAATCCATACAATACTCCAATATTTGCCATAAAGAAAAAAGACAGTACTAAATGGAGAAAATTAGTAGATTTCAGAGAACTTAATAAAAGAACTCAAGACTTCTGGGAAGTTCAGTTAGGAATACCACATCCCGCAGGGTTAAAAAAGAACAAATCAGTAACAGTACTGGATGTGGGTGATGCATATTTCTCAATTCCCTTAGATGAAGAATTCAGAAAGTATACTGCATTTACCATACCCAGTACAAACAATGAGACACCAGGGATTAGATATCAGTACAATGTGCTCCCACAGGGATGGAAAGGATCACCAGCAATATTCCAATGTAGCATGACAAAAATCTTAGAGCCTTTTAGAAAACAAAATCCAGACATAGTTATCTATCAATACATGGATGATTTGTATGTAGGATCTGACTTAGAAATAGGGCAGCACAGAATAAAAATAGAGGAACTGAGAGAACATCTGTGGAAGTGGGGATTTTACACACCAGACAAAAAACATCAGAAAGAACCTCCATTCCTGTGGATGGGTTATGAACTCCATCCTGATACATGGACAGTAAAGCCTATAGTACTGCCAGAAAAAGACAGCTGGACTGTCAATGAC------------------------------------------------------------------------------------------------------------------------------------------------------------------------------------------------------------------------------------------------------------------------------------------------------------------------------------------------------------------------------------------------------------------------------------------------------------------------------------------------------------------------------------------------------------------------------------------------------------------------------------------------------------------------------------------------------------------------------------------------------------------------------------------------------------------------------------------------------------------------------------------------------------------------------------------------
99776|CUPL1077|JN000049-IR,CCAATTAGCCCTATTGAAACTGTACCAGTAAAATTAAAGCCAGGGATGGATGGCCCAAAAGTTAAACAATGGCCATTGACAGAAGAAAAAATAAAAGCATTAACAGAAATTTGTACAGAAATGGAAAAGGAAGGAAAAATTTCAAGAATTGGGCCTGAAAATCCATATAATACTCCAATATTTGCCATAAAGAAAAAAAACAGTACTAGGTGGAGAAAATTAGTAGATTTCAGAGAACTTAATAAGAGAACCCAAGACTTCTGGGAAGTTCAGTTAGGAATACCACATCCTGCAGGGCTAAAAAAGAAAAAATCAGTAACAGTATTGGATGTAGGTGATGCATATTTTTCAGTTCCCTTAGATGAAGACTTCAGAAAATATACTGCATTTACCATACCTAGTATAAACAATGAGACACCAGGGATTAGATATCAGTACAATGTGCTTCCACAGGGATGGAAAGGATCACCAGCAATATTTCAGAGTAGCATGACAAAAATCCTAGATCCCTTTAGAAAACAAAATCCAGAAATAGTTATCTGTCAATATGTGGATGATTTGTATGTAGCATCTGACTTAGAAATAGGGCAACATAGAGCAAAAATAGAAGAGCTAAGGGAACATCTGTGGAGGTGGGGGTTTTACACACCAGACAAAAAACATCAGAAAGAACCTCCATTCCTCTGGATGGGTTATGAACTCCATCCTGATAAATGGACAGTACAGCCTATAACATTACCAGAAAAAGAAAGCTGGACTGTCAATGATATACAGAAGTTAGTAGGAAAATTAAATTGGGCAAGTCAGATTTACTCAGGTATTAAAGTAAGACAACTATGTAAACTCCTTAGGGGAGCCAAAGCACTAACAGAAGTAATACCACTAACAGAAGAAGCAGAATTGGAACTGGCAGAAAACAGGGAAATTCTAAAAGAACAAGTACATGGAGTGTATTATGACCCATCAAAAGACTTAATAGCAGAATTACAAAAACAAGAGCAAGGCCAATGGACATATCAAATTTATCAAGAACCATTTAAAAATCTGAAAACAGGAAAGTATGCAAAAATGAGGGGTGCCCACACTAATGATGTAAAACAATTAACAGAGGCAGTGCAAAAGATAGCCCCAGAAAGCATAGTAATATGGGGAAAGACTCCTAAATTTAGACTGCCCATACAAAAGGAAACATGGGAAGCA------------------------------------------------------------------------------------------------------------------------------------------------------------------------------------------------------------------------------------------------------------------------------------------------------------------------------------------------------------------------------------------------------------------------------------------------------------------------------------------------
