140083|IN_1795|-IS,TTCTTAGATGGAATAGATAAGGCCCAGGAAGAACATGAGAAATACCACAATAATTGGARAGCAATGGCYAGTGATTTTAACCTACCACCTATAGTAGCAAAAGAAATAGTAGCCAGCTGTGATAAATGTCAGCTAAAGGGAGAAGCTATGCATGGACAAGTAGACTGTAGTCCAGGAATATGGCAACTAGATTGTACACATTTAGAAGGAAAAATYATCCTGGTAGCAGTTCATGTATCCAGTGGATATATAGAAGCAGAAGTTATTCCAGCAGAAACAGGACAGGAAGCAGCATACTTTATCCTAAAATTAGCAGGAAGATGGCCAGTAAAAACAATACATACAGACAATGGCACCAATTTCACCAGTGCTGCAGTTAAAGCCGCCTGTTGGTGGGCAGGAATCAAGCAGGAATTTGGCATTCCCTGCAATCCCCAAAGTCAAGGAGTAGTTGAATCTATGAATAAAGAATTAAAGAAAATTATARGACARGTAAGAGATCAGGCTGAACATCTTAAGACAGCAGTACAAATGGCAGTATTCATCCACAATTTTAAAAGAAAAGGGGGGATTGGGGGGTATAGTGCAGGGGAAAGAATAGTAGACATAATAGCATCAGACATACAAACTAAAGAATTACAAAAACAAATTACAAAAATACAAAATTTTCGGGTCTATTACAGAGACAGAAGAGATCCACTTTGGAAAGGACCAGCAAAGCTTCTTTGGAAAGGTGAAGGGGCAGTAGTAATACAAGATAATAGCGAAATAAAAGTAGTGCCAAGAAGAAAGGCAAAGATCATTAGGGATTATGGAAAACAGATGGCAGGTGATGATTGTGTGGCAGGTAGACAGGATGAGGAT---
139868|IN_3146|-IS,TTTTTAGATGGGATAGATAAGGCCCAAGAAGAACATGAGAGATATCACAGTAATTGGAGAGCAATGGCTAGTGATTTTAACCTGCCACCAATAGTAGCAAAAGAAATAGTAGCCAGCTGTGACAAATGTCAGCTAAAAGGAGAAGCCATGCATGGACAAGTAGACTGTAGTCCAGGAATATGGCAAYTAGATTGTACACACTTAGAAGGAAAAATTATCCTGGTAGCAGTGCATGTAGCCAGTGGATATATAGAAGCAGAAGTTATCCCAGCAGAGACGGGGRCTGAAGCAGCATACTTTATCTTAAAATTAGCAGGGAGATGGCCRGTAAAAACAATACATACAGACAATGGCACCAATTTCACCAGTGCTACAGTTAAGGCCGCCTGTTGGTGGGCAGGGATCAAGCAAGAATTTGGCATTCCCTGCAATCCCCAAAGTCAAGGAGTAGTAGAATCTATGAATAAAGAATTAAAGAAAATTATAGGACAGGTAAGAGATCAGGCTGAACATCTTAAGACAGCAGTACAAATGGCAGTATTCATTCACAATTTTAAAAGAAAAGGGGGGATTGGGGGGTACAGTGCAGGGGAAAGAATAATAGACATAATAGCAACAGACATACAAACTAAAGAACTACAAAAACAAATTACAAAAATTCAAAACTTTCGGGTTTATTACAGGGAYAGAAGAGATCCACTTTGGAARGGACCAGCAAAACTTCTCTGGAAAGGTGAAGGGGCAGTAGTAATACAGGATAACAGTGACATAAAAGTAGTGCCAAGAAGAAAAGCAAAGATCATTAGGGATTATGGAAAACAGATGGCAGGTGATGATTGTGTGGCAAGTAGACAGGATGAGGAT---
113918|Pt2W64|JN163885-IS,TTTCTAGATGGAATAGATAAAGCCCAAGAAGAACATGAGAAATATCACAGTAATTGGAGAGCAATGGCTAGTGATTTTAACCTGCCACCTGTGGTAGCAAAAGAAATAGTAGCCAGCTGTGATAAATGTCAGCTAAAAGGAGAAGCCATGCATGGACAAGTAGACTGTAGTCCAGGAATATGGCAACTAGATTGTACACATTTAGAAGGAAAAATTATCATGGTAGCAGTTCATGTAGCCAGTGGATATATAGAAGCAGAAGTTATCCCAGCAGAAACAGGGCAAGAAGCAGCATACTTTATATTAAAATTAGCAGGAAGATGGCCAGTAAAAACAATACATACAGACAATGGCAGAAATTTCACAAGTAATGCAGTTAAGGCCGCCTGTTGGTGGGCGGGGATCAAGCAGGCATTTGGCATTCCCTGCAATCCCCAAAGTCAAGGGGTAGTAGAATCTCTAAATAAGGAATTAAAGAAAATTATAGGGCAGATAAGAGATCAGGCTGAACATCTTAAGACAGCAGTACAAATGGCAGTATTCATTCATAATTTTAAAAGAAAAGGGGGGATTGGAGGGTACAGTGCAGGGGAAAGAATAGTAGACATAATAGCAACAGACATACAAACTAGAGAACTACAAAAACAAATTACAAAAATTCAAAATTTTCGGGTTTATTACAGGGACAGCAGAGATCCACTTTGGAAAGGACCAGCAAAGCTTCTCTGGAAAGGTGAAGGGGCAGTAGTAATACAAGATAATAGTGAAATAAAAGTAGTGCCAAGAAGAAAAGCAAAGATCATTAGGGATTATGAAAAACAGATGGCACGTGATGATTGTGTGGCAAGTAGACAGGATGAGGAT---
140135|IN_1362|-IS,TTTTTAGATGGRATAGATAGGGCACAAGAAGACCATGAGAAATATCACAGTAATTGGARAGCAATGGCTAGTGATTTTAACCTACCACCTGTGGTAGCAAAAGAAATAGTAGCCAGCTGTGATAAATGTCAGTTAAAAGGAGAAGCCATACATGGACAAGTAGACTGTAGTCCAGGAATATGGCAACTAGATTGTACACATTTAGAAGGAAAAATCATATTGGTAGCAGTTCATGTAGCTAGTGGATACATAGAAGCAGAAGTTATCYCAGCAGARACAGGGCAGGAAGCAGCATACTTTATCTTAAAATTAGCAGGAAGATGGCCAGTAAAAATAATACATACAGACAATGGCAGAAATTTCACCAGTACTACAGTTAAGGCCGCCTGTTGGTGGGCAGGGATCAAGCAGGAATTTGGTATTCCCTRCAATCCCCAAAGTCAAGGAGTAGTAGAATCTATGMATAAAGAATTAAAGAAAATTATAGGACAAGTAAGAGATCAGGCTGAACATCTTAAGACAGCAGTACAAATGGCAGTATTCATCCACAATTTTAAGAAAAGAGGGGGGATTGGGGAGTAYAGTGCAGGGGAAAGAATAGTAGACATAATAGCAACAGATATACAAACTAAAGAATTACAAAAACAAATTTCAAAAATTCAAAAATTTCGGGTTTATTACAGGGACAGCAGAGATCCACTTTGGAAAGGACCAGCAAAACTTCTCTGGAAAGGTGAAGGGGCAGTAGTAATACAAGATAATAGTGACATAAAAGTAGTGCCAAGRAGAAAAGCAAAGATCATTAAGGATTATGGAAAACAGATGGCAGGTGATGATTGTGTGGCAAGTAGACAGGATGAGAAT---
139856|IN_2414|-IS,TTTTTAGATGGAATAGATAAGGCCCAAGAAGAGCATGAGAAATACCACAATAATTGGAGAGCAATGGCTAGTGATTTTAACCTGCCACCTRTAGTAGCAAAAGAAATAGTAGCCAGCTGTGATAAATGTCAGCTAAAAGGAGAAGCCATGCATGGACAAATAGACTGTAGTCCAGGAATATGGCAACTAGATTGTACACATTTAGAAGGAAAAATTATCATAGTAGCAGTTCATGTAGCCAGTGGATACATAGAAGCAGAAGTCATTCCAGCAGAGACAGGACAGGAAGCAGCATACTTTATCTTAAAATTAGCAGGCAGATGGCCAGTAAAAGCAATACATACAGACAATGGCACCAATTTCACCAGTGCCACAGTTAAGGCCGCCTGTTGGTGGGCGGGGATCAAGCAAGAATTTGGCATTCCCTGCAATCCCCAAAGTCAGGGAGTAGTAGAATCAATGAATAAAGAATTAAAGAAAATTATAGGACAGGTAAGAGAYCAGGCTGAACATCTTAAAACAGCAGTACAAATGGCAGTATTCATYCACAATTTTAAGAAAAGAGGGGGGATTGGGGGGTACAGTGCAGGGGAAAGAATAGTAGACATAATAGCAACAGACATACAGACTAGAGAACTACAAAAACAAATTACAAAAATTCAAAATTTTCGGGTTTATTACAGGGACAGAAGAGATCCACTTTGGAARGGACCAGCWAAGCTTCTCTGGAAAGGTGAAGGGGCAGTAGTAATACAGGATAATAGTGAAATAAAAGTAGTGCCAAGAAGAAAAGCAAAGATCATTAGGGATTATGGAAAACAGATGGCAGGTGATGATTGTGTGGCAAGTAGACAGGATGAGGAT---
139856|IN_2414|-IS,TTTTTAGATGGAATAGATAAGGCCCAAGAAGAGCATGAGAAATACCACAATAATTGGAGAGCAATGGCTAGTGATTTTAACCTGCCACCTRTAGTAGCAAAAGAAATAGTAGCCAGCTGTGATAAATGTCAGCTAAAAGGAGAAGCCATGCATGGACAAATAGACTGTAGTCCAGGAATATGGCAACTAGATTGTACACATTTAGAAGGAAAAATTATCATAGTAGCAGTTCATGTAGCCAGTGGATACATAGAAGCAGAAGTCATTCCAGCAGAGACAGGACAGGAAGCAGCATACTTTATCTTAAAATTAGCAGGCAGATGGCCAGTAAAAGCAATACATACAGACAATGGCACCAATTTCACCAGTGCCACAGTTAAGGCCGCCTGTTGGTGGGCGGGGATCAAGCAAGAATTTGGCATTCCCTGCAATCCCCAAAGTCAGGGAGTAGTAGAATCAATGAATAAAGAATTAAAGAAAATTATAGGACAGGTAAGAGAYCAGGCTGAACATCTTAAAACAGCAGTACAAATGGCAGTATTCATYCACAATTTTAAGAAAAGAGGGGGGATTGGGGGGTACAGTGCAGGGGAAAGAATAGTAGACATAATAGCAACAGACATACAGACTAGAGAACTACAAAAACAAATTACAAAAATTCAAAATTTTCGGGTTTATTACAGGGACAGAAGAGATCCACTTTGGAARGGACCAGCWAAGCTTCTCTGGAAAGGTGAAGGGGCAGTAGTAATACAGGATAATAGTGAAATAAAAGTAGTGCCAAGAAGAAAAGCAAAGATCATTAGGGATTATGGAAAACAGATGGCAGGTGATGATTGTGTGGCAAGTAGACAGGATGAGGAT---
139889|IN_668|-IS,TTTCTAGATGGAATAGATAAGGCCCAAGARGAGCATGAAAAATATCACAATAATTGGAGAGCAATGGCTAGTGATTTTAACCTGCCGCCTGTAGTAGCAAAAGAAATAGTAGCCAGCTGTGATAAATGYCAGCTAAAAGGAGAAGCCATGCATGGACAAGTAGAYTGTAGTCCAGGAATATGGCAACTAGATTGYACACATTTAGARGGAAAAATTATCCTGGTAGCAGTACATGTAGCCAGTGGATATATAGAAGCAGAAGTTATTCCAGCAGAGACAGGGCAGGAAGCAGCATACTTCCTCTTAAAATTAGCAGGGAGATGGCCAGTAAAGACAATACATACAGACAATGGCAGCAATTTTACCAGTGCTGCGGTCAAGGCCGCATGTTGGTGGGCAGGGATCAAGCAGGAATTCGGCATTCCCTGCAATCCCCAAAGTCAAGGGGTAGTAGAATCTATGAATAAAGAATTAAAGAAAATTATAAGACAGGTAAGAGATCAGGCAGAACATCTTAAGACAGCAGTGCAAATGGCAGTATTCATCCACAATTTTAAAAGAAAAGGGGGGATTGGGGGATACAGTGCAGGGGAAAGAATAGTAGACATAATAGCAACAGACATACAAACTCAAGAACTACAAAAACAAATTACAAAAATTCAAAATTTTCGGGTTTATTACAGGGACAGAAGAGATCCACTTTGGAAAGGACCAGCAAAGCTTCTCTGGAAAGGTGAAGGGGCAGTAGTAATACAAGATAATAGTGACATAAAAGTAGTRCCAAGGAGAAAAGCAAAGATCATTAGGGATTATGGAAAACAGATGGCAGGTGATGATTGTGTGGCARGTAGACAGGATGAGGAT---
139841|IN_883|-IS,TTTCTAGATGGAATAGATAAAGCACAAGAAGAACATGAGAAATATCACAATAATTGGAGAGCAATGGCTAGTGACTTTAACATACCACCTGTGGTAGCAAAAGAAATAGTAGCCAGTTGTGATAAATGTCAGCTAAAAGGAGAACCCATGCATGGACAAGTAGACTGTAGTCCAGGAATATGGCAACTAGATTGTACACATTTAGAAGGAAAARTTATCCTGGTAGCAGTCCATGTAGCCAGTGGATATATAGAAGCAGAAGTTATTCCAGCACAAACAGGACAGGAAGCAGCATACTTTCTCTTAAAATTAGCAGGAAGATGGCCAGTAAGAACAATACATACAGACAATGGCACCAACTTCACCAGTGCTGCGGTTAAGGCCGCCTGTTGGTGGGCGGGGATCAAGCAGGAGTTTGGTATTCCCTACAATCCCCAGAGTCAAGGAGTAATAGAATCTATGAATAAGGAATTAAAGAAAATTATAGGACAGRTAAGAGATCAGGCTGAACACCTTAAGACAGCAGTACAAATGGCAGTATTCATCCACAATTTTAAGAGAAAAGGGGGGATTGGGGGATACAGTGCAGGGGAAAGAATAGTGGACATAATAGCAACAGACATACAAACTAAAGAACTACAAAAACAAATTACAAAAATTCAAAATTTTCGGGTTTATTACAGGGACAGCAGAGATCCACTTTGGAAAGGACCAGCAAAGCTCCTCTGGAAAGGTGAAGGGGCAGTAGTAATACAAGATAATAGTGACATAAAAGTAGTGCCAAGAAGAAAAGCAAAGATCATTAGGGATTATGGAAAACAGATGGCAGGTGATGATTGTGTGGCAAGTAGACAGGATGAGGAT---
140016|IN_1998|-IS,TTTTTAGATGGAATAGATAAGGCCCAAGAAGAACATGARAAATATCACAGTAATTGGAGAGCAATGGCTAGTGATTTTAACCTGCCCCCTATAGTAGCAAAAGAAATAGTAGCCAGCTGTGATAAATGTCAGTTAAAAGGAGAAGCCATGCATGGACAAGTAGACTGTAGTCCAGGAATRTGGCAACTAGATTGTACACATTTAGAAGGGAAAATTATCATTGTAGCAGTTCATGTAGCCAGTGGCTATATAGAAGCAGAAGTTATCCCAGCAGAGACAGGACAGGAARCAGCATATTTTCTCTTAAAGTTAGCAGGAAGATGGCCAGTAAAAATAATACATACAGACAATGGYAGCAATTTCACCAGTGCTGCAATGAAGGCTGCCTGTTGGTGGGCGGGAATCAARCAGGAATTTGGYATTCCCYRCAATCCCCAAAGTCAAGGAGTAGTAGAATCTATGAATAAACAATTAAAACAAATTATAGGACAGGTAAGAGATCAGGCTGAACATCTTAAGACAGCAGTACAAATGGCAGTACTCATTCACAATTTTAAAAGAAAAGGGGGGATTGGGGGATACAGTGCAGGGGAAAGAATAGTAGACATAATAGCATCAGACATACAAACTAAAGAACTACAAAAACAAATTACAAAAATTCAAAATTTTCGGGTTTATTACAGGGACAGCAGAGATCCACTTTGGAAAGGACCAGCAAAGCTTCTCTGGAAAGGTGAAGGGGCAGTAGTAATACAAGATCAGRGTGACATAAAAGTAGTGCCAAGAAGAAAAGCAAAGATCATTAGGGATTATGGAAAACAGATGGCAGGTGATGATTGTGTGGCAAGTAGACAGGATGAGGAT---
140306|IN_33|-IS,TTTTTAGATGGAATAGATAAGGCCCAAGATGAACATGAGAAATATCACAGTAATTGGAGAGCAATGGCTAGTGATTTTAACCTGCCACCTGTAGTAGCAAAAGAAATAGTAGCCAGCTGTGATAAATGTCAGCTAAAAGGAGAAGCCATGCATGGACAAGTAGACTGTAGTCCAGGAATATGGCAACTAGATTGTACACATTTAGAAGGAAAAGTTATCCTGGTAGCAGTTCATGTAGCCAGTGGATATATAGAAGCAGAAGTTATTCCAGCAGAAACAGGGCAGGAAACAGCATATTTTCTTTTAAAATTAGCAGGAAGATGGCCAGTAAAAACAATACATACTGACAATGGCAGCAATTTCACCGGTGCTACGGTTAGGGCCGCCTGTTGGTGGGCGGGAATCAAGCAGGCATTTGGAATTCCCTACAATCCCCAAAGTCACGGAGTAGTAGAATCTATGAATAAAGAATTAAAGAAAATTATAGGACAGGTAAGAGATCAGGCTGAACATCTTAAGACAGCAGTACAAATGGCAGTATTCATCCACAATTTTAAAAGAAAAGGGGGGATTGGGGGGTACAGTGCAGGGGAAAGAATAGTAGACATAATAGCAACAGACATACAAACTAAAGAATTACAAAAACAAATTACAAAAATTCAAAATTTTCGGGTTTATTACAGGGACAGCAGAAATCCACTTTGGAAAGGACCAGCAAAGCTCCTCTGGAAAGGTGAAGGGGCAGTAGTAATACAAGATAATAGTGACATAAAAGTAGTGCCAAGAAGAAAAGCAAAGATCATTAGGGATTATGGAAAACAGATGGCAGGTGATGATTGTGTGGCAAGTAGACAGGATGAGGAT---
57910|pt4w36|EU908764-IS,TTTTTACAAGGAATAGATAAAGCCCAAGAAGAACATGAGAAATATCACAGTAATTGGAGAGCAATGGCTAGTGATTTTAACCTGCCACCTGTGGTAGCAAAAGAAATAGTAGCCAGCTGTGATAAATGTCAGCTAAAAGGAGAAGCCATGCATGGACAAGTAGACTGTAGTCCAGGAATATGGCAACTAGATTGTACACATTTAGAAGGAAAAATTATCATGGTAGCAGTTCATGTAGCCAGTGGATATATAGAAGCAGAAGTTATCCCAGCAGAAACAGGGCAAGAAGCAGCATACTTTATATTAAAATTAGCAGGAAGATGGCCAGTAAAAACAATACATACAGACAATGGCAGAAATTTCACAAGTAATGCAGTTAAGGCCGCCTGTTGGTGGGCGGGGATCAAGCAGGAATTTGGCATTCCCTGCAATCCCCAAAGTCAAGGGGTAGTAGAATCTCTAAATAAGGAATTAAAGAAAATTATAGGGCAGATAAGAGATCAGGCTGAACATCTTAAGACAGCAGTACAAATGGCAGTATTCATTCATAATTTTAAAAGAAAAGGGGGGATTGGAGGGTACAGTGCAGGGGAAAGAATAGTAGACATAATAGCAACAGACATACAAACTAGAGAACTACAAAAACAAATTACAAAAATTCAAAATTTTCGGGTTTATTACAGGGACAGCAGAGATCCACTTTGGAAAGGACCAGCAAAGCTTCTCTGGAAAGGTGAAGGGGCAGTAGTAATACAAGATAATAGTGAAATAAAAGTAGTGCCAAGAAGAAAAGCAAAG---------------------------------------------------------------------
73544|Virus139|GU121815-IS,TTTTTAGATGGAATAGATAAAGCACAAGARGAACATGAGAAATATCACAGTAATTGGAAAGCAATGGCTAGTGATTTTAACCTGCCCCCTGTGGTAGCRAAAGAAATAGTRGCCAGCTGTGATAAATGTCAGCTAAAAGGAGAAGCCATGCATGGACAAGTAGAYTGTAGCCCAGGAATATGGCAACTAGATTGTACACATTTAGAAGGAAAAATTATCMTGGTAGCAGTTCATGTAGCCAGTGGATATATAGAAGCAGAAGTTATTCCAGCAGAAACAGGGCAGGAARCAGCATACTTTCTCTTAAAATTAGCAGGAAGATGGCCAGTAAAAGTAGTACATACAGACAATGGCASCAATTTCACCAGTACAGCAGTTAAGGCCGCCTGTTGGTGGGCAGGGATCAAGCAGGAATTTGGCATTCCCTRCAATCCCCARAGTCAAGGRGTAGTAGAATCTATGAATAAAGAATTAAAGAAAATYATAGGACAGGTAAGAGATCAGGCTGAACAGCTTAAGACAGCAGTACAAATGGCAGTATTCATCCACAATTTTAAAAGAAAAGGGGGGATTGGGGGATACAGTGCAGGGGAAAGAATGGTAGACATRATAGCAACAGACATACAAACTAAAGAACTACAGAAACAAATTWCAAAAATTCAAAATTTTCGGGTYTATTACAGGGACMGCAGAGATCCACTTTGGAARGGACCAGCAAAGCTCCTYTGGAAAGGTGAAGGGGCAGTAGTAATACAAGATAATAGTGACATAAAAGTAGTGCCAAGAAGAAAAGCAAAGATCATTAGGGATTATGGAAAACAGATGGCAGGTGATGATTGTGTGGCAAGTAGACAGGATGAGGAT---
140174|IN_144|-IS,TTTTTAGATGGAATAGATAAGGCCCAAGAAGAACATGAGAAATATCACAATAATTGGAGRGCAATGGCYAGTGATTTTAACCTGCCACCTGTAGTAGCAAAAGAAATAGTAGCCAGCTGTGATAAATGTCAGTTAAAAGGAGAAGCCATGCATGGACAAGTAGACTGTAGTCCAGGAATATGGCAACTAGACTGTACACACTTAGAAGGAAAAGTTATCCTTGTAGCAGTTCATGTAGCCAGTGGATATATAGAAGCAGAAGTTATTCCAGCACAAACAGGACAGGAAACAGCATACTTTCTCTTAAAATTAGCAGGAAGATGGCCAGTAAAAACAATACATACRGACAATGGCAGTAATTTCACCAGTGCTACAGTTAAAGCTGCCTGCTGGTGGGCAGGGATCAAGCAGGAMTTTGGCATTCCCTACAATCCCCAAAGTCAAGGAGTGGTAGAATCTATGCATAAAGAATTAAAGAAAATTATAGGACAGGTAAGAGATCAGGCTGAACATCTTAAGACAGCAGTACAAATGGCAGTATTCATCCACAATTTTAAAAGAAAAGGGGGGATTGGGGGGTACAGTGCAGGGGAAAGAATAGTAGACATAATAGCAACAGACATACAAACTAAAGAATTACAGAAACAAATTACAAAAATTCAAAATTTTCGGGTTTATTACAGGGACAGCAGAGATCCACTTTGGAAAGGACCAGCAAAGCTTCTCTGGAAAGGTGAAGGGGCAGTAGTAATACAAGATAATAGTGACATAAAAGTAGTGCCAAGRAGAAAAGCAAAGATCATTAGGGATTATGGAAAACAGATGGCAGGTGATGATTGTGTGGCAGGTAGACAGGATGAGGAT---
73507|Virus97|GU121773-IS,TTTTTAGATGGAATAGATARRGCCCAAGAAGAACATGARAAATATCACAGTAATTGGAGAGCAATGGCTAGTGATTTTAACCTGCCGCCTGTAGTAGCAAAAGAAATAGTAGCCAGCTGTRATAAATGTCAGCTAAAAGGAGAAGCCATGCATGGACAAGTAGACTGTAGTCCAGGAATATGGCAACTAGATTGYACACACKTAGAAGGGAAARTTATCMTGGTAGCAGTTCATGTAGCCAGTGGATATATAGAAGCAGAAATTATCCCAGCACAGACAGGGCAGGAAACAGCATACTTTCTCTTAAAATTAGCAGGAAGATGGCCAGTACAAACAGTACATACAGACAATGGCAGCAATTTCACCAGTGCTGCAGTTAAGGCCGCCTGTTGGTGGGCAGGGATCAAACAGGAATTTGGCATTCCCTACAATCCCCAAAGTCAGGGAGTAGTAGAATCCATGAATAAAGAATTAAAGAAAATTATAGAACAGGTAAGAGATCAGGCTGAACATCTTAAGACAGCAGTACAAATGGCRGTATTCATTCACAATTTTAAAAGAAAAGGGGGGATTGGGGGTTACAGTGCAGGGGAAAGAATAGTAGACATGATAGCAACAGACCTACAAACTAAAGMACTACAGAAACAAATTACAAAAATTCAAAATTTTCGGGTTTATTACAGGGACAGCAGAGACCCAATTTGGAAAGGACCAGCAAAGCTCCTCTGGAAAGGTGAAGGGGCAGTAGTAATACAAGATAATAGTGACATAAAAGTAGTGCCAAGAAGAAAAGCAAAAATCATTAGGGATTATGGAAAACAGATGGCAGGTGATGATTGTGTGGCAAGTAGACAGGATGAGGAT---
57910|pt4w36|EU908764-IS,TTTTTACAAGGAATAGATAAAGCCCAAGAAGAACATGAGAAATATCACAGTAATTGGAGAGCAATGGCTAGTGATTTTAACCTGCCACCTGTGGTAGCAAAAGAAATAGTAGCCAGCTGTGATAAATGTCAGCTAAAAGGAGAAGCCATGCATGGACAAGTAGACTGTAGTCCAGGAATATGGCAACTAGATTGTACACATTTAGAAGGAAAAATTATCATGGTAGCAGTTCATGTAGCCAGTGGATATATAGAAGCAGAAGTTATCCCAGCAGAAACAGGGCAAGAAGCAGCATACTTTATATTAAAATTAGCAGGAAGATGGCCAGTAAAAACAATACATACAGACAATGGCAGAAATTTCACAAGTAATGCAGTTAAGGCCGCCTGTTGGTGGGCGGGGATCAAGCAGGAATTTGGCATTCCCTGCAATCCCCAAAGTCAAGGGGTAGTAGAATCTCTAAATAAGGAATTAAAGAAAATTATAGGGCAGATAAGAGATCAGGCTGAACATCTTAAGACAGCAGTACAAATGGCAGTATTCATTCATAATTTTAAAAGAAAAGGGGGGATTGGAGGGTACAGTGCAGGGGAAAGAATAGTAGACATAATAGCAACAGACATACAAACTAGAGAACTACAAAAACAAATTACAAAAATTCAAAATTTTCGGGTTTATTACAGGGACAGCAGAGATCCACTTTGGAAAGGACCAGCAAAGCTTCTCTGGAAAGGTGAAGGGGCAGTAGTAATACAAGATAATAGTGAAATAAAAGTAGTGCCAAGAAGAAAAGCAAAG---------------------------------------------------------------------
153941|N241|LC022658-IS,TTTTTAGATGGAATAGATAAGGCCCAAGAAGAACATGAAAAATATCATAGTAATTGGAGAGCAATGGCTAGTGACTTCAACCTGCCACCTGTGGTAGCAAAAGAAATAGTAGCCTGCTGTGATAAATGTCAGCTAAAAGGAGAAGCCATGCATGGACAAGTAGACTGCAGTCCAGGAATATGGCAACTAGATTGTACACATTTAGAGGGGAAAATTATCGTGGTAGCAGTTCATGTTGCCAGTGGATATATAGAGGCAGAAGTTATCCCAGCAGAGACAGGGCAGGAAGCAGCATACTTTATCTTAAAATTAGCAGGGAGATGGCCAGTAAAAACAATACATACAGACAATGGCAGAAATTTCACCAGTGCTGCGGTAAAGGCCGCCTGTTGGTGGGCGGGGGTCAAGCAGGAATTTGGCATTCCCTGCAATCCCCAAAGTCAAGGAGTAGTAGAATCTATGAACAAAGAATTAAAGAAAATTATAGGACAAGTAAGAGATCAGGCTGAGCATCTTAAAACAGCAGTACAGATGGCAGTACTCATCCACAATTTTAAGAGAAAAGGGGGGATTGGGGGGTACAGTGCAGGGGAAAGAATAATAGATATAATAGCAACAGACATACAAACTAAAGAACTACAAAAACAAATTACAAAAATTCAAAATTTTCGGGTTTATTACAGAGACAGCAGAAACCCACTTTGGAAAGGACCAGCAAAGCTTCTCTGGAAAGGTGAAGGGGCAGTAGTAATACAAGATAACAGTGATATAAAAGTAGTGCCAAGAAGAAAAGCAAAGATCATTAGAGATTATGGAAAACAGATGGCAGGTGATGATTGTGTGGCAAGTAGACAGGATGAGGAT---
140248|IN_1684|-IS,TTTTTAGATGGAATAGATAAGGCCCAAGAAGAACAYGARAAATATCACAATAATTGGAGAGCAATGGCTAGTGATTTTAACCTGCCACCTATAGTAGCAAAAGAAATAGTAGCCAGCTGTGATAAATGTCAGCTAAAAGGAGAAGCCATGCATGGACAAGTAGACTGTAGTCCAGGAATATGGCAGCTGGATTGTACACATTTAGAAGGAAAAATTATCCTGGTAGCAGTTCATGTAGCCAGTGGATATATAGAAGCAGAAGTTATTCCAGCAGAGACAGGGCAGGAARCAGCATATTTTATCTTGAAATTAGCAGGAAGATGGCCAGTAACAACAATACATACAGACAATGGCAGCAATTTCACCAGCAATACGGTTAAGGCTGCCTGTTGGTGGGCAGGGATCAAGCAGGAATTTGGCATTCCCYRCAATCCCCAAAGTCAAGGAGTAGTAGAATCTATGMATAAAGAATTAAAGAAGATTATAGGACAGGTAAGAGATCAGGCRGAACATCTTAAAACAGCAGTACAAATGGCAGTATTCATCCACAATTTTAAAAGAAAAGGGGGGATTGGGGGATACAGTGCAGGGGAAAGAATAGTAGACATAATAGCAACAGACTTACAAACTAAAGAATTACAAAAACAAATTACAAAAATTCAAAATTTTCGGGTTTATTACAGAGACAGCAGAGATCCACTTTGGAAAGGACCAGCAAAGCTGCTCTGGAAAGGTGAAGGGGCAGTAGTAATACAAGATAATAGTGACATAAAARTAGTACCAAGAAGAAAAGCAAAGATCATTAGGGACTATGGAAAACAGATGGCAGGTGATGATTGTGTGGCAAGTAGACAGGATGAGGAT---
139935|IN_508|-IS,TTTCTGGATGGAATAGATAAAGCCCAAGAAGAGCATGAGAAATATCACAACAATTGGAGAGCAATGGCTAGTGACTTTAACTTGCCACCTRTAGTAGCAAGAGAAATAGTAGCTCGCTGTGACAAATGCCAGTTAAAGGGAGAAGCCATGCAYGGACAAGTAGACTGTAGTCCAGGAATATGGCAGCTAGATTGTACACATCTAGAAGGAAAAATCATCATGGTAGCAGTTCATGTAGCCAGTGGATATATAGAAGCAGAAGTTATTCCAGCAGAGACAGGGCAAGAAGCAGCGTACTTTCTCTTAAAACTAGCAGGAAGATGGCCAGTAAAAACAATACATACAGACAATGGCACCAATTTCACCAGTGCTACAGTTAAGGCCGCCTGTTGGTGGGCGGGAATCAAGCAGGAATTTGGTATTCCCTCCAATCCCCAAAGCCAAGGGGTAGTAGAATCTATGAATAAAGAATTAAAGAAAATTATAGGGCAGGTAAGAGATCAGGCAGAGCATCTTAAGACAGCAGTACAAATGGCAGTATTCATCCACAATTTTAAAAGAAAAGGGGGGATTGGGGGATACAGTGCAGGGGAAAGAATAGTAGACATARTAGCATCAGACATACAAACTAAAGAATTACAAAAGCAAATTACAAAAATTCAAAATTTTCGGGTTTATTACAGGGAACGCAGAGATCCACTTTGGAAAGGACCAGCAAAGCTTCTCTGGAAAGGTGAAGGGGCAGTAGTAATACAAGATAATAGTGACATAAAAGTAGTGCCAAGAAGAAAAGCAAAGATCATTAGGGATTATGGAAAACAGATGGCAGGTGATGATTGTGTGGCAAGTAGACAGGATGAGGAT---
59044|4786|FJ183692-IS,TTTTTAGATGGAATAGATAAGGCCCAAGAAGACCATGAGAAATATCACAGTAATTGGAAAGCAATGGCTAGTGATTTTAACCTGCCACCTATAGTAGCAAAAGAAATAGTAGCCAGCTGTGATAAATGTCAGCTAAAAGGAGAAGCCATGCRTGGACAAGTAGACTGTAGTCCAGGAATATGGCAACTAGATTGTACCCATTTAGAAGGAAAAATTATCATGGTAGCAGTTCATGTAGCCAGTGGATATATAGAAGCAGAAGTTATCCCAGCAGAGACAGGGCAGGAAGCAGCATATTTCCTCTTAAAATTAGCAGGAAGATGGCCAGTAAAAACAATACACACAGACAATGGAGGCAATTTCATCAGTACTGCAGTTAAGGCCGCCTGTTGGTGGGCGGGGATCAAGCAGGAATTTGGCATTCCCCGCAATCCTCAAAGTCAAGGAGTAGTAGAATCTATGAATAAAGAATTAAAGAAAATTATAGGACAAGTAAGAGATCAGGCTGAACATCTTAAGACAGCAGTACAAATGGCAGTATTCATTCACAATTTTAAAAGAAAAGGGGGGATTGGGGGATACAGTGCAGGGGAAAGAATAATAGACATAATAGCAACAGACATACAAACTAAAGAAYTACAAAACCAAATTACAAAAATTCAAAATTTTCGGGTTTATTACAGGGACAGCAGAGATCCACTTTGGAAAGGACCAGCAAAACTCCTTTGGAAAGGTGAAGGGGCAGTAGTAATACAAGACAATAGTGACATAAAAGTAGTGCCAAGAAGAAAAGCAAAGATCATTAGAGATTATGGAAAACAG---------------------------------------------
59048|5150|FJ183702-IS,TTTTTAGATGGAATAGATAAAGCCCAGGAAGAACATGAAAAATACCACAATAATTGGAGAGCAATAGTTAGTGATTTTAACATACCACCTGTAGTAGCAAAAGAAATAGTAGCCAGCTGTGATAAATGCCAGGTAAAAGGAGAAGCCATGCATGGACAAGTAGACTGTAGTCCAGGAATATGGCAGCTAGATTGYACACATTTAGAAGGAAAAATTATCATGGTAGCAGTTCATGTMGCCAGTGGATATATAGAAGCAGAAGTTATTCCAGCAGAGACAGGGCAAGAAGCAGCATACTTTATTTTAAAATTAGCAGGAAGATGGCCAGTAAAGACAATACATACAGACAATGGCACCAATTTCACCAGTACTACAGTTAAGGCCGCCTGTTGGTGGGCTGGGATCAAGCAGGACTTTGGCATTCCCCGCAATCCCCAAAGTCAAGGAGTAGTAGAATCCATGAATAAAGAATTAAAGAAAATTATAGGACAGGTAAGAGATCAGGCTGAACATCTTAAGACAGCAGTACAAATGGCAGTATTCATCCACAATTTTAAAAGAAAAGGGGGGATTGGGGGGTACAGTGCAGGGGAAAGAATAGTAGACATAATAGCAACAGACATACAAACTAAAGAACTACAAAAACAAATTWCAAAAATTCAAAATTTTCGGGTTTATTACAGGGACAGCAGAGATCCASTTTGGAAAGGACCAGCAAAGCTCCTCTGGAAAGGTGAAGGGGCAGTAGTAATACAAGATAATAGTGAAATAAAAGTAGTGCCAAGAAGAAAAGCAAAGATCATG---------------------------------------------------------------
59045|4799|FJ183694-IS,TTTCTAGATGGAATAGATAAGGCTCAAGAAGAGCATGAAAGGTATCACAGTAATTGGAGAGCAATGGCTAGTGATTTTAATCTGCCACCCATAATAGCCAAAGAAATAGTAGCTAGCTGTGATAAATGTCAGYTAAAAGGGGAAGCCTTACATGGACAAGTAGACTGTAGTCCAGGRATATGGCAATTRGATTGTACACATTTAGAAGGAAAAATCATCCTAGTAGCAGTCCATGTAGCCAGTGGCTATATAGAGGCAGAAGTTATCCCASAAGAAACAGGACAAGAAGCAGCATACTATATATTAAAATTAGCAGGAAGATGGCCAGTCAAAGTAATACATACAGACAATGGCAGGAACTTCACCAGCAATGCAGTTAAAGCAGCCTGTTGGTGGGCAGGTATCCAACAGGAATTTGGAATTCCCYAYAATCCCCAAAGTCAGGGAGTRGTAGAATCCATGMATAAAGAATTAAAGAAAATTATARGGCARGTAAGAGATCAAGCTGAGCACCTTAAGACAGCAGTACAAATGGCAGTATTCATTCACAATTTTAAAAGAAAAGGGGGRATTGGGGGGTACAGTGCAGGGGAAAGAATAATAGACATAATAGCAACAGACATACAAACTAAAGAATTACAGAACCAAATTACAAAAATTCAAAATTTTCGGGTTTATTACAGAGACAGCAGAGACCCTATTTGGAAAGGACCAGCCAAACTACTCTGGAAAGGTGAAGGGGCTGTAGTAATACAAGATAACAGTGACATAAAGGTAGTWCCAAGGAGGAAAGCAAAAATCATTAGGGAC---------------------------------------------------------
140190|IN_341|-IS,TTTTTGGATGGAATAGATAAGGCCCAAGATGAACATGAAAAATATCATAGTAATTGGAGAGCAATGGCCAGTGATTTTAACCTGCCACCTATAGTAGCAAAAGAAATAGTAGCCAGCTGTGATAAATGCCAGCTAAAAGGAGAAGCCATACATGGACAAGTAGACTGTAGTCCAGGAATATGGCAGCTAGATTGTACACATGTGGAAGGAAAAATTGTCATGGTAGCAGTTCATGTAGCCAGTGGATATATAGAAGCAGAAGTTATTCCAGCACAAACAGGGCAAGACGCAGCATACTTTATCTTAAAATTAGCAGGAAGATGGCCAGTAAAAACAATACATACAGACAATGGCACCAATTTCACCAGTAATGCAGTTAAAGCCGCCTGCTGGTGGGCAGGGGTCAAGCAGGAATTTGGAATTCCCTACAATCCCCAAAGTCAAGGAGTGGTGGAATCTATGAATAAACAGTTAAAGACAATTATAGGACAGGTAAGAGAYCAGGCTGAACATCTTAAAACAGCAGTACAAATGGCAGTATTCATCCACAATTTTAAAAGAAAAGGGGGGATTGGAGGGTACAGTGCAGGGGAAAGAATAGTAGACATAATAGCAACAGACATGCAAACTAAAGAATTACAAAAACAAATTACAAAAATTCAAAATTTCCGGGTTTATTACAGAGACAACAGAGAGCCATTTTGGAAAGGACCAGCAAAACTTCTCTGGAAAGGTGAAGGGGCAGTAGTAATACAAGAAAATAGTGAAATAAAAGTAGTACCAAGAAGAAAAGCAAAGATCATTAGGGATTATGGAAAACAGATGGCAGGTGATGATTGTGTGGCAAGTAGACAGGATGMGGAT---
139867|IN_1160|-IS,TTTCTGGATGGAATAGATAAAGCCCAAGAAGAGCATGAGAAATATCACAACAATTGGAGAGCAATGGCTAGTGACTTTAACTTGCCACCTATAGTAGCAAGAGAAATAGTAGCTCGCTGTGACAAATGCCAGTTAAAGGGAGAAGCCATGCATGGACAAGTAGACTGTAGTCCAGGAATATGGCAGCTAGATTGTACACATCTAGAAGGAAAAATCATCATGGTAGCAGTTCATGTAGCCAGTGGATATATAGAAGCAGAAGTTATTCCAGCAGAGACAGGGCAAGAAGCAGCGTACTTTCTCTTAAAACTAGCAGGAAGATGGCCAGTAAAAACAATACATACAGACAATGGCACCAATTTCACCAGTGCTACAGTTAAGGCCGCCTGTTGGTGGGCRGGAATCAAGCAGGAATTTGGTATTCCCKCCAATCCCCAAAGCCAAGGGGTAGTAGAATCTATGAATAAAGAATTAAAGAAAATTATAGGGCAGGTAAGAGATCAGGCAGAGCATCTTAAGACAGCAGTACAAATGGCAGTATTCATCCACAATTTTAAAAGAAAAGGGGGGATTGGGGGATACAGTGCAGGGGAAAGAATAGTAGACATAATAGCATCAGACATACAAACTAAAGAATTACAAAAGCAAATTACAAAAATTCAAAATTTTCGGGTTTATTACAGGGAACGCAGAGATCCACTTTGGAAAGGACCAGCAAAGCTTCTCTGGAAAGGTGAAGGGGCAGTAGTAATACAAGATAATAGTGACATAAAAGTAGTGCCAAGAAGAAAAGCAAAGATCATTAGGGATTATGGAAAACAGATGGCAGGTGATGATTGTGTGGCAAGTAGACAGGATGAGGAT---
140030|IN_1564|-IS,TTTCTAGATGGAATAGATAAAGCACAAGAAGAACATGAGAAATATCACAATAATTGGAGAGCAATGGCTAGTGATTTTAACCTACCACCTGTGGTAGCAAAGGAAATAGTAGCCAACTGTGATAAATGTCAGCTAAAAGGAGAAGCCATGCATGGRCAAGTAGACTGTAGTCCAGGGATATGGCAACTAGATTGCACACATTTAGAAGGAAAAATTATCATGGTAGCAGTCCATGTAGCCAGTGGATATATAGAAGCAGAAGTTATTCCAGCAGAAACAGGGCAGGAAGCAGCATACTTCATCTTAAAATTGGCAGGAAGATGGCCAGTAAAAGCAATACATACAGACAATGGCAGGAACTTCACTAGTGCTGCGGTCAAGGCCGCCTGTTGGTGGGCGGGGGTCAAGCAGGAATTTGGCATTCCCGGCAATCCCCAAAGTCAAGGAGTAGTAGAATCTATGAATAAAGAATTAAAGAAAATTATASGGCAGGTAAGAGATCAGGCTGAACATCTTAAGACAGCAGTACAAATGGCAGTATTCATTCACAATTTTAAAAGAAAAGGGGGGATTGGGGGGTTGCATACAGGAGAAAGAATAGTAGACATAATAGCAACAGACATACAAACTARAGAACTACAAAAACAAATTACAAAAATTCAAAATTTTCGGGTTTATTACAGGGACARCAGAGATCCACTTTGGAAAGGACCAGCAAAGCTYCTCTGGAAAGGTGAAGGGGCAGTAGTAATACAAGATAATAGTGACATAAAAGTAGTGCCAAGAAGAAAAGCAAAGATCCTTAGGCATTATGGAAAACAGATGGCAGGTGATGATTGTGTGGCAAGTRGACAGGATGAGGAT---
140031|IN_3316|-IS,TTCTTAGATGGRATAGATAAGGCCCAAGAAGAACATGARAAATACCACAGTAATTGGAGAGCAATAGCTAGTGATTTTAACATGCCACCTRTAATAGCRAAAGAAATAGTAGCCAGCTGTGATAAATGTCAACTAAAAGGAGAAGCCATGCATGGACAAGTAGACTGTAGTCCAGGAATRTGGCAACTAGATTGTACACATTTAGAGGGAAAAATTATCMTGGTAGCAGTTCATGTAGCCAGTGGRTATATAGAAGCAGAAGTCATYCCAGCAGAGACAGGGCAGGAAGCAGCATACTTTATCYTAAAGTTAGCAGGAAGGTGGCCAGTAAAAACAATACATACAGATAATGGCCCCAATTTCAYCAGCAACACGGTCAAGGCCGCCTGTTGGTGGGCAGGGATCAAGCAGGAATTTGGCATTCCCCGCAATCCCCAAAGYCAAGGAGTAGTAGAATCTATGAATAAAGAATTAAAGAAAATTATAGTACAGGTAAGAGATCAGGCAGAACATCTTAAGACAGCAGTACAAATGGCAGTATTCATCCACAATTTTAAAAGAAAAGGGGGGATTGGGGGGTACAGTGCAGGGGAAAGAATAGTAGACATAATAGCAACAGACATACAGACTAAAGAACTACAAAAAAACATTACAAAAATTCGAAATTTTCGGGTTTATTACAGGGACAGCAGAGACCCACTTTGGAAAGGACCAGCAAAACTTCTGTGGAAAGGTGAAGGGGCAGTAGTGATACAAGATAATAGTGACATAAAAGTAGTGCCAAGAAGAAAAGCAAAGATCATTAGGGATTATGGAAAACAGATGGCAGGTGATGATTGTGTGGCAAGTAGACAGGATGAGGAT---
140192|IN_768|-IS,TTTTTAGATGGAATAGATAAGGCCCAAGAAGAACATGARAGATATCACAGTAATTGGAGAGCAATGGCYAGTGAYTTTAACCTRCCACCTGTAGTAGCAAGAGAAATAGTAGCCTGCTGTGATAAATGTCAGCTAAAAGGAGAAGCCATGCATGGACAAGTAGACTGTAGTCCAGGAATATGGCAACTAGATTGTAYACATCTAGARGGAAAAGSTATCMTGRTGGCAGTTCATGTAGCCAGTGGATATATAGAAGCAGAAGTTATTCCAGCAGAAACAGGRCAGGAAACAGCATAYTTYATCTTAAAATTAGCAGGAAGATGGCCAGTAAAAGCAATACATACAGACAATGGCAGCAATTTYACCAGTRCCACRGTTAARGCCGCCTGTTGGTGGGCGGGKATCAAGCAGGAATTTGGCATTCCCTACAATCCTCAAAGTCAAGGAGTAGTAGAATCTATGAATAAAGAATTAAAGAARATTATAGGACAGGTAAGAGATCAGGCTGAACATCTTAAGACAGCAGTACAAATGGCAGTATTCATTCACAATTTTAAAAGAAAAGGGGGGATTGGGGGATACAGTGCAGGGGAAAGAATAATAGACATAATAKCAACAGACATACAAACAAAAGAATTACAAAAACAAATTWCAAAAATTCAAAATTTTCGGGTTTATTACAGGGACAGCAGAGATCCACTTTGGAAAGGACCAGCAAAGCTTCTYTGGAAAGGTGAAGGGGCAGTAGTAATACAAGATAATAGTGACATAAAAGTAGTGCCAAGAAGRAAAGCAAARRTCATTAGGGATTATGGAAAACAGATGGCAGGTGATGATTGTGTGGCAAGTAGACAGGATGAGGAT---
140118|IN_266|-IS,TTTTTAGATGGAATAGATAAGGCCCAAGAAGAACATGAGAAATATCACAGTAATTGGAGAGCAATGGCTAGTGATTTTAACCTGCCACCTATAGTAGCAAAAGAAATAGTAGCCAGCTGTGAYAAATGTCAGCTAAAAGGAGAAGCCATGCATGGACAAGTAGATTGCAGTCCGGGAATATGGCAACTGGATTGTACTCATGTAGAAGGAAAAATTATCATGGTAGCAGTCCATGTAGCAAGTGGATATATAGAAGCAGAAGTTATTCCAGCAGAAACAGGACAGGAAGCAGCATATTTTATCTTAAAATTAGCAGGAAGATGGCCAGTAAAAACAATACATACAGACAATGGCACCAATTTCACCAGTACTACAGTTAAGGCTGCCTGTTGGTGGGCAGGTATCAAGCAGGAATTTGGAATTCCCCGCAATCCCCAAAGTCAAGGGGTAGTAGAATCCATGAATAAAGAATTAAAGAAAATTATACAACAGGTAAGAGATCAGGCTGAACATCTTAAGACAGCAGTACAAATGGCAGTACTCATTCACAATTTTAAAAGAAAAGGGGGGATTGGGGGGTACAGTGCAGGGGAAAGAATAGTAGACATAATAGCATCAGACATACAAACTAAAGAACTACAAAAACAAATTACAAAAATTCAAAATTTTCGGGTTTATTACAGGGACAGCAGAGATCCACTTTGGAAAGGACCAGCAAAGCTCCTCTGGAAAGGTGAAGGGGCAGTAGTAATACAAGATAATAGTGACATAAAAGTAGTGCCAAGAAGGAAAGCAAARATCATTAGGGATTATGGAAAACAGATGGCAGGTGATGATTGTGTGGCAAGTAGACAGGATGAGGAT---
140181|IN_2774|-IS,TTTTTAGATGGAATAGATAAGGCCCAAGAAGAACATGAAAAATATCATAATAATTGGAGAGCAATGGCTAGTGATTTTAACCTGCCACCTGTAGTAGCAAAAGAAATAGTAGCCAGCTGTGATAAATGTCAGCTAAAAGGAGAAGCCATGCATGGACAAGTAGACTGTAGYCCAGGAATATGGCAATTAGACTGTACACATACAGAAGGAAAAATTATCATGGTAGCAGTTCATGTAGCCAGTGGATATATAGAAGCAGARGTCATTCCAGCAGAGACAGGGCAGGAAACAGCATACTTTATCTTAAAATTAGCAGGAAGATGGCCAGTAAAAACWATACATACAGACAATGGCAGTAATTTCACCAGTGCTACAGTTAAGGCTGCCTGTTGGTGGGCAGGGATCAAGCAGGAATTTGGCATTCCCTACAATCCCCAAAGTCAAGGAGTAATAGAATCTATGCATAAGGAATTAAAGAAAATTATAAAACAGGTAAGAGATCAGGCAGAACATCTTAAGACAGCAGTACAAATGGCAGTATTCATTCACAATTTTAAAAGAAAAGGGGGGATTGGGGGATACAGTGCAGGGGAAAGAATAATAGACATAATAGCAACAGACATACAAACTAAAGAATTACAAAAACAAATTTCAAAACTTCAAAATTTTCGGGTTTATTTCAGGGACAGCAGAGATCCACTTTGGAAAGGACCAGCAAAGCTTCTCTGGAAAGGTGAAGGGGCAGTAGTAATACAAAATAATAGTGAAATAAAAGTAGTGCCAAGAAGAAAAGCAAAAATTATTAGGGATTATGGAAAACAGATGGCAGGTGATGATTGTGTGGCAAGTGGACAGGATGAGGAT---
140344|IN_126|-IS,TTTTTAGATGGAATAGATAAAGCCCAAGAAGAACAYGAGAAATATCACAGTAATTGGAAAGCAATGGCTAGTGATTTTAACCTGCCRCCTGTAGTAGCAAAAGAAATAGTRGCCAGCTGTGATAAATGTCAGCTAAAAGGAGAAGCCATACATGGACAAGTAGACTGTAGTCCAGGAATATGGCAGCTAGATTGTACACATTTAGAAGGGAAAATTATCCTGGTAGCAGTTCATGTAGCCAGTGGATATATAGAAGCAGAAGTTATTCCAGCACAAACAGGGCAAGAMACAGCATACTTTCTYTTAAAATTAGCAGGAAGATGGCCAGTAAAAACAATACATACAGACAATGGCAGCAATTTCACCAGTGCTACAGTCAAGGCCGCCTGTTGGTGGGCGGGAATCAAGCAAGAATTTGGTATTCCCTACAATCCCCAAAGTCAAGGAGTGGTAGAATCTATGCATAAACAATTAAAGACAATTATAGGACAGGTAAGAGATCAGGCTGAACATCTTAAGACAGCAGTACAAATGGCAGTATTCATTCACAATTTTAAAAGAAAAGGGGGGATTGGGGAGTACAGTGCAGGGGAAAGAATAATAGATATAATAGCAACAGACATACARACTAAAGAATTACAAAAACAAATTTCAAAAGTTCAAAATTTTCGGGTTTATTACAGGGACAGCAGAGATCCACTTTGGAAAGGACCAGCAAAGCTTCTCTGGAAAGGTGAAGGGGCAGTAGTAATACAAGATAATAGTGAAATAAAAGTAGTGCCAAGRAGAAAAGCAAAGATCATTAGGGATTATGGAAAACAGATGGCAGGTGATGRTTGTGTGGCTAGTAGACAGGATGAAGAT---
93831|BAA295856|JQ716880-IS,TTTCTAGATGGAATAGATAAGGCCCAAGAAGAACATGAGAAATATCACAATAATTGGAGAGCAATGGCTAGTGATTTTAACCTGCCACCTGTAGTAGCAAAAGAAATAGTAGCCAGTTGTGATAAATGTCAGCTAAAAGGAGAAGCCATGCATGGACAAGTAGACTGTAGTCCAGGAATATGGCAACTAGATTGTACACATTTAGAAGGAAAAATTATCCTGGTAGCAGTTCATGTAGCCAGTGGATATATAGAAGCAGAAGTCATTCCAGCAGAAACAGGGCAGAATACAGCATACTTTATCTTAAAATTAGCAGGAAGATGGCCAGTAAAAACAATACATACAGACAATGGCCCCAATTTCATCAGYGCTACAGTTAAGGCTGCCTGTTGGTGGGCRGGGATCAAGCAGGAATTCGGTATTCCCYACAATCCTCAAAGTCAAGGGGTAGTAGAATCTATGCATAATGAATTAAAGAAAATTATAGGACAGGTAAGAGATCAGGCTGAACATCTTAAGACAGCAGTACAAATGGCAGTATTCATCCACAATTTTAAAAGAAAAGGGGGGATTGGGGGGTACAGTGCAGGAGAAAGAATAATAGACATAATAGCATCAGACCTACAAACTAAAGAATTACAAAAACAAATTACAAAAATTCAAAATTTTCGGGTTTATTTCAGGGACAGCAGAGATCCACTTTGGAAAGGACCAGCAAAGCTTCTCTGGAAAGGTGAAGGGGCAGTAGTAATACAATATAATAGTGAAATAAAAGTAGTGCCAAGAAGAAAAGCAAAAATCATTAGGGATTATGGAAAACAGATGGCAGGTGATGATTGTGTGGCAAGTAGACAGGATGAGGAT---
139935|IN_508|-IS,TTTCTGGATGGAATAGATAAAGCCCAAGAAGAGCATGAGAAATATCACAACAATTGGAGAGCAATGGCTAGTGACTTTAACTTGCCACCTRTAGTAGCAAGAGAAATAGTAGCTCGCTGTGACAAATGCCAGTTAAAGGGAGAAGCCATGCAYGGACAAGTAGACTGTAGTCCAGGAATATGGCAGCTAGATTGTACACATCTAGAAGGAAAAATCATCATGGTAGCAGTTCATGTAGCCAGTGGATATATAGAAGCAGAAGTTATTCCAGCAGAGACAGGGCAAGAAGCAGCGTACTTTCTCTTAAAACTAGCAGGAAGATGGCCAGTAAAAACAATACATACAGACAATGGCACCAATTTCACCAGTGCTACAGTTAAGGCCGCCTGTTGGTGGGCGGGAATCAAGCAGGAATTTGGTATTCCCTCCAATCCCCAAAGCCAAGGGGTAGTAGAATCTATGAATAAAGAATTAAAGAAAATTATAGGGCAGGTAAGAGATCAGGCAGAGCATCTTAAGACAGCAGTACAAATGGCAGTATTCATCCACAATTTTAAAAGAAAAGGGGGGATTGGGGGATACAGTGCAGGGGAAAGAATAGTAGACATARTAGCATCAGACATACAAACTAAAGAATTACAAAAGCAAATTACAAAAATTCAAAATTTTCGGGTTTATTACAGGGAACGCAGAGATCCACTTTGGAAAGGACCAGCAAAGCTTCTCTGGAAAGGTGAAGGGGCAGTAGTAATACAAGATAATAGTGACATAAAAGTAGTGCCAAGAAGAAAAGCAAAGATCATTAGGGATTATGGAAAACAGATGGCAGGTGATGATTGTGTGGCAAGTAGACAGGATGAGGAT---
139931|IN_800|-IS,TTTTTAGATGGAATAGATAAAGCCCAAGAGGAACATGAAAAGTATCACAATAATTGGAGAGCAATGGCTAGTGATTTTAACCTGCCACCTGTGGTAGCAAAAGAAATAGTAGCCAGCTGTGATAAATGTCAGCTAAAAGGAGAAGCCATGCATGGACAAGTAGACTGTAGTCCGGGAATATGGCAACTAGATTGTACACATTTAGAAGGGAAAATTATAATGGTAGCAGTTCATGTAGCCAGTGGATATATAGAAGCAGAAGTTATTCCAGCAGAGACAGGACAGGAAGCAGCATACTTTCTCTTAAAATTAGCAGGAAGATGGCCAGTAAAAACAATACATACAGACAATGGCACCAATTTCACTAGCACCACAGTTAARGCCGCCTGTTGGTGGGCAGGGATCAAGCAGGAATTTGGCATTCCCCGCAATCCCCAAAGTCAAGGAGTAGTAGAATCTATGAATAAACAATTAAAGCAAATTATAGGACAGGTAAGAGATCAGGCTGAACATCTTAAGACAGCAGTACAAATGGCAGTATTCATTCACAATTTTAAAAGAAAAGGGGGGATTGGGGGGTACAGTGCAGGGGAAAGAATAATAGACATAATAGCAACAGACATACAAACTAAAGAACTACAAAAACAAATTACAAAAATTCAAAATTTTCGGGTTTATTACAGGGACAGCAGAGATCCACTTTGGAAAGGACCAGCAAAACTTCTCTGGAAAGGTGAAGGGGCAGTAGTAATACAAGATAATAGTGAAATAAAAGTAGTGCCAAGAAGAAAAGCAAAGATCATTAGGGATTATGGAAAACAGATGGCAGGTGATGATTGTGTGGCAAGTGGACAGGATGAGGAT---
140157|IN_758|-IS,TTTTTAGATGGAATAGATAAGGCCCAAGAAGAACATGARAAATATCACAGTAATTGGAGAGCAATGGCTAGTGAYTTTAACCTGCCCCCTATAGTAGCAAAAGAAATAGTAGCCAGCTGTGATAAATGTCAGTTAAAAGGAGAAGCCATGCATGGACAAGTAGACTGTAGTCCAGGAATATGGCAACTAGATTGTACACATTTAGAAGGGAAAATTATCATTGTAGCAGTTCATGTAGCCAGTGGCTATATAGAAGCAGAAGTTATCCCAGCAGAGACAGGACAGGAAGCAGCATATTTTCTCTTAAAGTTAGCAGGAAGATGGCCAGTAAAAATAATACATACAGACAATGGTAGYAATTTCACCAGTGCTGCAATGAAGGCTGCCTGTTGGTGGGCGGGAATCAARCAGGAATTTGGCATTCCCCGCAATCCCCAAAGTCAAGGAGTAGTAGAATCTATGAATAAACAATTAAAACAAATTATAGGACAGGTAAGRGATCAGGCTGAACATCTTAAGACAGCAGTACAAATGGCAGTACTCATTCACAATTTTAAAAGAAAAGGGGGGATTGGGGGATACAGTGCAGGGGAAAGAATAGTAGACATAATAGCATCAGACATACAAACTAAAGAACTACAAAAACAAATTACAAAAATTCAAAATTTTCGGGTTTATTACAGGGACAGCAGAGATCCACTTTGGAAAGGACCAGCAAAGCTTCTCTGGAAAGGTGAAGGGGCAGTAGTAATACAAGATCAGRGTGACATAAAARTAGTGCCAAGAAGAAAAGCAAAGATCATTAGGGATTATGGAAAACAGATGGCAGGTGATGATTGTGTGGCARGTAGACAGGATGAGGAT---
46096|Pt3-W11|-IS,TTTCTAGATGGAATAGATAAGGCCCAAGAAGAACATGAGAAATATCACAGTAATTGGAGAGCAATGGCTAGTGATTTTAACCTGCCACCTGTAGTAGCAAAAGAAATAGTAGCCAGCTGTGATAAATGTCAGCTAAAAGGAGAAGCCATGCATGGACAAGTAGACTGTAGTCCAGGAATATGGCAGCTAGATTGTACACACTTAGAAGGAAAAGTTATCCTGGTAGCAGTTCATGTAGCCAGTGGATATATAGAAGCAGAAGTTATTCCAGCAGAGACAGGGCAGGAAACAGCATACTTTCTCTTGAAACTAGCAGGAAGATGGCCAGTAAAAACAATACAYACAGACAATGGCAGCAATTTCACCAGTGCTACAGTTAAGGCCGCCTGTTGGTGGGCGGGGATCAAGCAAGAATTTGGCATTCCCTACAATCCCCAAAGTCRAGGAGTAGTAGAATCTATGAATAATGAATTAAAGAAAATTATAGGRCAGGTAAGAGAGCAGGCTGAACATCTTAAGACAGCAGTACAAATGGCAGTATTCATCCACAATTTTAAAAGAAAAGGGGGGATTGGGGGRTACAGTGCAGGGGAAAGAATAGTAGACATAATAGCAACAGACATACAAACTAAAGAACTACAAAAACAAATTACAAAAATTCAAAATTTTCGGGTTTATTACAGGGACAGCAGAGATCCACTTTGGAAAGGACCAGCAAAGCTTCTCTGGAAAGGTGAAGGGGCAGTAGTAATACAAGATAATAGTGACATAAAAGTAGTGCCAAGAAGAAAAGCAAAGATCATTAGGGATTATGGAAAACAGATGGCAGGTGATGATTGTGTGGCAGGTAGACAGGATGAGAAT---
113918|Pt2W64|JN163885-IS,TTTCTAGATGGAATAGATAAAGCCCAAGAAGAACATGAGAAATATCACAGTAATTGGAGAGCAATGGCTAGTGATTTTAACCTGCCACCTGTGGTAGCAAAAGAAATAGTAGCCAGCTGTGATAAATGTCAGCTAAAAGGAGAAGCCATGCATGGACAAGTAGACTGTAGTCCAGGAATATGGCAACTAGATTGTACACATTTAGAAGGAAAAATTATCATGGTAGCAGTTCATGTAGCCAGTGGATATATAGAAGCAGAAGTTATCCCAGCAGAAACAGGGCAAGAAGCAGCATACTTTATATTAAAATTAGCAGGAAGATGGCCAGTAAAAACAATACATACAGACAATGGCAGAAATTTCACAAGTAATGCAGTTAAGGCCGCCTGTTGGTGGGCGGGGATCAAGCAGGCATTTGGCATTCCCTGCAATCCCCAAAGTCAAGGGGTAGTAGAATCTCTAAATAAGGAATTAAAGAAAATTATAGGGCAGATAAGAGATCAGGCTGAACATCTTAAGACAGCAGTACAAATGGCAGTATTCATTCATAATTTTAAAAGAAAAGGGGGGATTGGAGGGTACAGTGCAGGGGAAAGAATAGTAGACATAATAGCAACAGACATACAAACTAGAGAACTACAAAAACAAATTACAAAAATTCAAAATTTTCGGGTTTATTACAGGGACAGCAGAGATCCACTTTGGAAAGGACCAGCAAAGCTTCTCTGGAAAGGTGAAGGGGCAGTAGTAATACAAGATAATAGTGAAATAAAAGTAGTGCCAAGAAGAAAAGCAAAGATCATTAGGGATTATGAAAAACAGATGGCACGTGATGATTGTGTGGCAAGTAGACAGGATGAGGAT---
139889|IN_668|-IS,TTTCTAGATGGAATAGATAAGGCCCAAGARGAGCATGAAAAATATCACAATAATTGGAGAGCAATGGCTAGTGATTTTAACCTGCCGCCTGTAGTAGCAAAAGAAATAGTAGCCAGCTGTGATAAATGYCAGCTAAAAGGAGAAGCCATGCATGGACAAGTAGAYTGTAGTCCAGGAATATGGCAACTAGATTGYACACATTTAGARGGAAAAATTATCCTGGTAGCAGTACATGTAGCCAGTGGATATATAGAAGCAGAAGTTATTCCAGCAGAGACAGGGCAGGAAGCAGCATACTTCCTCTTAAAATTAGCAGGGAGATGGCCAGTAAAGACAATACATACAGACAATGGCAGCAATTTTACCAGTGCTGCGGTCAAGGCCGCATGTTGGTGGGCAGGGATCAAGCAGGAATTCGGCATTCCCTGCAATCCCCAAAGTCAAGGGGTAGTAGAATCTATGAATAAAGAATTAAAGAAAATTATAAGACAGGTAAGAGATCAGGCAGAACATCTTAAGACAGCAGTGCAAATGGCAGTATTCATCCACAATTTTAAAAGAAAAGGGGGGATTGGGGGATACAGTGCAGGGGAAAGAATAGTAGACATAATAGCAACAGACATACAAACTCAAGAACTACAAAAACAAATTACAAAAATTCAAAATTTTCGGGTTTATTACAGGGACAGAAGAGATCCACTTTGGAAAGGACCAGCAAAGCTTCTCTGGAAAGGTGAAGGGGCAGTAGTAATACAAGATAATAGTGACATAAAAGTAGTRCCAAGGAGAAAAGCAAAGATCATTAGGGATTATGGAAAACAGATGGCAGGTGATGATTGTGTGGCARGTAGACAGGATGAGGAT---
139849|IN_2211|-IS,TTTTTAGATGGAATAGATAAGGCCCAAGAAGATCATGAGAGATACCACAGTAATTGGAAAGCAATGGCTAGTGATTTTAACCTGCCACCTATAGTAGCAAAAGAAATAGTAGCCTGCTGTGATAAATGTCAGCTAAAAGGAGAAGCCATACACGGACAGGTAGACTGCAGTCCAGGAATATGGCAACTAGATTGTACACACTTAGAAGGAAAAATTATCMTGGTAGCAGTTCATGTAGCCAGTGGGTATATAGAAGCAGAAGTTATTCCAGCAGAAACAGGGCAGGAAACAGCATATTTTCTCTTAAAATTAGCAGGAAGGTGGCCAGTAAAAGTAGTACATACAGACAATGGCAGCAATTTCACCAGTGCTACAGTTAAAGCTGCCTGCTGGTGGGCAGGGATCAAGCAGGAATTTGGCATTMCCTACAATCCCCAAAGTCAAGGAGTAGTAGAATCAATGCATAAAGAAATAAAGAAAATTATAGGACAGGTAASAGATCAGGCAGAACATCTCAAGACAGCAGTACAAATGGCAGTATTCATCCACAATTTTAAAAGAAAAGGGGGGATTGGGGGGTACAGTGCAGGGGAAAGAATAATAGACATAATAGCATCAGACATACAAACTAAAGAACTACAAAAGCAAATTACAAAAATTCAAAATTTTCGGGTTTATTACAGGGACAGCAGAGATCCTCTTTGGAAAGGACCAGCAAAGCTCCTCTGGAAAGGTGAAGGGGCAGTAGTAATACAAGATAATAGTGACATAAAAGTAGTGCCAAGAAGAAAGGCAAAGATYATTAGGGATTATGGAAAACAGATGGCAGGTGATGATTGTGTGGCAAGTAGACAGGATGAGGAT---
1556|CA124202|-IS,TTCCTGGATGGAATAGATAGGGCCCAAGAGGAACATGAGAAATATCACAATAATTGGAGAGCAATGGCTAGTGATTTTAACCTACCACCTGTAGTAGCAAAAGAAATAGTGGCCAGCTGTGACAAATGTCAGCTAAAAGGAGAAGCCATGCATGGACAAGTAGACTGTAGTCCAGGAATATGGCAGTTAGATTGTACACATTTAGAAGGAAAAATTATCATGGTAGCAGTTCATGTAGCCAGTGGCTATATAGAAGCAGAAGTTATTCCAGCAGAGACAGGGCAAGAAGCAGCATACTTTATCTTAAAATTAGCAGGAAGATGGCCAGTACAAAAAATACATACAGACAATGGCCGCAATTTTACCAGTACTACAGTTAAAGCCGCCTGTTGGTGGGCAGGGATCAAGCAGGAATTTGGCATTCCCTGCAATCCCCAAAGTCAAGGAGTAGTAGAATCTATGAATAAAGAATTAAAGAAAATTATAGGGCAAGTAAGAGATCAGGCTGAACATCTCAAGACAGCAGTACAAATGGCAGTATTCATCCACAATTTTAAAAGAAAAGGGGGGATTGGGGGGTACAGTGCAGGGGAAAGAATAGTAGACATAATAGCATCAGACATACAAACTAGAGAACTACAAAAACAAATTACAAAGATTCAAAATTTTCGGGTTTATTACAGGGACAGAAGAGATCCACTTTGGAAAGGACCAGCAAAACTTCTCTGGAAAGGTGAAGGGGCAGTAGTAATACAAGATAATAGTGAAATAAAAGTAGTGCCAAGAAGAAAAGCAAAGATCATTAGGGATTATGGAAAACAGATGGCAGGTGATGATTGTGTGGCAAGTAGACAGGATGAGGAT---
139936|IN_1391|-IS,TTTTTAGATGGGATAGATAAGGCCCAAGAAGAACATGAGAGATATCACAGTAATTGGAGAGCAATGGCTAGTGATTTTAACCTGCCACCAATAGTAGCAAAAGAAATAGTAGCCAGCTGTGACAAATGTCAGCTAAAAGGAGAAGCCATGCATGGACAAGTAGACTGTAGTCCAGGAATATGGCAAYTAGATTGTACACACTTAGAAGGAAAAATTATCCTGGTAGCAGTGCATGTAGCCAGTGGATATATAGAAGCAGAAGTTATCCCAGCAGAGACGGGGGCTGAAGCAGCATACTTTATCTTAAAATTAGCAGGGAGATGGCCAGTAAAAACAATACATACAGACAATGGCACCAATTTCACCAGTGCTACAGTTAAGGCCGCCTGTTGGTGGGCAGGGATCAAGCAAGAATTTGGCATTCCCTGCAATCCCCAAAGTCAAGGAGTAGTAGAATCTCTAAATAAAGAATTAAAGAAAATTATAGGACAGGTAAGAGATCAGGCTGAACATCTTAAGACAGCAGTACAAATGGCAGTATTCATTCACAATTTTAAAAGAAAAGGGGGGATTGGGGGGTACAGTGCAGGGGAAAGAATAATAGACATAATAGCAACAGACATACAAACTAAAGAACTACAAAAACAAATTACAAAAATTCAAAACTTYCGGGTTTATTACAGGGAYAGAAGAGATCCACTTTGGAARGGACCAGCAAAACTTCTCTGGAAAGGTGAAGGGGCAGTAGTAATACAGGATAACAGTGACATAAAAGTAGTGCCAAGAAGAAAAGCAAAGATCATTAGGGATTATGGAAAACAGATGGCAGGTGATGATTGTGTGGCAAGTAGACAGGATGAGGAT---
154004|D8597|LC022714-IS,TTTTTAGATGGAATAGATAARGCCCAAGAGGAACATGAGAAGTATCACAATAATTGGAGAGCAATGGYTAGTGATTTTAACCTGCCACCTGTAGTAGCAAAAGAAATAGTAGCCAGCTGTGATAAATGTCAGCTAAAAGGAGAAGCCATGCATGGACAAGTAGACTGTAGCCCAGGAATATGGCAACTAGACTGTACACATYTAGAAGGAAAAGTTATCCTGGTAGCAGTTCATGTAGCCAGTGGATATATAGAAGCAGAAGTTATTYCAGCAGAGACAGGACAGGAAGCAGCATACTTTATTTTAAAATTAGCAGGAAGATGGCCAGTAAAAACAATACACACAGACAATGGCAGCAATTTCACCAGTGCTGCAGTCAAGGCCGCCTGTTGGTGGGCGGGGATCAAGCAGGAMTTTGGCATTCCCTACAATCCTCAAAGTCAAGGAGTARTAGAATCTATGCATAAAGAATTAAAGAAAATTATAGGACAGGTAAGAGAGCAGGCTGAACATCTTAAAACAGCAGTACAAATGGCAGTATTCATCCACAATTTTAAAAGAAAAGGGGGGATTGGGGGATACAGTGCAGGGGAAAGAATAATAGACATAATAGCAACAGACATACAAACTAAAGAATTACARAAACAAATTACAAAAATTCAAAATTTTCGGGTTTATTACAGGGACAGCAGAAATCCACTTTGGAAAGGACCAGCAAAGCTTCTCTGGAAAGGTGAAGGGGCAGTAGTAATACAAGATAACAGTGACATAAAAGTAGTGCCAAGAAGAAAAGCAAAGATCATTAGGGATTATGGAAAACAGATGGCAGGTGATGATTGTGTGGCAAGTAGACAGGATGAGGAT---
139947|IN_2999|-IS,TTYTTAGATGGAATAGATAGGGCCCAAGAAGAGCATGAGAAATATCACAATAATTGGAGAGCAATGGCYAGTGATTTTAATCTGCCACCTATAGTAGCAAARGAGATAGTGGCCAGCTGTGATAAATGTCAGCTAAAAGGAGAAGCCATGCATGGACAAGTAGACTGYAGTCCAGGAATATGGCARCTAGATTGTACACAYTTAGAAGGRAAAATTATCATAGTAGCAGTTCATGTGGCCAGTGGATATATAGARGCAGAAGTTATTCCAGCAGAGACAGGGCAGGAARCAGCATACTATATCTTAAAATTAGCAGGAAGATGGCCAGTAACAACAATACATACAGACAATGGCACCAATTTCACCAGYRCTGCTGTTAAGGCCGCCTGTTGGTGGGCRGGRATCAAGCAGGAATTTGGCATTCCCYRCAATCCCCAAAGTCAAGGAGTAGTAGAATCTATGAATAAAGAATTAAAGAAAATTATAGGRCAGGTAAGAGATCAGGCTGAACATCTTAAGACAGCAGTACAAATGGCAGTATTCATTCACAATTTTAAAAGAAAAGGGGGGATTGGGGGATACAGTGCAGGGGAAAGAATAGTAGACATAATAGCATCAGACATACAAACTAAAGAACTACAAAAACAAATTWCAAAAATTCAAAATTTTCGGGTCTATTACAGGGACAGCAGAGATCCACTTTGGAAAGGACCAGCAAAGCTTCTCTGGAAAGGTGAAGGRGCAGTAGTAATACAAGATAATAGTGAAATAAAAGTAGTGCCAAGAAGAAAAGCAAAGATCATTAGGGATTATGGAAAACAGATGGCAGGTGATGATTGTGTGGCAAGTAGACAGGATGAGGAT---
140032|IN_1542|-IS,TTTTTAGATGGAATAGATAAAGCCCAAGAAGAACATGAGAAATATCACAGTAATTGGAGAGCAATGGCTAGTGATTTTAACCTGCCACCTGTAGTAGCAAAGGAAATAGTAGCCAGCTGTGATAAATGTCAGCTAMAAGGAGAAGCCATGCATGGACAAGTAGACTGTAGTCCAGGAATATGGCAACTAGATTGTACACATTTAGAAGGAAAAGTTATCCTGGTAGCAGTTCATGTAGCCAGTGGATATATAGAAGCAGAAGTTATTCCAGCAGAAACAGGGCAGGAAACAGCATACTTCCTCTTAAAATTAGCAGGAAGATGGCCAGTAAAAACAATACATACAGACAATGGCAGCAATTTCACCAGTACTACAGTTAAGGCCGCCTGTTGGTGGGCGGGGATCAAGCAGRAATTTGGCATTCCCTACAATCCCCAAAGTCGAGGAGTAGTAGAATCTATGAATAAAGAATTAAAGAAAATTATAGGACAGGTAAGAGATCAGGCTGAACATCTTAAGACAGCAGTACAAATGGCAGTTCTCATCCACAATTTTAAAAGAAAAGGGGGGATTGGGGGATACAGTGCAGGGGAAAGAATAATAGACATAATAGCAACAGACATCCAAACCAAAGAATTACAAAAACAAATTACAAAAATTCAAAATTTTCGGGTTTATTACAGGGACAGCAGAGATCCACTTTGGAAAGGACCAGCAAAGCTTCTCTGGAAAGGTGAAGGGGCAGTAGTAATACAAGATAATAGTGACATCAAAGTAGTGCCAAGAAGAAAAGTAAAGATCATTAGGGATTATGGAAAACAGATGGCAGGTGATGATTGTGTGGCAAGTAGACAGGATGAGGAT---
140171|IN_2205|-IS,TTTTTAGATGGGATAGATAGAGCCCAAGAAGAACATGAGAAATATCACAGTAATTGGAGAGCAATGGCTAGTGATTTTAACCTGCCACCTGTGGTAGCAAAAGAAATAGTAGCCTGCTGTGATAAATGTCAGCTAAAAGGAGAAGCCATGCATGGGCAAGTAGACTGTAGTCCAGGGATATGGCAACTAGATTGTACACATTTAGAAGGAAAAGTTATCCTGGTAGCAGTTCATGTAGCCAGTGGATATATAGAAGCAGAAGTTATTCCAGCAGAGACAGGGCAGGAAGCAGCATACTTTATCTTAAAATTAGCAGGAAGGTGGCCAGTAAAAACAATACATACAGATAATGGCAGCAACTTCACCAGTGCTACAGTCAAGGCCGCCTGCTGGTGGGCAGGGATCAAGCAGGAATTTGGCATTCCCCGCAATCCCCAAAGTCAAGGAGTAGTGGAATCTATGAATAAAGAATTAAAGAAAATTATAGGACAGGTAAGAGATCAGGCTGAACATCTTAAAACAGCAGTACAAATGGCAGTATTCATCCACAATTTTAAAAGAAAAGGGGGGATTGGGGGGTACAGTGCAGGGGAAAGAATAATAGACATAATAGCAACAGACATACAAACTAAAGAATTACAAAAACACATTACAAAAATCAACAATTTTCGGGTTTATTACAGGGACAGCAGAGATCCACTTTGGAAAGGACCAGCAAAGCTTCTCTGGAAAGGTGAAGGGGCAGTAGTAATACAAGATAATAGTGACATAAAAGTAGTGCCAAGAAGAAAAGCAAAGATCATTAGGGATTATGGAAAACAGATGGCAGGTGATGATTGTGTGGCAAGTAGACAGGATGAGGAT---
139867|IN_1160|-IS,TTTCTGGATGGAATAGATAAAGCCCAAGAAGAGCATGAGAAATATCACAACAATTGGAGAGCAATGGCTAGTGACTTTAACTTGCCACCTATAGTAGCAAGAGAAATAGTAGCTCGCTGTGACAAATGCCAGTTAAAGGGAGAAGCCATGCATGGACAAGTAGACTGTAGTCCAGGAATATGGCAGCTAGATTGTACACATCTAGAAGGAAAAATCATCATGGTAGCAGTTCATGTAGCCAGTGGATATATAGAAGCAGAAGTTATTCCAGCAGAGACAGGGCAAGAAGCAGCGTACTTTCTCTTAAAACTAGCAGGAAGATGGCCAGTAAAAACAATACATACAGACAATGGCACCAATTTCACCAGTGCTACAGTTAAGGCCGCCTGTTGGTGGGCRGGAATCAAGCAGGAATTTGGTATTCCCKCCAATCCCCAAAGCCAAGGGGTAGTAGAATCTATGAATAAAGAATTAAAGAAAATTATAGGGCAGGTAAGAGATCAGGCAGAGCATCTTAAGACAGCAGTACAAATGGCAGTATTCATCCACAATTTTAAAAGAAAAGGGGGGATTGGGGGATACAGTGCAGGGGAAAGAATAGTAGACATAATAGCATCAGACATACAAACTAAAGAATTACAAAAGCAAATTACAAAAATTCAAAATTTTCGGGTTTATTACAGGGAACGCAGAGATCCACTTTGGAAAGGACCAGCAAAGCTTCTCTGGAAAGGTGAAGGGGCAGTAGTAATACAAGATAATAGTGACATAAAAGTAGTGCCAAGAAGAAAAGCAAAGATCATTAGGGATTATGGAAAACAGATGGCAGGTGATGATTGTGTGGCAAGTAGACAGGATGAGGAT---
73552|Virus142|GU121818-IS,TTTTTAGATGGAATAGAAAAGGCCCAAGAAGAACATGAAARATATCACAATAATTGGAAAGCAATGGCTAGTGAATTTAACCTGCCCCCTGTGGTAGCAAAAGAAATAGTAGCCTGCTGTGATAAATGTCAGRYAAAAGGAGAAGCCATGCATGGACAAGTAGACTGTAGTCCAGGAATATGGCAACTAGATTGTACACATTTAGAAGGAAAAATCATCTTRGTAGCAGTTCATGTAGCCAGTGGATATATAGAAGCAGAAGTTATTCCAGCAGAAACAGGGCAGGAARCAGCATACTTTATTTTAAAATTAGCAGGAAGATGGCCAGTAAAAACAATACATACAGACAATGGCAGMAATTTCACCAGTGCTACAGTCAAGGCCGCCTGTTGGTGGGCGGGGATCAAGCAGGAATTTGGCATTCCCTACAATCCCCAAAGTCAAGGAGTARTAGAATCTATGMATAAAGAATTGAAAACAATTATARGACAGGTAAGAGATCAGGCTGAACATCTTAAGACAGCAGTACAAATGGCAGTATTCATTCACAATTTTAAAAGAAAAGGGGGGATTGGRGGGTACAGTGCAGGGGAAAGAATAATAGACATAATAGCAACAGACATACAAACTAGAGAATTACAAAAACAAATTACAAAAATTCAAAATTTTCGGGTTTATTACAGGGACAGCAGAGATCCACTTTGGAAAGGACCAGCAAAGCTTCTCTGGAAAGGTGAAGGGGCAGTAGTAATACAAGATAATAGTGACATAAAAGTAGTGCCAAGAAGAAAAGCAAAGATCATTAGGGATTATGGAAAACAGATGGCAGGTGATGATTGTGTGGCAAGTAGACAGGATGAGAAT---
139451|BRSP496|-IS,TTTTTAGATGGAATAGATAAGGCCCAAGAAGAACAAGAGAGATACCACAGTAATTGGAGATCAATGACTAGTGATTTTAACCTGCCACCTATAGTAGCAAAAGAAATAGTAGCCAGCTGTGATAAATGTCAACTAAAAGGAGAAGCCATGCATGGACAAGTAGACTGTAGTCCAGGAATATGGCAGCTAGATTGTACCCACCTAGAAGGAAAAATTATCCTGGTAGCAGTTCATGTAGCCAGTGGATATATAGAAGCAGAAGTTATTCCAGCACAAACAGGACAAGAAACAGCATATTTTATCTTAAAATTGGCAGGAAGATGGCCAGTAAAAACAATACATACAGATAATGGCAGCAATTTYACCAGTGCTACAGTAAAGGCCGCCTGTTGGTGGGCAGGGATCAAGCAGGAATTTGGCATTCCCTACAATCCCCAAAGTCAAGGAGTAATAGAATCAATGCATAAGGAATTAAAGAAAATTATAGGACAAGTCAGAGATCAGGCTGAACATCTTAAGACAGCAGTACAAATGGCAGTATTCATCCACAATTTTAAGAGAAAAGGGGGGATTGGGGGGTACAGTGCAGGGGAAAGAATAGTAGACATAGTAGCAACAGACATACAAACTAAAGAACTACAAAACCAAATTACAAAAATTCAAAATTTTCGGGTTTATTACAGGGACAGCAGAGATCCACTTTGGAAAGGACCAGCAAAACTCCTCTGGAAAGGTGAAGGGGCAGTAGTAATACAAGACAATAGTGACATAAAAGTAGTGCCAAGGAGAAAAGCAAAGATCATTAGGGATTATGGAAAACAGATGGCAGGTGATAATTGTGTGGCAAGTAGACAGGATGAGGAT---
140223|IN_2674|-IS,TTTTTGGATGGGATAGATAAGGCCCAAGAAGAACATGAGAAATATCACAATAATTGGAGAGCAATGGCTAGTGATTTTAACCTACCACCTGTAGTGGCAAAAGAAATAGTAGCCAGCTGTGATAAATGTCAGTTAAAAGGAGAAGCCATGCATGGACAAGTAGACTGTAGTCCAGGAATATGGCAACTAGACTGTACACATTTAGAAGGAAAAATTATCCTGGTAGCAGTCCATGTAGCCAGTGGATACATAGAAGCAGAAGTTATTCCAGCAGAGACAGGGAAGGAARCAGCATACTTTATTTTAAAATTAGCAGGAAGATGGCCAGTAAAAACAATACATACAGACAATGGCCCCAATTTCACCAGTGCTGCGGTTAAGGCCGCCTGTTGGTGGGCAGGGGTCCAGCAGGAATTTGGCATTCCCTACAATCCCCAAAGTCAAGGAGTARTAGAATCTATGCATAAAGAATTAAAGAAAATTATAGGGCAAGTAAGAGATCAGGCTGAACATCTTAAGACAGCAGTACAAATGGCAGTATTCATCCACAATTTTAAAAGAAAAGGGGGGATTGGGGGGTACAGTGCAGGGGAAAGAATAGTAGACATAATAGCAACAGACATACAAACTAAAGAATTACAAAAACAAATTACAAAAATTCAAAATTTTCGGGTTTATTACAGAGACAGCAGAGATCCACTTTGGAAAGGACCAGCAAAACTTCTCTGGAAAGGTGAAGGGGCAGTAGTAATACAAGATAATAGTGACATAAAAGTAGTGCCAAGAAGAAAAGCAAAGATCATTAGGGATTATGGAAAACAGATGGCAGGTGATGATTGTGTGGCAAGTAGACAGGATGAGGAT---
139893|IN_443|-IS,TTTTTAGATGGAATAGATAAGGCCCAAGAAGAGCATGARAAATATCACAATAATTGGAGAGCAATGGCTAGTGATTTTAACCTGCCACCTGTRGTAGCAAAAGAAATAGTAGCCAGCTGTGAYAAATGTCAGCTAAAAGGAGAAGCCATGCAYGGACAGGTAGAYTGTAGTCCAGGAATATGGCAACTAGATTGTACMCATTTAGAAGGAAAAGTTATCCTGGTAGCAGTCCATGTAGCCAGTGGTTATATAGAAGCGGAAGTCATTCCAGCACAAACGGGGCAGGAAACAGCATATTTTCTTTTAAAATTAGCAGGCAGGTGGCCAGTAAAAATAATACATACAGACAATGGCAGCAACTTCACCAGTGCTGTAGTTAAGGCTGCCTGYTGGTGGGCAGGGATCAAGCAGGAMTTTGGCATTCCCTACAATCCCCAAAGTCAAGGAGTAGTAGAATCTATGCATAAAGAATTAAAGAAAATTATAGGACAGGTAAGGGACCAAGCTGAACATCTKAAGACAGCAGTACAAATGGCAGTATTCATTCACAATTTTAAAAGAAAAGGGGGGATTGGGGGRTACAGTGCAGGGGAAAGAATAGTAGACATAATAGCATCAGACATACAAACTAAAGAACTACAAAARCAAATTACAAAAATTCAAAATTTTCGGGTTTATTACAGGGACAGCAGARATCCACTTTGGAAGGGACCAGCAAAGCTCCTCTGGAAAGGTGAAGGGGCAGTGGTAATACAAGATAATAGTGACATAAAAGTAGTGCCAAGAAGGAAAGCAAAGATCATTAGGGATTATGGAAAACAGATGGCAGGTGATGRTTGTGTGGCAAGTAGACAGGATGAGGAT---
73544|Virus139|GU121815-IS,TTTTTAGATGGAATAGATAAAGCACAAGARGAACATGAGAAATATCACAGTAATTGGAAAGCAATGGCTAGTGATTTTAACCTGCCCCCTGTGGTAGCRAAAGAAATAGTRGCCAGCTGTGATAAATGTCAGCTAAAAGGAGAAGCCATGCATGGACAAGTAGAYTGTAGCCCAGGAATATGGCAACTAGATTGTACACATTTAGAAGGAAAAATTATCMTGGTAGCAGTTCATGTAGCCAGTGGATATATAGAAGCAGAAGTTATTCCAGCAGAAACAGGGCAGGAARCAGCATACTTTCTCTTAAAATTAGCAGGAAGATGGCCAGTAAAAGTAGTACATACAGACAATGGCASCAATTTCACCAGTACAGCAGTTAAGGCCGCCTGTTGGTGGGCAGGGATCAAGCAGGAATTTGGCATTCCCTRCAATCCCCARAGTCAAGGRGTAGTAGAATCTATGAATAAAGAATTAAAGAAAATYATAGGACAGGTAAGAGATCAGGCTGAACAGCTTAAGACAGCAGTACAAATGGCAGTATTCATCCACAATTTTAAAAGAAAAGGGGGGATTGGGGGATACAGTGCAGGGGAAAGAATGGTAGACATRATAGCAACAGACATACAAACTAAAGAACTACAGAAACAAATTWCAAAAATTCAAAATTTTCGGGTYTATTACAGGGACMGCAGAGATCCACTTTGGAARGGACCAGCAAAGCTCCTYTGGAAAGGTGAAGGGGCAGTAGTAATACAAGATAATAGTGACATAAAAGTAGTGCCAAGAAGAAAAGCAAAGATCATTAGGGATTATGGAAAACAGATGGCAGGTGATGATTGTGTGGCAAGTAGACAGGATGAGGAT---
139484|BRSP273|-IS,TTTTTAGATGGAATAGATAAGGCCCAAGAGGAACATGAAAAATATCACAATAATTGGAGATCAATGGCTAGTGATTTTAACCTGCCACCTATAGTAGCAAAAGAAATAGTAGCCAGTTGTGATAAATGTCAGCTAAAAGGAGAAGCCATGCATGGACAAGTAGACTGTAGCCCAGGAATATGGCAGCTAGATTGTACACACTTAGAAGGAAAAATCATCCTGGTAGCAGTTCATGTAGCCAGTGGCTATATAGAAGCAGAAGTTATTCCAGCAGAGACAGGGCAAGAAACAGCATACTTTATCTTAAGGCTAGCAGGAAGATGGCCAGTAAAAACAATACATACAGACAATGGCAGCAATTTCACCAGTGCTACAGTTAAGGCCGCCTGTTGGTGGGCAGGGGTCAAGCAGGAATTTGGCATTCCCTRCAATCCCCAAAGTCAAGGAGTAATAGAATCTATGCATAAAGAATTAAAGAAAATTATAGGACAGGTAAGAGATCAGGCTGAACATCTTAAGACAGCAGTGCAAATGGCAGTATTCATCCACAATTTTAAAAGAAAAGGGGGGATTGGGGGATACAGTGCAGGGGAAAGAATAATAGACATAATAGCAACAGACATACAAACTAAAGAATTACAAAAACAAATTCTACAAATTCAAAATTTCCGGGTTTATTACAGGGACAGCAGAGACCCAGTTTGGAAAGGACCAGCAAAGCTACTCTGGAAAGGTGAAGGGGCAGTAGTCATACAAGATAATAGTGAAATAAAGGTAGTACCAAGAAGAAAAGCAAAGATCATTAGAGATTATGGAAAACAGATGGCAGGTGATGATTGTGTGGCAGGTAGACAGGATGAGGAT---
140159|IN_1409|-IS,TTTTTAGATGGAATAGAGAAGGCTCAAGAAGACCATGAGAAATATCACAGTAATTGGAGGGCAATGGCTAGTGATTTTAATCTGCCACCTATAATAGCAAAAGAAATAATAGCCAACTGTGATAAATGTCAGCTAAAAGGAGAAGCCATGCATGGACAAGTAGACTGTAGTCCAGGAATATGGCAGCTAGATTGTACACACTTAGAAGGAAAAATTATCCTGGTAGCAGTCCATGTAGCTAGTGGGTATATAGAAGCAGAAGTTATTCCAGCAGAAACAGGGAAGGAAACAGCATACTTTATCTTAAAATTAGCAGGAAGATGGCCAGTAAAAACAATACATACAGACAATGGCASCAACTTCACCAGTGCTGTTGTTAAGGCTGCCTGTTGGTGGGCAGGGATCAAGCAGGAATTTGGCATTCCCCGCAATCCCCAAAGTCAAGGAGTAGTAGAATCCATGMATAAAGAATTAAAGAAAATTATAGGACAGGTAAGAGATCAGGCTGAACATCTTAAGACAGCAGTACAAATGGCAGTATTCATCCACAATTTTAAAAGAAAAGGGGGGATTGGGGGGTACAGTGCAGGGGAAAGAATAATAGACATAATAGCATCAGAAATACAGACTAAAGAATTACAAAAACAAATTACAAAAATTCAAAAATTTCGGGTTTATTACAGGGACAGCAGAGATCCACTTTGGAAAGGACCAGCAAAGCTGCTCTGGAAAGGTGAAGGGGCAGTAGTAATACRGGATAACAGTGATATAAAAGTAGTGCCAAGAAGAAAAGCAAAGATCATTAGGGATTATGGAAAACAGATGGCAGGTGATGATAGTGTGGCAAGTAGACAGGATGAGGAT---
114608|PT_69_MO_7|JN544101-IS,TTTTTAGATGGAATAGATAAAGCCCAAGAAGAACATGARAAATATCACAGTAATTGGARAGCAATGGCYAGTGAGTTYAACATACCACCTGTGGTAGCAAAARAAATAGTWGCCTGCTGTGATAAATGTCAGCTAAAAGRAGAAGCCATGCATGGACAAGTAGACTGTAGTCCAGGAATATGGCAACTAGATTGTACACATTTAGAAGGAAAAATTATYCTGGTAGCAGTTCATGTAGCCAGTGGATATATAGAAGCRGAAGTTATTCCAGCASMGACAGGRCARGAAACAGCATAYTTTATCTTAAAATTAGCAGGAAGATGGCCAGTAAAAACAATACATACAGACAATGGCAGCAATTTCACCAGTACTACAGTTAAGGCCGCCTGTTGGTGGGCRGGRATCAAGCAGRAATTTGGYATTCCCTACAATCCCCAAAGTCAAGGAGTRRTAGAATCTATGCATAAAGAATTAAAGAAAATTATAGGACAGATAAGAGATCAGGCTGAACATCTKAARACAGCAGTACAAATGGCAGTATTCATYCACAATTTTAAGAGAAAAGGGGGGATTGGGGGGTACAGTGCAGGGGAAAGAATAGTAGACATAATAGCAACAGACATACAAACTAAAGAATTACAGAAMCACATTACAAAAATTCAAAATTTTCGGGTTTATTACAGGGACAGCAGARATCCACTTTGGAAAGGACCAGCAAAACTTCTCTGGAAAGGTGAAGGGGCAGTAGTAATACAAGATAAYAGTGACATAAAAGTAGTRCCAAGAAGRAAAGCAAARATCATTAGGGATTATGGAAAACAGATGGCAGGTGATGATTGTGTGGCAAGTMGACAGRATGAGGAT---
140205|IN_2058|-IS,TTTTTAGATGGAATAGATAAGGCCCAAGAAGAACATGAGAAATATCACAGTAATTGGAAAGCAATGGCTAGTGATTTTAACCTACCACCTGTAGTAGCAAAAGAAATAGTAGCCAGCTGTGATAAATGTCAGCTAAAAGGAGAAGCCAYACATGGACAAGTAGACTGTAGTCCAGGAATATGGCAACTAGACTGTACACATTTAGAAGGAAAAGTTATCCTGGTAGCAGTTCATGTAGCCAGTGGATATATAGAAGCAGAAGTCATTCCAGCAGAGACAGGGCAGGAAGCAGCATACTTTATCTTAAAATTAGCAGGAAGATGGCCAGTAAAAACAATACATACAGACAATGGTAGAAATTTCACCAGTGCTACAGTTAAGGCTGCCTGTTGGTGGGCAGGTATCAAACAGGAATTTGGGATTCCCTACAATCCCCAAAGTCAAGGAGTAATAGAATCTATGCATAAAGAATTAAAGAAAATTATAGGACAGGTGAGAGACCAGGCTGAGCATCTTAAGACAGCAGTACAAATGGCAGTATTCATCCACAATTTTAAAAGAAAAGGGGGGATTGGGGAGTATAGTGCAGGGGAAAGAATAGTTGACATAATAGCAACAGACATACAAACTAGAGAATTACAAAAACAAATTACAAAAATTCAAAATTTTCGGGTTTATTACAGGGACAGCAGAGATCCASTTTGGAAAGGACCAGCAAAGCTCCTCTGGAAAGGTGAAGGGGCAGTAGTAATACAAGATAATAGTGACATAAAAGTAGTGCCAAGAAGAAAAGCAAAGATCATTAGGGATTATGGAAAACAGATGGCAGGTGCTGATTGTGTGGCAAGTAGACAGAATGAGGAT---
112208|092710.036|HQ423433-IS,TTTTTGGATGGAATAGATAAGGCCCAAGAAGACCATGAGAAATACCACAGTAATTGGAGAGCAATGGCTAGTGATTTTAACCTGCCACCTATAGTAGCAAAAGAAATAGTAGCCAGCTGTGATAAATGTCAGCTAAAAGGGGAAGCCATGCATGGGCAAGTAGACTGTAGTCCAGGAATATGGCAATTAGATTGTACACATTTAGAAGGAAAAATTATCCTGGTAGCAGTTCATGTAGCCAGTGGATATATAGAAGCAGAAGTTATTCCAGCAGAGACAGGACAAGAAACAGCATACTTCATCTTAAAATTAGCAGGAAGATGGCCAGTGAAAACTATACATACAGACAATGGCAGCAATTTCACTAGTAATACAGTTAAGGCCGCCTGTTGGTGGGCGGGAATCAAGCAGGCATTTGGCATTCCCTACAATCCCCAAAGTCAAGGAGTAGTAGAATCCATGAATAAAGAATTAAAGAAAATTATAGGGCAGGTAAGAGATCAGGCTGAACATCTTAAGACAGCAGTACAAATGGCAGTATTCATYCACAATTTTAAAAGAAAAGGGGGGATTGGGGGATACACTGCAGGGGAAAGAATAGTAGACATGATAGCWACAGACATACAAACTAAAGAACTACAGAACCAAATTACAAAAATTCAAAATTTTCGGGTTTATTACAGGGACAGCAGAGATCCACTTTGGAAAGGACCAGCAAAGCTTCTCTGGAAAGGTGAAGGGGCAGTAGTAATACAAGATAACAGTGACATAAAAGTAGTGCCAAGAMGAAGAGCAAAGATCATTAGGGATTATGGAAAACAGATGGCAGGTGATGATTGTGTGGCAAGTAGACAGGATGAGGAT---
140240|IN_1514|-IS,TTTTTGGATGGAATAGACAAAGCCCAAGAAGAGCATGARAAATATCACAGTAATTGGAGAGCAATGGCTAGTGATTTTAAYCTGCCMCCTATAGTAGCAAAAGAAATAGTAGCCAGYTGTGATAAATGTCARATAAAAGGAGAACCCATGCATGGACAGGTAGACTGYAGTCCAGGAATATGGCAACTAGATTGTACACATTTAGAAGGAAAAATYATCMTGGTAGCAGTTCATGTAGCCAGTGGATATATAGAAGCAGAAGTTATCCCAGCAGAGACAGGGCAGGAAGCAGCATACTTCATCTTAAAATTAGCAGGAAGATGGCCAGTAAAAACAATACATACAGACAATGGCRGCAATTTCAYCAGTACTACAGTTAAGGCTGCCTGTTGGTGGGCGGGGATCAAGCAGGAATTTGGCATCCCCCGCAATCCCCAGAGTCAAGGAGTAGTAGAGTCTATGAATAAAGAATTAAAGAAAATTATAAAACAGGTAAGAGATCAGGCTGAACATCTTAAGACAGCAGTACAAATGGCAGTATTCATTCACAATTTTAAAAGAAAAGGGGGGATTGGGGGRTACAGTGCAGGGGAAAGAATAATAGACATAATAGCAACAGACATACAAACTAAAGAAYTACAAAACCAAATTACAAAAATTCAAAATTTTCGGGTTTATTACAGGGACAGCAGAGACCCACTTTGGAAAGGACCAGCAAAGCTTCTCTGGAAAGGTGAAGGGGCAGTAGTAATACAAGATAATAGTGACATAAAAGTAGTGCCCAGAAGAAAAGCAAAGATAATYAGGGATTATGGAAAACAGATGGCAGGTGATGATTGTGTGGCAAGTAGACAGGATGAGGAT---
140225|IN_676|-IS,TTTYTGGATGGAATAGATAAGGCYCAAGAAGAACATGAAAAATATCACAGTAATTGGAGAGCAATGGCTAGTGATTTTAACCTGCCACCTRTRGTAGCAAAAGAAATAGTAGCCAGCTGTGATAAATGTCAGYTAAAAGGAGAAGCCATRCATGGACAGGTAGACTGTAGTCCAGGAATATGGCAACTAGATTGTACACATTTAGAAGGAAARATTATCCTGGTAGCAGTTCATGTAGCCAGTGGATATATAGAAGCAGAAGTTATTCCAGCAGAGACAGGRCARGAAACAGCATACTTTCTCTTAAAATTAGCAGGAAGATGGCCAGTAAAAACAATACATACAGAYAATGGCAGCAATTTCACCAGTACTACRGTTAAGGCYGCCTGYTGGTGGGCAGGGATCAAGCAGRAATTTGGCATTCCCTACAATCCCCAAAGTCRAGGAGTAGTAGARTCYATGAAYAAAGAGYTAAAGAAAATYATAGGACAGGTAAGAGATCAGGCTGAACATCTTAARACAGCAGTACAAATGGCAGTATTCATCCACAATTTTAAAAGAARAGGGGGGATTGGGGRKTAYAGTGCAGGRGAGAGAATAATAGACATAATAGCAACAGACATACAAACTAAAGAATTACAAAAACAAATTACAAAAATTCAAAATTTTCGGGTYTATTACAGAGACAACAGAGATCCACTTTGGAAAGGACCAGCAAAACTYCTCTGGAAAGGTGAAGGGGCAGTAGTAATACAAGATAATAGTGACATAAAAGTAGTRCCAAGAAGAAAAGTAAAGATCATTAGGRATTATGGAAAACAGATGGCAGGTGATGATTGTGTGGCAAGTAGACAGGATGAGGAT---
140246|IN_1007|-IS,TTTTTAGATGGCATAGATAAAGCCCAAGAAGAGCATGAAAGATATCACAGCAATTGGAGAGCAATGGCTAGTGATTTTAATCTGCCACCTATAGTAGCAAAAGAAATAGTGGCCAGCTGTGATAAATGTCAGCTAAAAGGGGAAGCYATGCATGGACAAGTAGACTGTAGTCCAGGAATATGGCAATTAGATTGTACACATTTAGAAGGAAAAATTATCATRGTAGCAGTCCATGTAGCCAGTGGCTATATAGAAGCAGAAGTGATCCCAGCAGAAACAGGACAGGAGGCAGCATACTTCATATTAAAATTAGCAGGAAGATGGCCAGTGAAAGTAATACATACAGACAATGGCCCCAATTTCACCAGTGGTGCAGTAAAGGCAGCATGTTGGTGGGCAGATGTCAAACAAGAATTTGGAATTCCCCGCAATCCCCAAAGCCAAGGAGTAGTGGAATCTATGAATAAAGAATTAAAGAAAATTATAGGGCAGGTCAGGGATCAAGCTGAACATCTTAAGACAGCAGTACAGATGGCAGTATTCATTCACAATTTTAAAAGAAAAGGGGGGATTGGGGGGTACAGTGCAGGGGARAGAATAATAGACATRATAGCATCAGARATACAAACYAAAGAACTACAAAAACAAATTACAAAAATTCAAAATTTTCGGGTTTATTACAGGGACAGCAGAGACCCCATTTGGAAAGGACCAGCAAAACTACTGTGGAAAGGTGAAGGGGCAGTAGTAATACAGGACAATAGTGATATAAAGGTAGTACCAAGAAGAAAAGCAAAAATCATCAGGGATTATGGAAAACAGATGGCAGGTGATGATTGTGTGGCAGGTAGACAGGATGAGGAT---
139413|BRSP222|-IS,TTCCTAGATGGAATAGATAAGGCCCAAGATGAACATGAGAAATATCACAGCAATTGGAGAGCAATGGCTAGTGACTTTAACCTGCCACCTATAGTAGCAAAGGAAATAGTAGCCAGCTGTGATAAATGTCAGCTAAAAGGAGAAGCCATACATGGACAAGTAGACTGTAGTCCAGGAATATGGCAACTAGATTGTACACATTTAGAAGGAAAAATTATCATGGTAGCAGTTCATGTAGCCAGTGGATATATAGAAGCAGAAGTTATTCCAGCAGAAACAGGGCAGGAAGCAGCATACTTTATCTTAAAATTAGCAGGAAGATGGCCAGTAAAAGTAATACATACAGACAATGGTCCTAATTTCATCAGCAATGCAGTTAAGGCCGCCTGCTGGTGGGCGGGGGTCAAACAGGATTTTGGCATTCCCCGCAATCCCCAAAGTCAAGGAGTAGTAGAATCTATGAATAAACAATTAAAGAAAATTATAGGACAGGTAAGAGATCAGGCTGAACATCTTAAGACAGCAGTACAAATGGCAGTATTCATCCACAATTTTAAAAGAAAAGGGGGGATTGGGGGATACAGTGCAGGGGAAAGAATAGTAGACATGATAGCAACAGACTTACAAACTAAGGAACTACAAAAACAAATTTCAAAACTTCAAAATTTTCGGGTTTATTACAGGGACAGCAGAGATCCACTTTGGAAAGGACCAGCAAAGCTTCTCTGGAAAGGTGAAGGGGCAGTAGTAATACAAGTGAATAGTGACATAAAAGTAGTGCCAAGAAGAAAAGCAAAGATCATTAGGGATTATGGAAAACAGATGGCAGGTGATGATTGTGTGGCAAGTAGACAGGATGAGGAT---
140300|IN_2519|-IS,TTTTTAGATGGAATAGATAAGGCCCAAGAAGAYCATGAAAGATATCACAGTAATTGGAGAACAATGGCTGGTGAATTTAACCTGCCACCTGTGGTAGCAAAAGAAATAGTAGCCTGCTGTGATAAATGTCAGGTAAAAGGAGAAGCTATGCATGGACAAGTAGACTGTAGTCCAGGAATATGGCAACTAGATTGTACACATTTAGAAGGAAAAATTATCATGGTAGCAGTTCATGTAGCCAGTGGATATATAGAAGCAGAAGTTATTCCAGCAGAGACAGGGCAGGAAGCAGCATACTTTATCTTAAAATTAGCAGGAAGATGGCCAGTAAAAACAATACATACAGACAATGGCGGCAATTTCATCAGTACTGCAGTTAAGGCCGCCTGTTGGTGGGCAGGGATCAAGCAGGAATTTGGCATTCCCCACAATCCCCAAAGTCAAGGAGTAGTAGAATCTATGAATAAAGAATTAAAGAAAATTATAAGACARGTAAGAGATCAGGCTGRACAYCTTAAGACAGCAGTACAAATGGCAGTATTCATYCACAATTTTAAAAGAAAAGGGGGGATTGGGGGGTACAGTGCAGGGGAAAGAATAGTAGACATAATAGCAWCAGACATACAAACTAAAGAACTACAAAAACACATTACAAAAATTCAAAATTTTCGGGTTTATTACAGGGACAGCAGAGATCCACTTTGGAAAGGACCAGCAAAGCTCCTCTGGAAAGGTGAAGGGGCAGTAGTAATACAAGATAATAGTGATATAAAAGTAGTGCCAAGAAGAAAAGCAAAGATCATTAGGGATTATGGAAAACAGATGGCAGGTGATGATTGTGTGGCAARYAGACAGGATGAGGAT---
139860|IN_1874|-IS,TTTTTAGATGGAATAGATAAGGCCCAAGAAGAGCATGAAAAATATCACAGTAATTGGAGAGCAATGGCTAGTGATTTTAACCTGCCACCTGTAGTAGCAAAAGAAATAGTAGCCAGCTGTRATAAATGCCAGCTAAAAGGAGAAGCCATACATGGACAAGTAGACTGTAGTCCAGGAATATGGCAACTAGATTGTACACATCTAGAAGGAAAAGTTATCCTGGTAGCAGTTCATGTAGCCAGTGGATATATAGAAGCAGAAGTTATTGCAGCASAGACAGGGCAGGAAACAGCATACTTCCTCTTAAAATTAGCAGGAAGATGGCCAGTGAAAACAATACATACAGAYAATGGCAGTAATTTCACCAGTGCTACAGTTAAGGCCGCCTGTTGGTGGGCGGGGATCAAGCAAGAATTTGGCATTCCCTACAATCCCCAAAGTCAAGGAGTARTAGAATCTATGMATAAKGAATTAAAGAAAATTATAGGACAGGTAAGAGATCAGGCYGAACACCTTAAGACAGCAGTACAAATGGCAGTATTYATCCACAATTTTAAAAGAAAAGGGGGGATTGGGGGRTACAGTGCAGGGGAAAGAATAGTAGAYATAATAGCAACAGACATACAAACTAAAGAATTACAAAAACAAATTACAAAAATTCAAAATTTTCGGGTTTATTACAGGGACAGCAGAGATCCACTTTGGAAAGGACCAGCAAAGCTTCTCTGGAAAGGTGAAGGGGCAGTAGTAATACAAGAYAATAGTGACATAAAAGTAGTGCCAAGAAGAAAAGCAAAGATCATTAGGGATTATGGAAAACAGATGGCAGGTGATGATTGTGTGGCAAGTAGACAGGATGAGGAT---
93839|BAA295870|JQ716888-IS,TTTTTAGATGGAATAGATAAGGCCCAAGAAGAACATGAGAAATATCACAATAATTGGAGAGCAATGGCTAGTGATTTTAACCTGCCACCTATAGTAGCAAAAGAAATAGTAGCCAGCTGTGATAAATGTCAGCTAAAAGGGGAAGCCACACATGGACAAGTAGACTGTAGTCCAGGRATATGGCAACTAGATTGTACACATTTAGAAGGCAAAGTTATCCTGRTAGCAGTTCATGTAGCCAGTGGATATATAGAAGCAGAAGTTATTCCAGCAGAAACAGGGCAGGAARCAGCATACTTTCTATTAAAATTAGCAGGAAGATGGCCAGTAAAAACAATACATACAGACAATGGCAGCAATTTCACCAGTGCTACTGTTAAGGCCGCCTGTTGGTGGGCGGGGATCAAGCAGGAATTTGGCATTCCCCGCAATCCCCAAAGTCAAGGAGTARTAGAATCTATGAATAATGAATTAAAGAAAATTATAGGACARGTAAGAGATCAGGCKGAACACCTTAAGACAGCAGTACAAATGGCAGTATTCATYCACAATTTTAAAAGAAAAGGGGGGATTGGRGGATACAGTGCAGGGGAAAGAATAGTRGACATAATAGCATCAGAYATACAAACTAAAGAATTACAAAAACAAATTACAAAARTTCAAAATTTTCGGGTTTATTACAGGGACAGCAGRRATCCACTTTGGAAAGGACCAGCAAAGCTTCTCTGGAAAGGTGAAGGAGCAGTAGTAATACAGGATAATAGTGAAATAAAAGTAGTGCCAAGRAGRAAAGCAAAAATCATTAGGGATTATGGAAAACAGATGGCAGGYGATGATTGTGTGGCAAGTAGACAGGATGAGGAT---
139881|IN_543|-IS,TTTTTRGATGGAATAGATAAAGCCCAAGAAGAACATGARAAATATCACAATAATTGGAGAGCAATGGCYAGTGATTTTAACCTGCCACCTGTAGTAGCAAAAGAGATAGTAGCCAGCTGTGATAAATGTCAGCTAAAAGGAGAAGCCATGCATGGACAAGTAGACTGYAGTCCAGGAATATGGCAACTAGATTGYACACATTTAGAAGGAAAAGTTATCCTRGTAGCAGTTCATGTAGCCAGTGGATATATAGAAGCAGAAGTTATYTCAGCAGAGACAGGGCAGGAAACAGCATACTTTATCTTAAAATTAGCAGGAAGATGGCCAGTAAAAACAATACATACAGACAATGGCAGYAATTTCACCAGCACTACAGTTAAGACCGCCTGTTGGTGGGCAGGGATCAAGCAGAAATTTGGCATTCCCTACAATCCCCAAAGTCGAGGAGTAGTAGAATCTATGAATAATGAATTAAAGAAAATTATAGGACAGGTAMGAGATCAGGCTGAACATCTTAAAACAGCAGTACAAATGGCAGTATTCATCCACAATTTTAAAAGAAAAGGGGGGATTGGGGGGTACAGTGCAGGGGAAAGAATAATAGACATAATAGCAACAGACATACAAACTAAAGAACTACAAAAACAAATTACAAAAGTTCAAAATTTTCGGGTTTATTACAGGGACAGCAGAGATCCACTTTGGAAAGGACCAGCAAAGCTCCTCTGGAAAGGTGAAGGGGCAGTAGTAATACAAGATAATAGTGACATAAAAGTAGTGCCAAGAAGAAAAGCAAAGATCATTAGGGATTATGGAAAACAGATGGCAGGTGATGATTGTGTGGCAAGTAGACAGGATGAGGAT---
113924|Pt8w12|JN163901-IS,TTTCTAGATGGAATAGATAAAGCCCAAGAAGAACATGAGAAATATCATAACAATTGGAGAGCAATGGCTAGTGATTTTAACCTGCCACCTGTAGTAGCAAAAGAAATAGTAGCCAGCTGTGATAAATGTCAGCTAAAAGGAGAATCCATGCATGGACAAGTAGACTGTAGCCCAGGAATATGGCAACTAGATTGTACACATTTAGAAGGAAAAGTTATCCTGGTAGCAGTTCATGTAGCCAGTGGATATATAGAAGCAGAAGTTATTCCAGCAGAAACAGGGCAGGAAACAGCATACTTTCTCTTAAAATTAGCAGGTAGATGGCCAGTAAAAACAATACATACAGACAATGGCAGCAATTTCACCAGTGCTACGGTCAAGGCCGCCTGTTGGTGGGCGGGGATCAAGCAGGAATTTGGCATTCCCCGCAACCCCCAAAGTCAAGGAGTAGTAGAATCTATACATAAAGAATTAAAGAAAATTATAGGACAGGTTAGAGATCAAGCTGCACATCTTAAGACAGCAGTACAAATGGCAGTATTCATCCACAATTTTAAAAGAAAAGGGGGGATTGGGGGATACAGTGCAGGGGAAAGAATAATAGACATAATAGCAACAGACATACAAACTAAAGAACTACAAAAACAAATTACAAAAATTCAAAATTTTCGGGTTTATTACAGGGACAGCAGAGATCCACTTTGGAAAGGACCAGCAAAGCTTCTCTGGAAAGGTGAAGGGGCAGTAGTAATACAAGATAATAGTGACATAAAAGTAGTGCCAAGAAGAAAAGCAAAGATCATTAGGGATTATGGAAAACAGATGGCACGTGATGATTGTGTGGCAAGTAGACAGGATGAGGAT---
139462|BRSP308|-IS,TTTTTAGATGGGATAGATAAGGCACAGGAAGACCATGAAAAATATCATAACAATTGGAGAGCAATGGCTAGTGACTTTAATCTGCCACCCATAGTAGCAAAAGAAATAGTAGCTAGCTGTGATAAGTGTCAGCTAAAAGGGGAAGCCATGCATGGACAAGTAGATTGTAGTCCAGGAATATGGCAATTAGATTGTACACATTTAGAAGGAAAAGTTATCCTGGTAGCAGTCCATGTAGCTAGTGGGTACCTAGAAGCAGAAGTTATCCCAGCAGAAACAGGCCAAGAAACAGGCTACTTCATACTAAAGTTAGCAGGAAGATGGCCAGTAAAAACAATACATACAGACAATGGCACCAATTTCACCAGTGCAGCAGTTAAGGCAGCCTGTTGGTGGGCAGGTATCCAGCAGGAATTTGGAATTCCCTACAACCCCCAAAGCCAAGGAGTAGTAGAATCTATGAATAAAGAGCTAAAGAAAATCATAAAACAGGTAAGAGATCAAGCTGAACATCTTAAGACAGCAGTACAAATGGCAGTATTCATACACAATTTTAAAAGAAAAGGGGGGATTGGGGGATACAGTGCAGGGGAAAGAATAATAGACATAATAGCAACAGACATACAAACTAGAGAATTACAAAAACAAATTACAAAAATTCAAAATTTCCGGGTTTATTACAGGGACAGCAGAGACCCAGTTTGGAAAGGACCAGCAAAGCTACTCTGGAAAGGTGAAGGGGCAGTAGTCATACAAGACAATAGTGAAATAAAGGTAGTACCAAGAAGGAAAGCAAAGATCATTAGGGACTATGGAAAACAGATGGCAGGTGATGATTGTGTGGCAGGTAGACAGGATGAGGAT---
139965|IN_212|-IS,TTTTTAGATGGAATAGATAAAGCCCAGGAAGAACATGAGAAATATCACAATAATTGGAAAGCAATGGCTAGTGATTTTAACCTGCCACCTATAGTAGCAAAAGAGATAGTAGCCAGCTGTGATAAATGCCAGCTAAAAGGGGAAGCCATGCATGGACAAGTAGACTGTAGTCCAGGAATATGGCAACTAGATTGTACACATTTAGAAGGAAAAATTATCATGGTAGCAGTCCATGTAGCCAGTGGGTATATAGAAGCAGAAGTCATACCAGCAGAAACAGGGCAGGAAGCAGCATACTTTCTCTTAAAATTAGCAGGAAGATGGCCAGTAAAATCAGTACATACAGACAATGGCASCAATTTCACCAGCAGTGCAGTTAAGGCCGCCTGCTGGTGGGCAGGGATCAAACAAGAATTTGGGATTCCCCGCAATCCCCAAAGTCAAGGAGTGGTAGAATCTATGAATAAACAATTAAAACAAATTATAGGACAAGTAAGAGATCAGGCTGAACATCTTAAGACAGCAGTACAAATGGCAGTATTCATCCACAATTTTAAAAGAAAAGGGGGGATTGGGGGGTACAGTGCAGGGGAAAGAATAATAGACATAATAGCAACAGACATACAAACTAGAGAACTACAAAAACAAATTACAAAAATTCAAAATTTTCGGGTTTATTACAGGGACAGCAGAGATCCACTTTGGAAAGGACCAGCAAAGCTTCTCTGGAAAGGTGAAGGGGCAGTAGTAATACAAGATAATAGTGACATCAAGGTAGTGCCAAGGAGAAAAGCAAAGATCATTAGGGATTATGGAAAACAGATGGCAGGTGATGATTGTGTGGCAAGTGGACAGGATGAGGAT---
113917|Pt1W8B|JN163875-IS,TTTCTAGATGGAATAGATAAAGCCCAAGAAGAACATGAGAAATATCACAGTAATTGGAGAGCAATGGCTAGTGATTTTAACCTGCCACCTGTGGTAGCAAAAGAGATAGTAGCCAGCTGTGATAAATGTCAGCTAAAAGGAGAAGCCATGCATGGACAAGTAGACTGTAGTCCAGGAATATGGCAACTAGATTGTACACATCTAGAAGGAAAAATTATCCTGGTAGCAGTTCATGTAGCCAGTGGATATATAGAAGCAGAAGTTATTCCAGCAGAAACAGGGCAGGAAACAGCATACTTTATCTTAAAGTTAGCAGGAAGATGGCCAGTAAAAACAATACATACAGACAATGGCAGCAATTTCACCAGTACTACTGTTAAGGCCGCCTGTTGGTGGGCGGGGATCAAGCAGAAATTTGGCATTCCCTACAATCCCCAAAGTCGAGGAGTAGTAGAATCCATGAATAATGAATTAAAGAAAATTATAGGACAGGTAAGAGATCAGGCTGAACATCTTAAGACAGCAGTACAAATGGCAGTTTTCATCCACAATTTTAAAAGAAAAGGGGGGATTGGGGGGTATAGTGCAGGGGAAAGAATAGTAGACATAATAGCAACAGACCTACAAACTAAGGAACTACAAAAACAAATTACAAAAATTCAAAATTTTCGGGTTTATTACAGGGACAGCAGAGATCCACTTTGGAAAGGACCAGCAAAACTTCTTTGGAAAGGTGAAGGGGCAGTAGTAATACAAGATAATAGTGACATAAAAGTAGTACCAAGAAGAAAAGCAAAGATCATTAGGGATTATGGAAAACAGATGGCAGGTGATGATTGTGTGGCAAGTAGACAGGATGAGGAT---
112207|092204.055|HQ423432-IS,TTTTTGGATGGAATAGATAAGGCCCAAGAAGACCATGAGAAATACCACAGTAATTGGAGAGCAATGGCTAGTGATTTTAACCTGCCACCTATAGTAGCAAAAGAAATAGTAGCCAGCTGTGATAAATGTCAGCTAAAAGGGGAAGCCATGCATGGGCAAGTAGACTGTAGTCCAGGAATATGGCAATTAGATTGTACACATTTAGAAGGAAAAATYATCCTGGTAGCAGTTCATGTAGCCAGTGGATATATAGAAGCAGAAGTTATTCCAGCAGAGACAGGACAAGAAACAGCATACTTCATCTTAAAATTAGCAGGAAGATGGCCAGTGAAAACTATACATACAGACAATGGCAGCAATTTCACTAGTAATACAGTTAAGGCCGCCTGTTGGTGGGCGGGAATCAAGCAGGCATTTGGCATTCCCTACAATCCCCAAAGTCAAGGAGTAGTAGAATCCATGAATAAAGAATTAAAGAAAATTATAGGGCAGGTAAGAGATCAGGCTGAACATCTTAAGACAGCAGTACAAATGGCAGTATTCATYCACAATTTTAAAAGAAAAGGGGGGATTGGGGGATACACTGCAGGGGAAAGAATAGTAGACATGATAGCWACAGACATACAAACTAAAGAACTACAGAACCAAATTACAAAAATTCAAAATTTTCGGGTTTATTACAGGGACAGCAGAGATCCACTTTGGAAAGGACCAGCAAARCTTCTCTGGAAAGGTGAAGGGGCAGTAGTAATACAAGATAACAGTGACATAAAAGTAGTGCCAAGAMGAAGAGCAAAGATCATTAGGGATTATGGAAAACAGATGGCAGGTGATGATTGTGTGGCAAGTAGACAGGATGAGGAT---
139852|IN_192|-IS,TTCTTAGATGGAATAGAYAAGGCCCAGGAAGACCATGARAAATATCATAGTAATTGGAGAGCAATGGCTAGTGATTTTAACCTGCCACCTATAGTAGCAAAAGAAATAGTAAAGAGCTGTGATAAATGTCARCAAAAAGGAGAAGCCATGCATGGACAAGTAGACTGTAGTCCAGGAATATGGCAATTAGATTGTACACATYTAGAAGGAAAAGTTATCCTGGTAGCAGTTCATGTAGCCAGTGGATATGTAGAAGCAGAAGTTATCCCAGCAGAGACAGGGCAGGAAACAGCATACTTCCTCTTAAAATTAGCAGGAAGATGGCCAGTAAAAACAATACATACAGATAATGGCAGCAATTTCACCAGCAACACGGTYAAGGCYGCCTGYTGGTGGGCAGGGATCAAGCAGRAATTYGGTATTCCCTACAATCCTCAAAGCCRAGGAGTAGTAGAATCTATGAATAARGAATTAAAGAAAATTATAGAACAGGTAAGAGATCAGGCTGAACATCTTAAGACAGCAGTACAAATGGCAGTATTCATYCACAATTTTAAAAGAAAAGGGGGGATTGGGGAGTACAGTGCAGGAGAAAGAATAATAGACATAATAGCAACAGACATACAAACTAAAGAAYTACAAAAACAAATTACAAAAATTCAAAATTTTCGGGTTTATTACAGGGACAGCAGAGATCCACTTTGGAAAGGACCAGCAAAGCTTCTCTGGAAAGGTGAAGGGGCAGTAGTAATACAAGATAATAGTGATATAAAAGTAGTGCCAAGAAGAAAAGCAAAGATCATTAGGGATTATGGAAAACAGATGGCAGGTGCTGATTGTGTGGCAAGTAGACAGGATGAG------
139868|IN_3146|-IS,TTTTTAGATGGGATAGATAAGGCCCAAGAAGAACATGAGAGATATCACAGTAATTGGAGAGCAATGGCTAGTGATTTTAACCTGCCACCAATAGTAGCAAAAGAAATAGTAGCCAGCTGTGACAAATGTCAGCTAAAAGGAGAAGCCATGCATGGACAAGTAGACTGTAGTCCAGGAATATGGCAAYTAGATTGTACACACTTAGAAGGAAAAATTATCCTGGTAGCAGTGCATGTAGCCAGTGGATATATAGAAGCAGAAGTTATCCCAGCAGAGACGGGGRCTGAAGCAGCATACTTTATCTTAAAATTAGCAGGGAGATGGCCRGTAAAAACAATACATACAGACAATGGCACCAATTTCACCAGTGCTACAGTTAAGGCCGCCTGTTGGTGGGCAGGGATCAAGCAAGAATTTGGCATTCCCTGCAATCCCCAAAGTCAAGGAGTAGTAGAATCTATGAATAAAGAATTAAAGAAAATTATAGGACAGGTAAGAGATCAGGCTGAACATCTTAAGACAGCAGTACAAATGGCAGTATTCATTCACAATTTTAAAAGAAAAGGGGGGATTGGGGGGTACAGTGCAGGGGAAAGAATAATAGACATAATAGCAACAGACATACAAACTAAAGAACTACAAAAACAAATTACAAAAATTCAAAACTTTCGGGTTTATTACAGGGAYAGAAGAGATCCACTTTGGAARGGACCAGCAAAACTTCTCTGGAAAGGTGAAGGGGCAGTAGTAATACAGGATAACAGTGACATAAAAGTAGTGCCAAGAAGAAAAGCAAAGATCATTAGGGATTATGGAAAACAGATGGCAGGTGATGATTGTGTGGCAAGTAGACAGGATGAGGAT---
140247|IN_787|-IS,TTTTTGGATGGAATAGATAAGGCCCAAGATGAACATGAAAAATATCATAGTAATTGGAGAGCAATGGCCAGTGATTTTAACCTGCCACCTATAGTAGCAAAAGAAATAGTAGCCAGCTGTGATAAATGCCAGCTAAAAGGAGAAGCCATACATGGACAAGTAGACTGTAGTCCAGGAATATGGCAGCTAGATTGTACACATGTGGAAGGAAAAATTGTCATGGTAGCAGTTCATGTAGCCAGTGGATATATAGAAGCAGAAGTTATTCCAGCACAAACAGGGCAAGACGCAGCATACTTTATCTTAAAATTAGCAGGAAGATGGCCAGTAAAAACAATACATACAGACAATGGCACCAATTTCACCAGTAATGCAGTYAAAGCCGCCTGCTGGTGGGCAGGGGTCAAGCAGGAATTTGGAATTCCCTACAATCCCCAAAGTCAAGGAGTGGTGGAATCTATGAATAAACAGTTAAAGMMAATTATAGGACAGGTAAGAGAYCAGGCTGAACATCTTAAAACAGCAGTACAAATGGCAGTATTCATCCACAATTTTAAAAGAAAAGGGGGGATTGGAGGGTACAGTGCAGGGGAAAGAATAGTAGACATAATAGCAACAGACATGCAAACTAAAGAATTACAAAAACAAATTACAAAAATTCAAAATTTCCGGGTTTATTACAGAGACAACAGAGAGCCATTTTGGAAAGGACCAGCAAAACTTCTCTGGAAAGGTGAAGGGGCAGTAGTAATACAAGAAAATAGTGAAATAAAAGTAGTACCAAGAAGAAAAGCAAAGATCATTAGGGATTATGGAAAACAGATGGCAGGTGATGATTGTGTGGCAAGTAGACAGGATGAGGAT---
140300|IN_2519|-IS,TTTTTAGATGGAATAGATAAGGCCCAAGAAGAYCATGAAAGATATCACAGTAATTGGAGAACAATGGCTGGTGAATTTAACCTGCCACCTGTGGTAGCAAAAGAAATAGTAGCCTGCTGTGATAAATGTCAGGTAAAAGGAGAAGCTATGCATGGACAAGTAGACTGTAGTCCAGGAATATGGCAACTAGATTGTACACATTTAGAAGGAAAAATTATCATGGTAGCAGTTCATGTAGCCAGTGGATATATAGAAGCAGAAGTTATTCCAGCAGAGACAGGGCAGGAAGCAGCATACTTTATCTTAAAATTAGCAGGAAGATGGCCAGTAAAAACAATACATACAGACAATGGCGGCAATTTCATCAGTACTGCAGTTAAGGCCGCCTGTTGGTGGGCAGGGATCAAGCAGGAATTTGGCATTCCCCACAATCCCCAAAGTCAAGGAGTAGTAGAATCTATGAATAAAGAATTAAAGAAAATTATAAGACARGTAAGAGATCAGGCTGRACAYCTTAAGACAGCAGTACAAATGGCAGTATTCATYCACAATTTTAAAAGAAAAGGGGGGATTGGGGGGTACAGTGCAGGGGAAAGAATAGTAGACATAATAGCAWCAGACATACAAACTAAAGAACTACAAAAACACATTACAAAAATTCAAAATTTTCGGGTTTATTACAGGGACAGCAGAGATCCACTTTGGAAAGGACCAGCAAAGCTCCTCTGGAAAGGTGAAGGGGCAGTAGTAATACAAGATAATAGTGATATAAAAGTAGTGCCAAGAAGAAAAGCAAAGATCATTAGGGATTATGGAAAACAGATGGCAGGTGATGATTGTGTGGCAARYAGACAGGATGAGGAT---
102951|643_6|KC409189-IS,TTCTTGGATGGAATAGATCAGGCTCAAGAAGACCATGATAAATACCACAGCAATTGGAGAGCAATGGCTAGTGATTTTAACCTGCCACCTGTGGTAGCAAAAGAAATAGTAGCCAGCTGTGATAAATGTCAGCTAAAAGGAGAAGCYATGCATGGACAAGTAGACTGTAGTCCAGGAATATGGCAATTAGATTGTACACATCTAGAAGGAAAAGYTATCMTRGTAGCGGTCCATGTAGCCAGTGGCTATATAGAAGCAGAAGTTATTCCAGCAGAAACAGGGCAGGAAACAGCCTACTTTCTCTTGAAATTAGCAGGAAGRTGGCCAGTAAAAGYAGTACACACAGACAATGGCAGCAATTTCACCAGCGCTGCAGTTAAGGCMGCCTGCTGGTGGGCAGGCATCAAGCAGGAATTTGGTATTCCCTACAATCCTCAAAGTCAAGGAGTRGTAGAATCTATGAATAAAGAATTAAAGAAAATTATAGGACAGGTAAGAGATCAAGCTGMACATCTTAAGACAGCAGTACAAATGGCAGTATTCATTCACAATTTTAAAAGAAAAGGGGGGATTGGGGAGTACAGTGCAGGGGAAAGAATAATAGACATGATAGCAACAGACATACAAACTAAAGAATTACAAAAACAAATCACAAAAATTCAAAATTTTCGGGTTTATTACAGGGACAGCAGAGATCCAGTTTGGAAAGGACCAGCAAAGCTTCTCTGGAAAGGTGAAGGGGCAGTAGTAATACAAGACAATAGTGAAATAAAGGTAGTACCAAGAAGAAAAGCAAAGATCATTAGAGATTATGGAAAACAGATGGCAGGGGATGATTGTGTGGCAAGTAGACAGAATGAGGAT---
140083|IN_1795|-IS,TTCTTAGATGGAATAGATAAGGCCCAGGAAGAACATGAGAAATACCACAATAATTGGARAGCAATGGCYAGTGATTTTAACCTACCACCTATAGTAGCAAAAGAAATAGTAGCCAGCTGTGATAAATGTCAGCTAAAGGGAGAAGCTATGCATGGACAAGTAGACTGTAGTCCAGGAATATGGCAACTAGATTGTACACATTTAGAAGGAAAAATYATCCTGGTAGCAGTTCATGTATCCAGTGGATATATAGAAGCAGAAGTTATTCCAGCAGAAACAGGACAGGAAGCAGCATACTTTATCCTAAAATTAGCAGGAAGATGGCCAGTAAAAACAATACATACAGACAATGGCACCAATTTCACCAGTGCTGCAGTTAAAGCCGCCTGTTGGTGGGCAGGAATCAAGCAGGAATTTGGCATTCCCTGCAATCCCCAAAGTCAAGGAGTAGTTGAATCTATGAATAAAGAATTAAAGAAAATTATARGACARGTAAGAGATCAGGCTGAACATCTTAAGACAGCAGTACAAATGGCAGTATTCATCCACAATTTTAAAAGAAAAGGGGGGATTGGGGGGTATAGTGCAGGGGAAAGAATAGTAGACATAATAGCATCAGACATACAAACTAAAGAATTACAAAAACAAATTACAAAAATACAAAATTTTCGGGTCTATTACAGAGACAGAAGAGATCCACTTTGGAAAGGACCAGCAAAGCTTCTTTGGAAAGGTGAAGGGGCAGTAGTAATACAAGATAATAGCGAAATAAAAGTAGTGCCAAGAAGAAAGGCAAAGATCATTAGGGATTATGGAAAACAGATGGCAGGTGATGATTGTGTGGCAGGTAGACAGGATGAGGAT---
140093|IN_169|-IS,TTCTTGGATGGAATAGATAAGGCTCAAGAAGAACATGAGAAATACCACAATAATTGGAGAGCAATGGCTAGTGATTTTAACCTGCCACCTGTGGTAGCAAAAGAAATAGTAGCCAGCTGTGATAAATGTCAGTTAAAAGGAGAAGCCTTGCATGGACAAGTAGACTGTAGCCCAGGAATATGGCAATTAGACTGTACACATTTAGAAGGAAAAGTTATCCTGGTAGCAGTTCATGTAGCCAGTGGCTATATAGAAGCAGAAGTTATCCCAGCACAAACAGGACAGGAAACAGCCTACTTTCTCTTGAAATTAGCAGCAAGATGGCCAGTAAAAATAGTRCATACAGACAATGGCAGCAATTTYACCAGYKCTKCAGTTAAAGCCGCCTGCTGGTGGGCARGCATCAAGCAGGAATTTGGAATTCCCTACAATCCCCAAAGTCAAGGAGTAGTAGAATCCATGCATAAAGAATTAAAGAAAATTATAGGGCAGGTAAGAGATCAAGCTGAACAYCTTAAGACAGCACTACAAATGGCAGTATTCATCCACAATTTTAAAAGAAAAGGGGGGATTGGGGGGTACAGTGCAGGGGAAAGAATAATAGACATAATAGCAACAGACTTACAAACTAAAGAATTACAAAAACAAATTACAAAAATTCAAAATTTTCGGGTTTATTACAGGGACAGCAGAGATCCAATTTGGAAAGGACCAGCAAAGCTTCTCTGGAAAGGTGAAGGGGCAGTAGTAATACAAGACAATAGTGAAATAAAGGTAGTGCCAAGAAGAAAAGCAAAGATCATTAGGGATTATGGAAAACAGATGGCAGGTGATGATTGTGTGGCAAGTAGACAGGATGAGGAT---
140269|IN_1453|-IS,TTTTTAGATGGAATAGATAAGGCCCAGGAAGAACATGAGAAATATCACAGTAATTGGAGAGCAATGGCTAGTGATTTTAATCTGCCACCTATAGTAGCAAAAGAAATAGTAGCCAGTTGTGATAAATGTCAGCTAAAAGGAGAAGCCATACATGGACAAGTAGACTGCAGTCCAGGAATGTGGCAACTGGATTGCACACATTTAGAAGGAAAAATTATCATGGTAGCAGTTCATGTAGCCAGTGGATATATAGAAGCAGAAGTTATCCCAGCACAGACAGGGCAAGAAACAGCATTCTTTCTCTTAAAATTAGCAGCAAGGTGGCCAGTAAAAATGATACATACAGACAATGGCAGCAACTTCACCAGTGCCACGGTCAAGGCTGCCTGTTGGTGGGCAGGGATCAAGCAAGAATTTGGGATTCCCTACAATCCCCAAAGTCAAGGAGTAGTAGAATCTATGAATAAAGAATTAAAGAAAATTATAGGACAGGTAAGAGAGCAAGCTGAACATCTTAAGACAGCAGTACAAATGGCAGTATTCATCCACAATTTTAAAAGAAAAGGGGGGATTGGGGGGTACAGTGCAGGGGAAAGAATAGTGGACATAATAGCATCAGACATACARACTAAAGAATTACAAAAACAAATTACAAAAATTCAAAATTTCCGGGTTTATTACAGGGACAACAGAGATCCACTTTGGAAAGGACCAGCAAAGCTACTCTGGAAAGGTGAAGGGGCAGTAGTAATACAAGATAATAGTGAAATAAAAGTAGTACCAAGAAGAAAAGCAAAGATCATTAAGGACTATGGAAAACAGATGGCAGGTGATGATTGTGTGGCAAGTAGACAGGATGAGGAT---
139399|BRSP332|-IS,TTTTTAGATGGAATAGATAAAGCCCAAGAAGAACATGAAAAATATCACAATAATTGGAGAGCAATGGCTAGTGATTTTAACCTGCCACCTATAGTAGCAAAAGAAATAGTAGCCAGCTGTGATAAATGTCAGCTAAAAGGAGAAGCCATGCATGGACAGGTAGACTGTAGTCCAGGAATATGGCAGCTAGACTGTACACACTTAGAAGGAAAAGTTATCCTGGTAGCAGTTCATGTAGCCAGTGGATATATAGAAGCAGAAGTCATCCCAGCAGAGACAGGGCAAGAAGCAGCATATTTTCTCCTGAAATTAGCAGGAAGATGGCCAGTAAAAACAATACATACAGACAATGGTAGAAATTTCACCAGTGCTGTGGTTAAGGCCGCCTGCTGGTGGGCAGGGATTAAGCAGGAATTTGGCATTCCCTACAATCCCCAAAGTCAAGGAGTAATAGAATCTATGCATAATGAATTAAAGAAAATTATAAGGCAGATAAGAGATCGGGCTGAACATCTTAAGACAGCAGTACAAATGGCAGTATTCATTCACAATTTTAAGAGAAAAGGGGGGATTGGGGGGTACAGTGCAGGGGAAAGAATAATAGACATAATAGCAACAGACATACAAACTAAAGAACTACAAAAACAGATTACAAAAATTCAAAATTTTCAGGTTTATTACAGGGACAGCAGAGATCCACTTTGGAAAGGACCAGCAAAGCTTCTCTGGAAAGGTGAAGGGGCAGTAGTAATACAAGATAATAGTGAAATAAAAGTAGTGCCAAGAAGGAAAGCAAAGATCATTAAGGACTATGGAAAACAGATGGCAGGTGATGATTGTATGGCAGGTAGACAGGATGAGGAT---
154022|N675|LC022719-IS,TTTTTAGATGGAATAGATAAGGCCCAGGAAGAACATGAGAAATATCACAGTAACTGGAAAGCAATGGCTAGTGATTTTAACCTGCCCCCTGTAGTAGCAAAAGAWATAGTAGCCTGCTGTGATAAATGTCAGCTAAAAGGAGAAGCCATGCATGGACAAGTAGACTGCAGTCCAGGAATATGGCAACTAGATTGTACACATTTAGAAGGAAAAATTATCCTGGTAGCAGTTCATGTAGCCAGTGGATATATGGAAGCAGAAGTTATCCCAGCAGRGACAGGGCAAGAARCAGCATACTTTATCCTAAAATTAGCAGGAAGATGGCCAGTAAAAACAATACACACAGACAATGGTACTAATTTCACCAGTGCGACAGTTAAGGCCGCCTGTTGGTGGGCGGGGATCAAGCAGGAATTTGGCATTCCCTACAATCCCCAAAGTCAAGGAGTAGTAGAATCTATGMATAAAGAATTAAAGAAAATTATARGACAGGTAAGAGATCAGGCTGAACATCTTAAGACAGCAGTACAAATGGCAGTATTCATTCACAATTTTAAAAGAAAAGGGGGGATTGGGGGGTACAGTGCAGGAGAGAGAATAATAGATATAATAGCATCAGACATACAAACTAAAGCATTACAAAACCAAATTACAAAAATTCAAAATTTTCGGGTTTATTACAGGGACAGCAGAGATCCTCTTTGGAAAGGACCAGCAAAGCTTCTCTGGAAAGGTGAAGGGGCAGTAGTAATACAAGATAACAGTGACATAAAAGTAGTGCCAAGAAGAAAAGCAAAGATCATTAGGGATTATGGAAAACAGATGGCAGGTGATGATTGTGTGGCAAGTAGACAGGATGAGGAT---
1556|CA124202|-IS,TTCCTGGATGGAATAGATAGGGCCCAAGAGGAACATGAGAAATATCACAATAATTGGAGAGCAATGGCTAGTGATTTTAACCTACCACCTGTAGTAGCAAAAGAAATAGTGGCCAGCTGTGACAAATGTCAGCTAAAAGGAGAAGCCATGCATGGACAAGTAGACTGTAGTCCAGGAATATGGCAGTTAGATTGTACACATTTAGAAGGAAAAATTATCATGGTAGCAGTTCATGTAGCCAGTGGCTATATAGAAGCAGAAGTTATTCCAGCAGAGACAGGGCAAGAAGCAGCATACTTTATCTTAAAATTAGCAGGAAGATGGCCAGTACAAAAAATACATACAGACAATGGCCGCAATTTTACCAGTACTACAGTTAAAGCCGCCTGTTGGTGGGCAGGGATCAAGCAGGAATTTGGCATTCCCTGCAATCCCCAAAGTCAAGGAGTAGTAGAATCTATGAATAAAGAATTAAAGAAAATTATAGGGCAAGTAAGAGATCAGGCTGAACATCTCAAGACAGCAGTACAAATGGCAGTATTCATCCACAATTTTAAAAGAAAAGGGGGGATTGGGGGGTACAGTGCAGGGGAAAGAATAGTAGACATAATAGCATCAGACATACAAACTAGAGAACTACAAAAACAAATTACAAAGATTCAAAATTTTCGGGTTTATTACAGGGACAGAAGAGATCCACTTTGGAAAGGACCAGCAAAACTTCTCTGGAAAGGTGAAGGGGCAGTAGTAATACAAGATAATAGTGAAATAAAAGTAGTGCCAAGAAGAAAAGCAAAGATCATTAGGGATTATGGAAAACAGATGGCAGGTGATGATTGTGTGGCAAGTAGACAGGATGAGGAT---
139936|IN_1391|-IS,TTTTTAGATGGGATAGATAAGGCCCAAGAAGAACATGAGAGATATCACAGTAATTGGAGAGCAATGGCTAGTGATTTTAACCTGCCACCAATAGTAGCAAAAGAAATAGTAGCCAGCTGTGACAAATGTCAGCTAAAAGGAGAAGCCATGCATGGACAAGTAGACTGTAGTCCAGGAATATGGCAAYTAGATTGTACACACTTAGAAGGAAAAATTATCCTGGTAGCAGTGCATGTAGCCAGTGGATATATAGAAGCAGAAGTTATCCCAGCAGAGACGGGGGCTGAAGCAGCATACTTTATCTTAAAATTAGCAGGGAGATGGCCAGTAAAAACAATACATACAGACAATGGCACCAATTTCACCAGTGCTACAGTTAAGGCCGCCTGTTGGTGGGCAGGGATCAAGCAAGAATTTGGCATTCCCTGCAATCCCCAAAGTCAAGGAGTAGTAGAATCTCTAAATAAAGAATTAAAGAAAATTATAGGACAGGTAAGAGATCAGGCTGAACATCTTAAGACAGCAGTACAAATGGCAGTATTCATTCACAATTTTAAAAGAAAAGGGGGGATTGGGGGGTACAGTGCAGGGGAAAGAATAATAGACATAATAGCAACAGACATACAAACTAAAGAACTACAAAAACAAATTACAAAAATTCAAAACTTYCGGGTTTATTACAGGGAYAGAAGAGATCCACTTTGGAARGGACCAGCAAAACTTCTCTGGAAAGGTGAAGGGGCAGTAGTAATACAGGATAACAGTGACATAAAAGTAGTGCCAAGAAGAAAAGCAAAGATCATTAGGGATTATGGAAAACAGATGGCAGGTGATGATTGTGTGGCAAGTAGACAGGATGAGGAT---
139846|IN_129|-IS,TTTTTAGATGGAATAGATAARGCCCAAGAAGAACATGAGAAATATCACAATAATTGGAGAGCAATGGCTAGTGATTTTAACCTGCCACCTGTAGTAGCAAAAGAAATAGTAGCCAGCTGTGAYAAATGTCAGCTAAAAGGRGAAGCCATACATGGACAAGTAGACTGTAGYCCAGGAATATGGCAAYTAGATTGYACACATTTAGAAGGAAAAGTTATCCTGGTAGCAGTTCATGTAGCCAGTGGATATATAGARGCAGAAGTAATTCCAGCASAGACAGGGCAGGARACAGCATACTTTATCTTAAAATTAGCAGGAAGATGGCCAGTGAAAACAATACATACAGACAATGGTAGCAATTTCACCAGTGCTACAGTCAAGGCCGCCTGTTGGTGGGCGGGGATCAAGCAGGAATTYGGCATTCCCTACAATCCTCAAAGTCAAGGAGTAGTAGAATCTATGCATAAAGAATTAAAGAAAATTATAACACAGGTAAGAGATCAGGCTGAACATCTYAAGACAGCAGTACAAATGGCAGTATTCATYCACAATTTTAAAAGAAAAGGGGGGATTGGGGGATACAGTGCAGGRGAAAGAATAGTAGACATAATAGCATCAGACATACAAACTAAAGAATTACAAAAACAAATTTCAAAAATTCAAAATTTTCGGGTTTATTTCAGGGACAGCAGAGATCCACTTTGGAAAGGACCAGCAAAGCTTCTCTGGAAAGGTGAAGGGGCAGTAGTRATACAAGATAATAGTGAAATAAAAGTAGTGCCAAGAAGAAAAGTAAAGATCATTAGGGATTATGGAAAACAGATGGCAGGTGATGATTGTGTGGCAAGTAGACAGGATGAGGAT---
139971|IN_2222|-IS,TTCTTAGATGGAATAGATAAGGCCCAAGAAGAACATGAGAAATATCACAGTAATTGGAGAGCAATGGCCAGTGATTTTAACCTGCCACCTGTGGTAGCAAAAGAAATAGTAGCCAGCTGTGATAAATGTCAGCTAAAAGGAGAAGCCATACATGGACAAGTAGACTGTAGTCCAGGAATATGGCAACTAGATTGTACACATTTAGAAGGAAAAATTATCCTGGTAGCAGTTCATATAGCCAGTGGATATATAGAAGCAGAAGTTATTCCAGCAGAAACAGGGCAAGAAACAGCATTCTTTATCTTAAAATTAGCAGGAAGATGGCCAGTAAAAACAATACACACAGACAATGGCAGCAATTTCACCAGTACTACAGTTAAGGCCGCCTGTTGGTGGGCGGGGATCAAGCAAAAATTTGGCATTCCCTACAATCCCCAAGGTCGAGGAGTGGTAGAATCTATRAATAATGAATTAAAGAAAATTATAAGACAAGTAAGAGATCAGGCTGAACATCTTAAGACAGCAGTACAAATGGCAGTATTCATCCACAATTTTAAAAGAAAAGGGGGGATTGGGGGGTACAGTGCAGGGGAAAGAATAGTAGACATAATAGCAACAGACATACAAACTARAGAATTACAAAAACAAATTACAAAAATTCAAAATTTTCGGGTTTATTACAGGGACAGCAGAGATCCACTTTGGAAAGGACCAGCAAAGCTCCTCTGGAAAGGTGAAGGGGCAGTAGTAATACAAGATAATAGCGACATAAAAGTAGTGCCAAGAAGAAAAGCAAAGATCATTAGGGATTATGGAAAACAGATGGCAGGTGATGATTGTGTGGCAAGTAGACAGGATGAGGAT---
140107|IN_2021|-IS,TTTTTAGATGGAATAGATAAGGCCCAAGAAGAACATGAAAAATATCACAGTAATTGGAGAGCAATGGCTAGTGATTTTAACCTGCCCCCTATAGTAGCAAAAGAAATAGTAGCCAGCTGTGATAAATGTCAGTTAAAAGGAGAAGCCATGCATGGACAAGTAGACTGTAGTCCAGGAATGTGGCAACTAGATTGTACACATTTAGAAGGGAAAATTATCATTGTAGCAGTTCATGTAGCCAGTGGCTATATAGAAGCAGAAGTTATCCCAGCAGAGACAGGACAGGAAGCAGCATATTTTCTCTTAAAGTTAGCAGGAAGATGGCCAGTAAAAATAATACATACAGACAATGGTAGCAATTTCACCAGTGCTGCAATGAAGGCTGCCTGTTGGTGGGCGGGAATCAAACAGGAATTTGGCATTCCCCGCAATCCCCAAAGTCAAGGAGTAGTAGAATCTATGAATAAACAATTAAAACAAATTATAGGACAGGTAAGAGATCAGGCTGAACATCTTAAGACAGCAGTACAAATGGCAGTACTCATTCACAATTTTAAAAGAAAAGGGGGGATTGGGGGATACAGTGCAGGGGAAAGAATAGTAGACATAATAGCATCAGACATACAAACTAAAGAACTACAAAAACAAATTACAAAAATTCAAAATTTTCGGGTTTATTACAGGGACAGCAGAGATCCACTTTGGAAAGGACCAGCAAAGCTTCTCTGGAAAGGTGAAGGGGCAGTAGTAATACAAGATCAGAGTGACATAAAAGTAGTGCCAAGAAGAAAAGCAAAGATCATTAGGGATTATGGAAAACAGATGGCAGGTGATGATTGTGTGGCAAGTAGACAGGATGAGGAT---
140247|IN_787|-IS,TTTTTGGATGGAATAGATAAGGCCCAAGATGAACATGAAAAATATCATAGTAATTGGAGAGCAATGGCCAGTGATTTTAACCTGCCACCTATAGTAGCAAAAGAAATAGTAGCCAGCTGTGATAAATGCCAGCTAAAAGGAGAAGCCATACATGGACAAGTAGACTGTAGTCCAGGAATATGGCAGCTAGATTGTACACATGTGGAAGGAAAAATTGTCATGGTAGCAGTTCATGTAGCCAGTGGATATATAGAAGCAGAAGTTATTCCAGCACAAACAGGGCAAGACGCAGCATACTTTATCTTAAAATTAGCAGGAAGATGGCCAGTAAAAACAATACATACAGACAATGGCACCAATTTCACCAGTAATGCAGTYAAAGCCGCCTGCTGGTGGGCAGGGGTCAAGCAGGAATTTGGAATTCCCTACAATCCCCAAAGTCAAGGAGTGGTGGAATCTATGAATAAACAGTTAAAGMMAATTATAGGACAGGTAAGAGAYCAGGCTGAACATCTTAAAACAGCAGTACAAATGGCAGTATTCATCCACAATTTTAAAAGAAAAGGGGGGATTGGAGGGTACAGTGCAGGGGAAAGAATAGTAGACATAATAGCAACAGACATGCAAACTAAAGAATTACAAAAACAAATTACAAAAATTCAAAATTTCCGGGTTTATTACAGAGACAACAGAGAGCCATTTTGGAAAGGACCAGCAAAACTTCTCTGGAAAGGTGAAGGGGCAGTAGTAATACAAGAAAATAGTGAAATAAAAGTAGTACCAAGAAGAAAAGCAAAGATCATTAGGGATTATGGAAAACAGATGGCAGGTGATGATTGTGTGGCAAGTAGACAGGATGAGGAT---
113927|Pt11w12b|JN163910-IS,TTTCTAGATGGGATAGATAAGGCACAAGAGGAGCATGAAAAATATCACAATAATTGGAGAGCAATGGTTAGTGATTTTAATCTGCCACCTATAGTAGCAAAAGAAATAGTAGCTAGCTGTGACAAGTGCCAGCTAAAAGGGGAAGCTATACATGGACAAGTAGATTGTAGCCCAGGGATATGGCAATTAGATTGTACACATTTAGAAGGGAAGATTATCCTGGTAGCAGTCCATGTAGCTAGTGGGTACATAGAAGCAGAAGTTATCCCAGCAGAAACAGGACAGGAAGCAGCCTATTTCATACTAAAGTTAGCAGGAAGATGGCCAGTAAAAACAATACATACAGACAATGGCAGCAATTTCACCAGTGCCGCGGTTAAGGCAGCCTGTTGGTGGGCAGGTATCCTCCAGGAATTTGGAATTCCCCGCAATCCCCAAAGTCAAGGTGTAGTAGAATCTATGAATAAAGAGTTGAAAAAGATCATAGGACAGGTAAGAGATCAAGCTGAACATCTTAAGACAGCAGTACAAATGGCAGTATTCATTCACAATTTTAAAAGAAAAGGGGGGATTGGGGGGTACAGTGCAGGGGAAAGAATAATAGACATAATAGCAACAGACATACAGACTAAAGAATTACAAAAACAAATTACAAAAATTCAAAATTTCCGGGTTTATTACAGGGACAGCAGAGACCCAGTTTGGAAAGGACCAGCAAAGCTACTCTGGAAAGGTGAAGGGGCAGTAGTTATACAAGACAATAGTGAAATAAAGGTAGTGCCAAGAAGAAAAGCAAAGATCATTAGGGATTATGGAAAACAGATGGCAGGTGATGATTGTGTGGCAAGTAGACAGGATGAGGAT---
139427|BRSP545|-IS,TTTTTAGATGGAATAGATAAGGCCCAAGAAGAACATGAGAGACACCACAGTAATTGGAGAGCAATGGCTAGTGATTTTAACCTGCCACCTGTAATAGCAAAAGAAATTGTAGCCTGCTGTGATAAATGTCAGCTAAAAGGAGAAGCCATACATGGACAAGTAGACTGTAGTCCAGGAATATGGCAGCTAGATTGTACACACTTAGAAGGAAAAATTRTCCTGGTAGCAGTGCATGTAGCCAGTGGATATATAGAAGCAGAAGTTATTCCAGCACAGACAGGGCAAGAAACAGCATACTTTATTTTAAAATTAGCAGGAAGATGGCCAGTGAAAACAATACATACAGACAATGGCCCCAATTTCACCAGTGCTACTGTTAAGGCCGCCTGCTGGTGGGCAGGGGTCAACCAGGAATTTGGCATTCCCTACAATCCCCAAAGTCAAGGAGTGGTAGAATCTATGCATAAACAATTAAAGCAAATTGTAGGACAAGTAAGAGATCAGGCTGAACATCTTAAGACAGCAGTACAAATGGCAGTATTCATTCACAATTTTAAAAGAAAAGGGGGGATTGGGGGGTACAGTGCAGGGGAAAGAATAATAGATATAATAGCAACAGACATACAAACTAAAGAACTGCAAAAACAAATTACAAAAATTCAAAATTTTCGGGTTTATTACAGGGACAGCAGAGATCCAGTTTGGAAAGGACCAGCAAGGCTTCTTTGGAAAGGTGAAGGGGCAGTAGTCATACAAGATAATAGTGACATAAAAGTAGTACCAAGAAGAAAAGCAAAGATCATTAGGGATTATGGAAAACAGATGGCAGGTGATGATTGTGTGGCAAGTAGACAGGATGAGGAT---
102992|575_14|KC409178-IS,TTTTTAGATGGAATAGATAAGGCTCAAGAAGAACATGAAAGGTATCACAGTAATTGGAGAGCAATGGCTAGTGACTTTAATTTACCACCTATAGTAGCAAAGGAAATAGTAGCCAGCTGTGATAAATGTCAGCTAAAAGGAGAAGCCATGCATGGACAAGTAGACTGCAGTCCAGGAATATGGCAATTAGATTGCACACATCTAGAAGGAAAAGTGATTCTAGTAGCAGTTCATGTAGCCAGTGGCTATATAGAAGCAGAAGTTATCCCAGCAGAAACAGGACAAGAGACAGCATACTTTCTACTAAAATTGGCAGGAAGATGGCCAGTRAGAATAGTACACACAGACAATGGMAGCAATTTCACCAGCGCTGCAGTTAAAGCAGCCTGCTGGTGGGCAGGTATCCAACAGGAATTTGGAATTCCCTACAATCCCCAAAGTCAAGGAGTAGTGGAATCTATGAATAAAGAATTAAAAAAGATCATAGGACAGGTTAGAGAGCAAGCTGAACATCTTAAAACAGCAGTACAAATGGCAGTATTCATTCACAATTTTAAAAGAAAAGGGGGGATTGGGGGGTACAGTGCAGGGGAAAGGATAATAGACATAATAGCAACAGACATACAAACTAAAGAATTACAAAAACAAATTACAAAAATTCAAAATTTTCGGGTTTATTACAGGGACAGCARARATCCACTTTGGAAAGGACCAGCAAAACTACTTTGGAAAGGTGAAGGGGCAGTAGTAATACAARACAATAGTGATATAAAAGTAGTACCAAGAARAAAAGCAAAGATCATTAGGGATTATGGAAAACAGATGGCAGGTGATGATTGTGTGGCAGGTAGACAGGATGAGGAT---
139838|IN_1019|-IS,TTTTTAGATGGAATAGAAAAGGCCCAAGAAGAACATGAGAAATATCACAATAATTGGAGAGCAATGGCTAGTGATTTTAAYCTGCCACCTGTAGTAGCAAAAGAAATAGTAGCCAGCTGTGATAAATGTCAGYTRAAAGGAGAAGCCATACATGGACAAGTAGACTGTAGTCCAGGAATATGGCARCTAGATTGTAYACATTTAGAGGGAAAAGTTATCATGGTAGCAGTYCATGTAGCCAGTGGATATATAGAAGCAGAAGTTATTCCAGCAGAGACAGGGCAGGAAGCAGCATACTTCMTCTTAAAATTAGCAGGAAGATGGCCAGTAAAAACAATACAYACAGACAATGGCAGAAACTTCACCAGYACTACGGTTAAGGCCGCCTGTTGGTGGGCAGGGATTAAGCAGGAATTTGGCATTCCCTACAATCCCCAAAGTCAAGGAGTAATAGAATCTATGCATAATGAATTGAAGAAAATTATAGGACAGGTGAGAGATCAGGCTGAACATCTTAAGACAGCAGTACAAATGGCAGTATTCATCCACAATTTTAAAAGAAAAGGGGGGATTGGGGGATACAGTGCAGGGGAAAGAATARTAGACATAATAGCAACAGACATGCAAACTAAAGCATTACAAAAACAAATTACAAAAATTCAAAATTTTCGGGTTTATTACAGGGACAGCAGAGATCCACTTTGGAAAGGACCAGCAAAGCTTCTCTGGAAAGGTGAAGGGGCRGTAGTAATACAGGATAATAGTGACATAAAAGTAGTGCCAAGAAGAAAAGCAAARATYATTAGGGATTATGGAAAACAGATGGCAGGTGATGATTGTGTGGCAAGTAGACAGGATGAGGAT---
139873|IN_65|-IS,TTTTTAGATGGAATAGATAGGGCCCAAGAAGAACATGAAAGATATCACAGTAATTGGAGAGCAATGGCTAGTGATTTCAACCTRCCACCTGTGGTAGCAAAAGAAATAGTAGCCAGCTGTGATAAATGTCAGCTAAAAGGAGAAGCCATGCATGGACAAGTAGACTGTAGTCCAGGAATATGGCAATTAGATTGTACACATTTAGAAGGAAACATTATCCTGGTAGCAGTTCATRTAGCCAGTGGATATATAGAAGCAGAAGTTATTCCARCAGAGACAGGGCAGGAAACAGCATACTTTCTCTTAAAACTAGCAGGAAGATGGCCAGTAAAAACAATACATACAGACAATGGCAGAAATTTCACCAGCAATGCAGTTAAGGCCGCCTGTTGGTGGGCAGGGATCAAGCAGAAATTTGGCATTCCCTACAATCCCCAAGGTCGAGGAGTAGTAGAATCTATGAATAATGAATTAAAGAAAATTATAGGACAGGTAAGAGATCAGGCTGAACATCTTAAGACAGCAGTACAAATGGCAGTATTCATTCACAATTTTAAAAGAAAAGGGGGGATTGGGGAGTACAGTGCAGGGGAAAGAATAATAGACATAATAGCAACAGACATACAAACTAAAGAACTACAAAAACAAATTACAAAAATTCAAAAATTTCGGGTTTATTACAGGGACAACAGAGATCCAGTTTGGAAAGGACCAGCAAAGCTCCTCTGGAAAGGTGAAGGGGCAGTAGTTATACAAGATAACAGTGACATAAAAGTAGTGCCAAGAAGAAAAGCAAAGATCATTAGGGATTATGGAAAACAGATGGCAGGTGATGATTGTGTGGCAAGTAGACAGGATGAGGAT---
139482|BRSP710|-IS,TTTTTAGATGGAATAGATAAGGCCCAAGAAGAGCATGAAAAATATCACAGTAATTGGAGAGCAATGGCTAGTGATTTTAATCTACCACCCATTGTAGCAAAAGAAATAGTAGCCAGCTGTGATAAATGCCAGCTAAAAGGAGAAGCCATGCATGGACAAGTAGACTGTAGTCCAGGAATATGGCAGCTAGAYTGTACACACTTAGAAGGAAAAATTATCCTGGTAGCAGTTCATGTGGCCAGTGGATACATAGAAGCAGAAGTTATTCCAGCAGAAACAGGACAAGAAACAGCATATTTTATCTTAAAATTAGCAGGAAGATGGCCAGTAAAAATAATACATACAGACAATGGCACCAATTTCACCAGCGCTACAGTTAAGGCCGCCTGCTGGTGGGCAGGGATCAAACAGGAATTTGGTATTCCCTGCAATCCCCAAAGTCAAGGAGTAGTAGAATCTATGCATAAACAATTAAAGCAAATTATAGGACAGGTAAGAGACCAAGCTGAACATCTTAAGACAGCAGTACAGATGGCAGTATTCATCCACAATTTTAAAAGAAAAGGGGGGATTGGGGGGTACAGTGCAGGGGAAAGAATAATAGACATAATAGCAACAGACATACAAACTAAAGAATTACAAAAACAAATTACAAAAATTCAAAATTTTCGGGTTTATTACAGGGACCGCAGAGATCCACTTTGGAAAGGACCAGCAAAGCTTCTCTGGAAAGGTGAAGGGGCAGTAGTAATACAGGACAATAGTGATATAAAAGTAGTGCCAAGAAGAAAAGCAAAGATCATTAGGGATTATGGAAAACAGATGGCAGGTGATGATAGTGTGGCAAGTAGACAGGATGAGGAT---
153941|N241|LC022658-IS,TTTTTAGATGGAATAGATAAGGCCCAAGAAGAACATGAAAAATATCATAGTAATTGGAGAGCAATGGCTAGTGACTTCAACCTGCCACCTGTGGTAGCAAAAGAAATAGTAGCCTGCTGTGATAAATGTCAGCTAAAAGGAGAAGCCATGCATGGACAAGTAGACTGCAGTCCAGGAATATGGCAACTAGATTGTACACATTTAGAGGGGAAAATTATCGTGGTAGCAGTTCATGTTGCCAGTGGATATATAGAGGCAGAAGTTATCCCAGCAGAGACAGGGCAGGAAGCAGCATACTTTATCTTAAAATTAGCAGGGAGATGGCCAGTAAAAACAATACATACAGACAATGGCAGAAATTTCACCAGTGCTGCGGTAAAGGCCGCCTGTTGGTGGGCGGGGGTCAAGCAGGAATTTGGCATTCCCTGCAATCCCCAAAGTCAAGGAGTAGTAGAATCTATGAACAAAGAATTAAAGAAAATTATAGGACAAGTAAGAGATCAGGCTGAGCATCTTAAAACAGCAGTACAGATGGCAGTACTCATCCACAATTTTAAGAGAAAAGGGGGGATTGGGGGGTACAGTGCAGGGGAAAGAATAATAGATATAATAGCAACAGACATACAAACTAAAGAACTACAAAAACAAATTACAAAAATTCAAAATTTTCGGGTTTATTACAGAGACAGCAGAAACCCACTTTGGAAAGGACCAGCAAAGCTTCTCTGGAAAGGTGAAGGGGCAGTAGTAATACAAGATAACAGTGATATAAAAGTAGTGCCAAGAAGAAAAGCAAAGATCATTAGAGATTATGGAAAACAGATGGCAGGTGATGATTGTGTGGCAAGTAGACAGGATGAGGAT---
102992|575_14|KC409178-IS,TTTTTAGATGGAATAGATAAGGCTCAAGAAGAACATGAAAGGTATCACAGTAATTGGAGAGCAATGGCTAGTGACTTTAATTTACCACCTATAGTAGCAAAGGAAATAGTAGCCAGCTGTGATAAATGTCAGCTAAAAGGAGAAGCCATGCATGGACAAGTAGACTGCAGTCCAGGAATATGGCAATTAGATTGCACACATCTAGAAGGAAAAGTGATTCTAGTAGCAGTTCATGTAGCCAGTGGCTATATAGAAGCAGAAGTTATCCCAGCAGAAACAGGACAAGAGACAGCATACTTTCTACTAAAATTGGCAGGAAGATGGCCAGTRAGAATAGTACACACAGACAATGGMAGCAATTTCACCAGCGCTGCAGTTAAAGCAGCCTGCTGGTGGGCAGGTATCCAACAGGAATTTGGAATTCCCTACAATCCCCAAAGTCAAGGAGTAGTGGAATCTATGAATAAAGAATTAAAAAAGATCATAGGACAGGTTAGAGAGCAAGCTGAACATCTTAAAACAGCAGTACAAATGGCAGTATTCATTCACAATTTTAAAAGAAAAGGGGGGATTGGGGGGTACAGTGCAGGGGAAAGGATAATAGACATAATAGCAACAGACATACAAACTAAAGAATTACAAAAACAAATTACAAAAATTCAAAATTTTCGGGTTTATTACAGGGACAGCARARATCCACTTTGGAAAGGACCAGCAAAACTACTTTGGAAAGGTGAAGGGGCAGTAGTAATACAARACAATAGTGATATAAAAGTAGTACCAAGAARAAAAGCAAAGATCATTAGGGATTATGGAAAACAGATGGCAGGTGATGATTGTGTGGCAGGTAGACAGGATGAGGAT---
139400|BRSP446|-IS,------------------------------------------------------------------------------------------------------------------------------------------------------------------------------------------------------------GAAGGAAAAATTATCCTGGTAGCAGTTCATGTGGCCAGTGGATACATAGAAGCAGAAGTTATTCCAGCAGAAACAGGGCAGGAAACAGCATACTTTATCTTAAAGTTAGCAGGAAGATGGCCAGTAACAACAATACATACAGACAATGGCCCCAATTTTATCAGTGCTACAGTTAAGGCCGCCTGTTGGTGGGCAGGGATCAAGCAGGAATTTGGCATTCCCTACAATCCTCAAAGTCGAGGAGTAGTAGAATCTATGAATAAAGAATTAAAGAAAATTATAGGACAGGTAAGAGATCAGGCTGAACATCTTAAGACAGCAGTACAAATGGCAGTATTCATTCACAATTTTAAAAGAAAAGGGGGGATTGGGGGATACAGTGCAGGGGAAAGAATAATAGACATAATAGCATCAGACATACAAACTAAAGAACTACAAAAACAAATTACAAAAATTCAAAATTTTCGGGTTTATTACAGGGACAGCAGAGATCCACTTTGGAAAGGACCAGCAAAGCTTCTCTGGAAAGGTGAAGGGGCAGTAGTAATACAAGATAATAGTGACATAAAAGTAGTGCCAAGAAGAAAAGCAAAAATTATTAGGGATTATGGAAAACAGATGGCAGGTGATGATTGTGTGGCAAGTAGACAGGATGAGGAT---
140278|IN_1513|-IS,TTTTTGGATGGAATAGACAAAGCCCAAGAAGAGCATGARAAATATCACAGTAATTGGAGAGCAATGGCTAGTGATTTTAAYCTGCCMCCTATAGTAGCAAAAGAAATAGTAGCCAGYTGTGATAAATGTCARATAAAAGGAGAACCCATGCATGGACAGGTAGACTGYAGTCCAGGAATATGGCAACTAGATTGTACACATTTAGAAGGAAAAATYATCMTGGTAGCAGTTCATGTAGCCAGTGGATATATAGAAGCAGAAGTTATCCCAGCAGAGACAGGGCAGGAAGCAGCATACTTCATCTTAAAATTAGCAGGAAGATGGCCAGTAAAAACAATACATACAGACAATGGCRGCAATTTCAYCAGTACTACAGTTAAGGCTGCCTGTTGGTGGGCGGGGATCAAGCAGGAWTTTGGCATCCCCCGCAATCCCCAGAGTCAAGGAGTAGTAGAGTCTATGAATAAAGAATTAAAGAAAATTATAAAACAGGTAAGAGATCAGGCTGAACATCTTAAGACAGCAGTACAAATGGCAGTATTCATTCACAATTTTAAAAGAAAAGGGGGGATTGGGGGRTACAGTGCAGGGGAAAGAATAATAGACATAATAGCAACAGACATACAAACTAAAGAAYTACAAAACCAAATTACAAAAATTCAAAATTTTCGGGTTTATTACAGGGACAGCAGAGACCCACTTTGGAAAGGACCAGCAAAGCTTCTCTGGAAAGGTGAAGGGGCAGTAGTAATACAAGATAATAGTGACATAAAAGTAGTGCCCAGAAGAAAAGCAAAGATAATYAGGGATTATGGAAAACAGATGGCAGGTGATGATTGTGTGGCAAGTAGACAGGATGAGGAT---
139961|IN_1904|-IS,TTTTTAGATGGGATAGATAAAGCTCAAGAAGAACATGAAAGATATCACAGCAATTGGAGAGCAATGGCTAGTGATTTTAATCTGCCACCTATAGTAGCAAAGGAAATAGTAAATAGCTGTGATAAATGTCAACAAAAAGGGGAAGCCATGCATGGACAAGTAGACTGYAGTCCAGGAATGTGGCAATTAGACTGCACACATCTAGAAGGAAAAGTAATTCTGGTAGCAGTCCATGTAGCCAGTGGCTACATAGAAGCAGAAGTTATCCCAGCAGAAACAGGACAGGAAGCAGCATACTTTCTGTTAAAATTAGCAGGAAGATGGCCAGTAAAAGTAGTACACACAGACAATGGCAGCAATTTCACCAGCGCTGCATTTAAAGCAGCTTGTTGGTGGGCAAATGTCAACCAAGAATTTGGAATTCCCCGCAATCCCCAAAGTCAAGGAGTAGTGGAATCTATGAATAAAGAATTAAAGAAAATTATAAGACAGGTAAGAGAGCAAGCTGAACACCTTAAGACAGCAGTACAAATGGCAGTATTCATTCACAATTTTAAAAGAAAAGGGGGGATTGGGGGGTACAGTGCAGGGGAAAGAATAATAGACATAATAGCAACAGACATACAAACTAAAGAACTACAAAAACAAATTACAAAAATTCAAAATTTTCGGGTTTATTACAGGGACAGCAGAGATCCAGTTTGGAAAGGACCAGCAAAACTACTCTGGAAAGGTGAAGGGGCAGTAGTAATACAGGACAATAGTGATATAAAGGTAGTGCCCAGAAGAAAAGCAAAAATCATTAGGGATTATGGAAAACAGATGGCAGGTGATGATTGTGTGGCAAGTAGACAGGATGAGGAT---
140190|IN_341|-IS,TTTTTGGATGGAATAGATAAGGCCCAAGATGAACATGAAAAATATCATAGTAATTGGAGAGCAATGGCCAGTGATTTTAACCTGCCACCTATAGTAGCAAAAGAAATAGTAGCCAGCTGTGATAAATGCCAGCTAAAAGGAGAAGCCATACATGGACAAGTAGACTGTAGTCCAGGAATATGGCAGCTAGATTGTACACATGTGGAAGGAAAAATTGTCATGGTAGCAGTTCATGTAGCCAGTGGATATATAGAAGCAGAAGTTATTCCAGCACAAACAGGGCAAGACGCAGCATACTTTATCTTAAAATTAGCAGGAAGATGGCCAGTAAAAACAATACATACAGACAATGGCACCAATTTCACCAGTAATGCAGTTAAAGCCGCCTGCTGGTGGGCAGGGGTCAAGCAGGAATTTGGAATTCCCTACAATCCCCAAAGTCAAGGAGTGGTGGAATCTATGAATAAACAGTTAAAGACAATTATAGGACAGGTAAGAGAYCAGGCTGAACATCTTAAAACAGCAGTACAAATGGCAGTATTCATCCACAATTTTAAAAGAAAAGGGGGGATTGGAGGGTACAGTGCAGGGGAAAGAATAGTAGACATAATAGCAACAGACATGCAAACTAAAGAATTACAAAAACAAATTACAAAAATTCAAAATTTCCGGGTTTATTACAGAGACAACAGAGAGCCATTTTGGAAAGGACCAGCAAAACTTCTCTGGAAAGGTGAAGGGGCAGTAGTAATACAAGAAAATAGTGAAATAAAAGTAGTACCAAGAAGAAAAGCAAAGATCATTAGGGATTATGGAAAACAGATGGCAGGTGATGATTGTGTGGCAAGTAGACAGGATGMGGAT---
