140200|IN_446|-RI,TTTTTAGATGGAATAGATAAAGCCCAGGAGGAACATGAAAAATATCACAGTAATTGGAGAGCAATGGCTAGTGATTTTAACCTGCCACCWGTAGTAGCAAAAGAAATAGTAGCCAGCTGTGATAAATGTCAGCTAAAAGGAGAAGCCATGCATGGACAAGTAGACTGTAGTCCAGGAATATGGCAAATAGATTGTACACATTTAGAAGGRAAAATTATCCTGGTAGCAGTACATGTAGCCAGTGGATATATAGAAGCAGAAGTYATTCCAGCAGAGACTGGGCAGGAAACAGCATACTTCATCTTAAAATTAGCAGGAAGATGGCCAGTAACAACAATACATACAGACAATGGCAGCAATTTCACCAGCRCTACAGTTAAAGCCGCCTGTTGGTGGGCGGGGGTCAAGCAGGMATTTAGCATTCCCTACAATCCCCAAAGTCACGGAGTAGTAGAATCCATGAATAAAGAATTAAAGAAAATTATAGGRCAGGTAAGAGATCAGGCTGAACATCTTAAGACAGCAGTACAAATGGCAGTACTCATTCACAATTTTAAAAGAAAAGGGGGGATTGGGGGGTAYAGTGCAGGGGAAAGAATAGTAGACATRATAGCATCAGACCTACAAWCTARARMATTACAAAAACAAATTTCAAAAATTCAAAATTTTCGGGTTTATTACAGGGACAGCAGAGATCCACTTTGGAAAGGACCAGCAAAGCTCCTCTGGAAAGGTGAAGGGGCAGTAGTAATACAAGATAATAGTGACATAAAAGTAGTGCCAAGAAGAAAAGCAAAGATCATTAGGGATTATGGAAAACAGATGGCAGGTGATGATTGTGTGGCAAGTAGACAGGATGAGGAT---
140141|IN_760|-RI,TTTTTAGATGGAATAGATAAGGCCCAAGAAGAACATGAGAAGTATCACAGTAATTGGAGGGCAATGGCCAGTGATTTTAACCTGCCACCTGTAGTAGCAAAAGAAATAGTAGCCAGCTGTGATAAATGCCAGTTAAAAGGAGAAGCCATACATGGACAAGTAGACTGTAGTCCAGGAATATGGCAACTAGATTGTACACACCTAGAAGGAAAAGTTATCCTGGTAGCAGTCCATGTAGCCAGTGGATATATAGAAGCAGAAGTTATTCCAGCAGAAACAGGACAGGAAACAGCATACTTTCTCTTAAAATTAGCAGGRAGATGGCCAGTAAAAACAATACATACAGACAATGGCCCCAATTTCATCAGTGCGGTGGTTAAGGCCGCCTGTTGGTGGGCAGGGATCAAGCAGGAATTTAGCATTCCCTACAATCCCCAAAGTCACGGAGTAGTAGAATCTATGAATAAAGAACTAAAGAAAATTATAGMACAAGTAAGAGATCAAGCYGAACAYCTTAAGACAGCAGTACAAATGGCAGTATTCATTCACAATTTTAAAAGAAAAGGGGGGATTGGGGGGTACAGTGCAGGGGAAAGAATAGTAGACATAATAGCAACAGACATACAAACKAAAGAGCTACAAAAACAAATTACCAAAATTCAAAATTTTCGGGTCTATTACAGGGACAGCAGAGATCCACTTTGGAAAGGACCAGCAAAGCTCCTCTGGAAAGGTGAAGGGGCAGTAGTAATACAAGATAATAGTGAAATCAARGTAGTGCCAAGGAGAAAAGCAAAGATYATTAGGGAYTATGGAAAACAGATGGCAGGTGATGATTGTGTGGCAGGTAGACAGGATGAGGAT---
140172|IN_202|-RI,TTTTTAGATGGAATAGACAAGGCYCAAGAAGAACATGAGAGGTATCACAGTAATTGGARAGCAATGGCTAGTGATTTTAACCTGCCACCTATAGTAGCAAAAGAAATAGTAGCCAGCTGTGATAAATGTCAGCTAAAAGGAGAAGCTATGCATGGACAAGTAGACTGTAGTCCAGGAATATGGCAACTAGATTGTACACATCTAGAAGGAAAAATTATCCTGGTAGCAGTACATGTAGCCAGTGGATATATAGAAGCAGAAGTWATTCCAGCAGAAACAGGGCAAGAAACAGCATACTTTCTCTTAAAACTAGCCGGGAGATGGCCAGTAAAAACAGTACATACAGACAATGGCAGCAATTTCACCAGTGCTGCGGTTAARGCCGCCTGTTGGTGGGCAGGGATCAAGCAGRAATTTRGTATTCCCTACAATCCCCAAAGTCAMGGGGTGGTAGAATCAATGAACAAAGAATTAAAAAAGATTATAGGACAGGTAAGAGATCAGGCTGAACATCTTAAGACAGCAGTWCAAATGGCAGTATTCATTCACAATTTTAAAAGAAAAGGGGGGATTGGGGAGTACAGTGCAGGGGAAAGAATAATAGACATAATATCATCAGACATACAAACTAAAGAATTACAAAAACAAATTTCAAAAATTCAAAATTTTCGGGTTTATTACAGGGACAGCAAAGATCCACTTTGGAAAGGACCAGCAAAGCTYCTCTGGAAAGGTGAAGGGGCAGTAGTRATACAAGATAAGAGTGACATAAAAGTAGTGCCAAGAAGAAAAGCAAAGATCATTAGGGATTATGGAAAACAGATGGCAGGTGATGATTGTGTGGCAAGTAGACAGGATGAGGAT---
57908|pt6W36|EU908753-RI,TTTTTAGATGGAATAGATAAAGCCCAAGAAGAACATGAGAAATATCACAGTAATTGGAGAGCAATGGCTAGTGATTTTAACCTGCCACCTGTGGTAGCAAAAGAGATAGTAGCCAGCTGTGATAAATGTCAGCTAAAAGGAGAAGCCATGCATGGACAAGTAGACTGTAGTCCAGGAATATGGCAACTAGATTGTACACATCTAGAAGGAAAAATTATCCTGGTAGCAGTTCATGTAGCCAGTGGATATATAGAAGCAGAAGTTATTCCAGCAGAAACAGGGCAGGAAGCAGCATACTTTATCTTAAAGTTAGCAGGAAGATGGCCAGTAAAAACAATACATACAGACAATGGCCGCAATTTCACCAGTACTACTGTTAAGGCCGCCTGTTGGTGGGCAGGGATCAAGCAGGAATTTAGTATTCCCTACAATCCCCAAAGTCACGGAGTAGTAGAATCCATGAATAATGAATTAAAGAAAATTATAGGACAGGTAAGAGATCAGGCTGAACATCTTAAGACAGCAGTACAAATGGCAGTTTTCATCCACAATTTTAAAAGAAAAGGGGGGATTGGGGGGTACAGTGCAGGGGAAAGAATAGTAGACATAATAGCAACAGACCTACAAACTAAGGAACTACAAAAACAAATTACAAAAATTCAAAATTTTCGGGTTTATTACAGGGACAGCAGAGATCCACTTTGGAAAGGACCAGCAAAACTTCTTTGGAAAGGTGAAGGGGCAGTAGTAATACAAGATAATAGTGACATAAAAGTAGTACCAAGAAGAAAAGCAAAG---------------------------------------------------------------------
140340|IN_352|-RI,TTTTTAGATGGAATAGATAAAGCACAAGAAGACCAYGARAGATATCACAGTAATTGGAGAGCAATGGCTAGTGATTTTAACCTGCCACCTGTGATAGCAAAAGAAATAGTAGCCTGCTGTGATAAATGTCAACTAAAAGGAGAAGCCATGCATGGACAAGTAGACTGTAGTCCAGGAATATGGCAACTAGATTGTACACATCTAGAAGGRAAAATTATCCTGGTAGCAGTTCATGTAGCCAGTGGATATATAGAAGCAGAAATTATTCCAGCAGAGACAGGACAGGAAACAGCATACTTTATCTTRAGATTAGCAGGAAGATGGCCAGTAAAAACAATACATACAGACAATGGTGGCAATTTCATCAGTACTGCAGTTAAGGCCGCCTGTTGGTGGGCAGGGATCAAGCAGAAATTTAGCATTCCCTACAATCCCCAAAGTCACGGAGTAGTAGAATCTATGAATAAAGAATTAAAGAAAATTATAGGACAGGTGAGAGATCARGCTGAACATCTTAAGACAGCAGTACAAATGGCAGTATTCATCCACAATTTTAAAAGAAAAGGGGGGATTGGGGGGTACAGTGCAGGGGAAAGAATGATAGACATAATAGCATCAGACATACAAACTAAAGAACTACAAAAACAAATTACAAAAATTCAAAATTTTCGGGTTTATTACAGGGACAGCAGAGATCCACTTTGGAAAGGACCAGCAAAGCTCCTCTGGAAAGGTGAAGGGGCAGTAGTAATACAAGATAATAGTGACATAAAAGTAGTGCCAAGAAGAAAAGCAAAGATCATTAGGGATTATGGAAAACAGATGGCAGGKGATGATTGTGTGGCAAGTAGACAGGATGAAGAT---
70363|5_M1|GU358392-RI,TTTTTAGATGGAATAGATAAGGCCCAAGAAGACCATGATAAATATCATAGTAATTGGAGAGCAATGGCTAGTGATTTTAACCTGCCACCGATAGTAGCAAAAGAAATAGTAGCCAGCTGTGATAAATGTCAGCTAAAAGGAGAAGCAATACATGGACAAGTAGATTGTGGTCCAGGAATATGGCAGCTAGATTGTACACATCTAGAAGGAAAAATTATCCTGGTAGCAGTTCATGTAGCCAGTGGATACATAGAAGCAGAAGTCGTTCCAGCAGAAACAGGGCAAGAAACAGCATACTTTCTCCTAAAATTAGCAGGAAGATGGCCAGTAAAAACAATACATACAGACAATGGCCCCAATTTCATCAGTGCTACAGTTAAGGCCGCCTGTTGGTGGGCAGGGATTAAGCAGGAATTTAGTATTCCCTACAATCCCCAAAGTCACGGAGTAGTAGAATCTATGAATAAAGAATTAAAGAAAATTATAGGACAAGTAAGAGATCAGGCGGAACATCTTAAGACAGCAGTACAAATGGCAGTATTCATTCACAATTTTAAAAGAAAAGGGGGGATTGGGGGATACAGTGCAGGGGAAAGAATAGTAGACATAATAGCATCAGACATACAAACTAAAGAACTACAAAAACAAATTACAAAAATTCAAAATTTTCGGGTTTATTACAGGGACAGCAGAGATCCACTTTGGAAAGGACCAGCAAAGCTTCTCTGGAAAGGTGAAGGGGCAGTAGTGATACAAGATAATAATGAAATAAAAGTAGTACCAAGAAGAAAAGCAAAGATCATTAGGGATTATGGAAAACAGATGGCAGGTGATGATTGTGTGGCAGGTAGACAGGATGAGGAT---
73514|Virus32|GU121708-RI,TTTTTAGATGGAATAGATAAGGCCCAAGAAGAACATGARAAATATCATAATAATTGGAGAGCAATGGCTAGTGATTTTAACCTGCCACCAGTAGTAGCAAAAGAAATAGTAGCCAGCTGTGAYAAATGCCAACTAAAAGGAGAAGCCATGCATGGACAAGTAGACTGTAGTCCAGGAATATGGCAACTAGATTGTACACATTTAGAAGGAAAAGTTATCCTGGTAGCAGTTCATGTAGCCAGTGGATATATAGAAGCAGAAGTTATCCCAGCAGAAACAGGGCAGGAAACAGCATACTTYMTTTTAAAACTAGCAGGAAGATGGCCAGTAAAAACAATACATACAGACAATGGCAGCAAYTTCACCAGCACCACGGTTAAGGCCGCCTGTTGGTGGGCAGGGATCAAGCAGRAATTTRGCATTCCCTACAATCCCCAAAGTCAVGGAGTAGTAGAATCYATGRATAAKGAATTAAAGAAAATTATAGGACAAGTAAGAGATCAGGCTGAACATCTTAARACAGCAGTACAAATGGCAGTATTCATCCACAATTTTAAAAGAAAAGGGGGGATTGGAGGGTACAGTGCAGGGGAAAGAATAATAGATATAATAGCAACAGACTTACAAACTAAAGAAYTACAAAAACAAATTACAAAAATTCAAAATTTTCGGGTTTATTACAGGGACAGCAGAGATCCTCTTTGGAAAGGACCAGCAAAGCTTCTCTGGAAAGGTGAAGGGGCAGTAGTAATACARGATAATAGTGAMATAAAAGTAGTGCCAAGAAGAAAAGCAAAGATCATTAGGGATTATGGAAAACAGATGGCAGGTGATGATTGTGTGGCAAGTAGACAGRATGAGGAT---
139880|IN_633|-RI,TTTTTAGATGGAATAGATAAGGCCCAAGAAGAACATGAGAAGTATCACAGTAATTGGAGGGCAATGGCCAGTGATTTTAACCTGCCACCTGTAGTAGCAAAAGAAATAGTAGCCAGCTGTGATAAATGCCAGTTAAAAGGAGAAGCCATACATGGACAAGTAGACTGTAGTCCAGGAATATGGCAACTAGATTGTACACACCTAGAAGGAAAAGTTATCCTGGTAGCAGTCCATGTAGCCAGTGGATATATAGAAGCAGAAGTTATTCCAGCAGAAACAGGACAGGAAACAGCATACTTTCTCTTAAAATTAGCAGGGAGATGGCCAGTAAAAACAATACATACAGACAATGGCCCCAATTTCATCAGTGCGGTGGTTAAGGCCGCCTGTTGGTGGGCAGGGATCAAGCAGGAATTTAGCATTCCCTACAATCCCCAAAGTCACGGAGTAGTAGAATCTATGAATAAAGAACTAAAGAAAATTATAGMACAAGTAAGAGATCAAGCYGAACAYCTTAAGACAGCAGTACAAATGGCAGTATTCATTCACAATTTTAAAAGAAAAGGGGGGATTGGGGGGTACAGTGCAGGGGAAAGAATAGTAGACATAATAGCAACAGACATACAAACKAAAGAGCTACAAAAACAAATTACCAAAATTCAAAATTTTCGGGTCTATTACAGGGACAGCAGAGATCCACTTTGGAAAGGACCAGCAAAGCTCCTCTGGAAAGGTGAAGGGGCAGTAGTAATACAAGATAATAGTGAAATCAARGTAGTGCCAAGGAGAAAAGCAAAGATYATTAGGGAYTATGGAAAACAGATGGCAGGTGATGATTGTGTGGCAGGTAGACAGGATGAGGAT---
139984|IN_946|-RI,TTTTTAGATGGAATAGATAAGGCCCAAGAAGAACATGAGAAATATCACAGTAATTGGAGAGCAATGGCTAGTGATTTTAACCTGCCACCTGTAGTAGCAAAAGAAATAGTAGCCAGCTGTGATAAATGCCAGCTAAAAGGAGAAGCCATGCATGGACAAGTAGACTGTAGTCCAGGAATATGGCAACTAGATTGTACACATTTAGAAGGAAAAATCATCCTGGTAGCAGTTCATGTAGCCAGTGGATATATAGAAGCAGAAGTGATTCCAGCAGAGACAGGGCAGGAAACAGCATACTTTCTCTTAAAATTAGCAGGAAGATGGCCAGTAAAAATAATACATACAGACAATGGCAGCAATTTCATCAGTAATACAGTCAAGGCCGCCTGTTGGTGGGCGGGAATCAAGCAAAAATTTGCCATTCCCTACAATCCCCAAAGTAAAGGAGTGGTAGAATCCATGAATAAAGAATTAAAGAAAATTATAGGACAGGTAAGAGACCAAGCTGAACATCTTAAAACAGCAGTACAAATGGCAGTATTCATCCACAATTTTAAAAGAAAAGGGGGGATTGGGGGGTACAGTGCAGGGGAAAGAATAGTAGACATAATAGCAACAGACATACAAACTAAAGAATTACAGAAACAAATTACAAAAATTCAAAATTTTCGGGTCTATTACAGGGACAGCAGAGATCCACTTTGGAAAGGACCAGCAAAGCTTCTCTGGAAAGGTGAAGGGGCAGTAGTAATACAAGATAATAGTGAGATAAAAGTAGTGCCAAGAAGAAAAGCAAAGATCATTAGGGATTATGGAAAACAGATGGCAGGTGRTGATTGTGTGGCAAGTGGACAGGATGAGAAT---
70363|5_M6|GU358394-RI,TTTTTAGATGGAATAGATAAGGCCCAAGAAGACCATGATAAATATCATAGTAATTGGAGAGCAATGGCTAGTGATTTTAACCTGCCACCGATAGTAGCAAAAGAAATAGTAGCCAGCTGTGATAAATGTCAGCTAAAAGGAGAAGCAATACATGGACAAGTAGATTGTGGTCCAGGAATATGGCAGMTAGATTGTACACATCTAGAAGGAAAAATTATCCTGGTAGCAGTTCATGTAGCCAGTGGATACATAGAAGCAGAAGTCATTCCAGCAGAAACAGGGCAAGAAACAGCATACTTTCTCCTAAAATTAGCAGGAAGATGGCCAGTAAAAACAATACATACAGACAATGGCCCCAATTTCATCAGTGCTACAGTTAAGGCCGCCTGTTGGTGGGCAGGGATTAAGCAGGAATTTAGTATTCCCTACAATCCCCAAAGTCACGGAGTAGTAGAATCTATGAATAAAGAATTAAAGAAAATTATAGGACAAGTAAGAGATCAGGCGGAACATCTTAAGACAGCAGTACAAATGGCAGTATTCATTCACAATTTTAAAAGAAAAGGGGGGATTGGGGGATACAGTGCAGGGGAAAGAATAGTAGACATAATAGCATCAGACATACAAASTAAAGAACTACAAAAACAAATTACAAAAATTCAAAATTTTCGGGTTTATTACAGGGACAGCAGAGATCCACTTTGGAAAGGACCAGCAAAGCTTCTCTGGAAAGGTGAAGGGGCAGTAGTGATACAAGATAATAATGAAATAAAAGTAGTACCAAGAAGAAAAGCAAAGATCATTAGRGATTATGGAAAACAGATGGCAGGTGATGATTGTGTGGCAGGTAGACAGGATGAGGAT---
75656|CLD_01_B|-RI,TTTTTAGATGGCATAGATAAGGCCCAAGAAGATCATGAGAAATATCACAGTAATTGGAGAGCAATGGCTGGTGATTTTAACATACCACCTGTAGTAGCAAAAGAAATAGTAGCCAGCTGTGATAAATGTCAGYTAAAAGGAGAAGCCATGCATGGACAAGTAGACTGTAGTCCAGGAATATGGCAACTAGATTGTACACATCTAGAAGGAAARATTATCCTGGTAGCAGTTCATGTAGCCAGTGGATACATAGAAGCAGAAGTTATTCCAGCAGAGACAGGGCAGGAAACAGCATACTTTATCTTAAAATTAGCAGGAAGATGGCCAGTAAAAACACTACATACAGACAATGGCAGCAATTTCATTAGTGCTACGGTTAAGGCCGCCTGTTGGTGGGCAGGGATCAAACAGGAATTTAGCATTCCCTACAATCCCCAAAGTCACGGAGTAGTAGAATCTATGAATAAAGAATTAAAGAAAATTATAGGACARGTAAGAGATCAGGCTGAACATCTTAAGACAGCAGTACAAATGGCAGTATTCATTCACAATTTTAAAAGAAAAGGGGGGATTGGGGGGTAYAGTGCAGGGGAAAGAATARTAGACATAATAGCAACAGATATACAAACTAAAGAACTACAGAAACAAATTACAAAAATTCAAAATTTTCGGGTTTATTACAGGGACAGCAGAGATCCCCTTTGGAAAGGACCAGCAAAGCTTCTCTGGAAAGGTGAAGGGGCAGTAGTAATACAAGACAATAGTGACATAAAAGTAGTGCCAAGAAGAAAAGCAAAGATCATTAGGGATTATGGAAAACAGATGGCAGGTGATGATTGTGTGGCAAGTAGACAGGATGAGGAT---
139874|IN_1429|-RI,TTTTTAGATGGAATAGATAAGGCCCAAGAAGAACATGAGAAATATCACAGTAATTGGAGAGCAATGGCTAGTGATTTCAACCTGCCACCTGTAGTAGCAAAGGAGATAGTAGCCAGCTGTGATAAATGTCAGCTAAAAGGAGAAGCCATGCATGGACAAGTAGACTGTAGTCCAGGAATATGGCAACTAGACTGTACCCATTTAGAAGGAAAAATTATCCTGGTAGCAGTTCATGTAGCCAGTGGATATATAGAAGCAGAAGTTATTCCAGCAGAAACAGGGCAGGAAACAGCATACTTCATCTTAAAATTAGCAGGAAGATGGCCAGTAAAAACAATACATACAGACAATGGCAGCAATTTCACCAGTGCAGTAGTCAAGGCCGCCTGTTGGTGGGCAGGAATCAAGCAGGAATTTAGCATTCCCTACAATCCTCAAAGTCACGGAGTAGTAGAATCTATGAATAAAGAATTAAAGAAAATTATAGGACAGGTAAGGGATCAGGCTGAGCATCTTAAGACAGCAGTACAAATGGCAGTATTCATTCACAATTTTAAAAGAAAAGGGGGGATTGGGGGGTACAGTGCAGGGGAAAGAATAGTAGACATAATAGCATCAGACCTACAAACTAAAGAACTACAAAACCAAATTACAAAAMTTCAAAATTTTCGGGTTTATTWCAGGGACAGCAGAGATCCACTTTGGAAAGGACCAGCAAAGCTTCTCTGGAAAGGTGAAGGGGCAGTAGTAATACAAGATAAGGGTGACATAAAAGTAGTGCCAAGAAGAAAAGCAAAGATTCTTAAGCATTATGGAAAACAGATGGCAGGTGATGATTGTGTGGCAGGTAGACAGGATGAGGAT---
113920|Pt4W24|JN163889-RI,TTTCTAGATGGAATAGATAAAGCCCAAGAAGAGCATGAGAAATATCACAGTAATTGGAGAGCAATGGCCAGTGATTTTAACCTGCCACCTATAGTAGCAAAAGAAATAGTAGCCAGCTGTGATAAATGTCAGCTAAAAGGAGAAGCCATGCATGGACAAATAGACTGTAGTCCAGGAATATGGCAATTAGATTGTACCCATTTAGAAGGAAAAATTATCCTGGTAGCAGTTCATGTAGCCAGTGGATATATAGAAGCAGAAGTTATTCCAGCAGAAACAGGGCAGGAAACAGCATACTTCCTTTTAAAGCTAGCAGGAAGATGGCCAGTAAAAACAGTACATACAGACAATGGCAGCAACTTTACCAGCGCTGCAGTTAAGGCCGCCTGTTGGTGGGCAGGAATCAAGCAGGAATTTAGCATTCCCTACAATCCCCAAAGTCACGGAGTAGTAGAATCTATGAATAAAGAATTAAAGAAAATTATAGGACAAGTAAGAGATCAGGCAGAACATCTTAAGACAGCAGTACAAATGGCAGTATTCATTCACAATTTTAAAAGAAAAGGGGGGATTGGGGGATACAGTGCAGGGGAAAGAATAATAGACATAATAGCAACAGACATACAAACTAAAGAGTTACAAAACCAAATTACAAAAATTCAAAATTTTCGGGTTTATTACAGGGACAGCAGAGATCCACTTTGGAAAGGACCAGCAAAGCTCCTCTGGAAAGGTGAAGGGGCAGTAGTAATACAAGATAATAGTGACATAAAAGTAGTGCCAAGAAGAAAAGCAAAGATCATTAGGGATTATGGAAAACAGATGGCATGTGATGATTGTGTGGCAAGTAGACAGGATGAGGAT---
140072|IN_569|-RI,TTTTTAGATGGAATAGATAAGGCCCAAGAAGAACATGAGAGATATCACAGTAATTGGARAGCAATGGCTAGTGACTTTAACTTGCCCCCTGTAGTAGCAAAAGAAATAGTAGCCTGCTGTGATAAATGTCAGCTAAAGGGAGAAGCCATGCATGGGCAAGTAGATTGTAGTCCAGGAATATGGCAACTAGATTGTACACATTTAGARGGRAAAATTATCCTGGTAGCAGTTCATGTAGCCAGTGGMTATATAGAGGCAGAAGTTATCCCAGCAGAAACAGGACAGGAAACAGCATACTTTATCTTAAAATTAGCAGGAAGATGGCCAGTAAAAACAATACATACAGACAATGGCAGCAATTTCACCAGTGCTACAGTTAAGGCCGCCTGTTGGTGGGCGGGGATCAAGCAGGAATTTAGTATTCCCTACAATCCCCAAAGTCACGGAGTAGTAGAATCTATGAATAAAGAATTAAAGAAAATTATTGGACAAGTAAGAGACCAGGCAGAACATCTCAAGACAGCAGTACAAATGGCAGTATTCATCCACAATTTTAAAAGAAAAGGGGGGATTGGGGGGTACAGTGCAGGGGAAAGAATAATAGACATAATAGCAACAGATATACAAACTAAAGAGCTACAAAAACAAATTACAAAAATTCAAAATTTTCGGGTTTATTACAGGGACAGCAGAGATCCACTTTGGAAAGGACCAGCAAAGCTTCTCTGGAAAGGTGAAGGGGCAGTAGTAATACAAGAAAATAGTGATATAAAAGTAGTGCCAAGAAGAAAAGCAAAAATCATTAGGGATTATGGAAAACAGATGGCAGGTGATGATTGTGTGGCAAGTAGACAGGATGAGGAT---
139847|IN_321|-RI,TTCTTAGATGGAATAGATAAGGCCCAAGAAGATCATGARAAATATCACAGTAATTGGAGAGCAATGGCTAGTGACTTTAACCTGCCACCTATAGTAGCAAAAGAAATAGTAGCCAGCTGTGATAAATGTCAGCTAAAAGGAGAAGCCATGCATGGRCAAGTAGACTGTAGTCCAGGAATATGGCAACTAGATTGTACACAYTTAGAAGGAAAARTTATCCTGGTAGCAGTGCATGTAGCTAGTGGATATATAGAAGCAGAAGTTATTCCAGCAGAGACAGGACAAGAAGCAGCATAYTTTCTCTTAAAATTAGCAGGMAGATGGCCAGTAAAAAYAATACATACAGACAATGGCCCTAACTTCATCAGTACTGCGSTTAAGGCCGCCTGCTGGTGGGCAGGGATCAAACAGGAATTTAGCATTCCCTACAATCCCCAAAGTCACGGAGTAGTAGAGTCTATGAATAAAGAATTAAAGAAAATTATAGKACAGGTAAGAGATCAGGCKGAACATCTTAAGACAGCAGTACAAATGGCAGTATTCATCCACAATTTTAAAAGAAAAGGGGGGATTGGGGGGTACAGTGCAGGGGAAAGAATAATAGACATAATAGCAACAGACATACAAACTAAAGAATTACAAAAACAAATTACAAAGATTCAAAATTTTCGGGTTTATTACAGGGACAGCAGAGATCCGCTTTGGAAAGGACCAGCAAAGCTTCTCTGGAAAGGTGAAGGGGCAGTRGTAATACAAGATCAGGGTGACATAAAAGTAGTGCCRAGAAGAAAAGCAAAGATCATTAGGGAYTATGGAAAACAGATGGCAGGTGATGATTGTGTGGCAAGTAGACAGGATGAGGAT---
139869|IN_79|-RI,TTCTTAGATGGAATAGATAAAGCCCAAGAGGATCATGAGAAATATCACAGTAATTGGAGAGCAATGGCTAGTGATTTTAACCTGCCACCTGTAGTAGCAAAAGAAATAGTAGCCAGCTGTGATAAATGTCAGCTAAAAGGAGAAGCCATGCATGGACAAGTAGACTGTAGTCCAGGAATATGGCAATTAGATTGTACACATTTAGAAGGAAAAATTATTCTGGTAGCAGTTCATRTAGCCAGTGGATATATAGAAGCAGAAGTTATTCCAGCAGAATCAGGGCAGGAAACAGCATATTTTATCTTAAAATTAGCAGGAAGATGGCCAGTAAAAACAATACACACAGACAATGGCAGCAATTTCACCAGCACGACGGTTAAGGCCGCCTGTTGGTGGGCAGGAATCAAGCAGAAATTTRGCATTCCCTACAACCCCCAARGTARAGGAGTAGTAGAATCTATGAATAAAGAATTAAAGAAAATTATAGGACAGGTAAGAGATCAGGCTGAACACCTTAAGACAGCAGTACAAATGGCAGTATTCATCCACAATTTTAAAAGAAAAAGGGGGATTGGGGGGTACAGTGCAGGGGAAAGAATAATAGACATAATAGCAACAGACATACAAACTCAAGAATTACAAAAACACATTTCAAAAATTCAAAAATTTCGGGTTTATTACAGGGACAACAGAGACCCCATTTGGAAAGGACCAGCAAAGCTTCTCTGGAAAGGTGAAGGGGCAGTGGTAATACAAGATAATAGTGACATAAAAGTAGTGCCAAGAAGAAAAGTAAAGATCATTAGGGATTATGGACAACAGATGGCAGGTGATGATTGTGTGGCAAGTAGACAGGATGAGGAT---
139914|IN_646|-RI,TTTTTGGATGGAATAGATAAGGCCCAAGAGGAACATGAAAAATATCACAGTAATTGGAAGGCAATGGCTAGTGATTTCAACCTACCACCTATAGTAGCAAAAGAAATAGTAGCCAGCTGTGATAAATGTCAGCTAAAAGGAGAAGCCATGCATGGACAAGTAGATTGTAGCCCAGGAATATGGCAACTAGATTGTACACACTTAGAAGGAAAAATTATCCTGGTAGCAGTTCATGTAGCCAGTGGCTATATAGAAGCAGAAGTTATTCCAGCAGAGACAGGGCAGGAAACAGCATTCTTTATCTTAAAATTAGCAGGAAGATGGCCAGTAAAAACAATACATACAGACAATGGCAGCAATTTTATCAGYGCTGYTGTTAAGGCCGCCTGCTGGTGGGCGGGAATCAAGCAGGARTTTAGTATTCCCTACAATCCCCAAAGTCACGGAGTAGTAGAATCTATGAATAAAGAATTAAAGAAAATTATACAACAAGTAAGAGATCAGGCTGAACATCTTAAGACAGCAGTACAAATGGCGGTATTCATCCACAATTTTAAAAGAAAAGGGGGGATTGGGGGGTACAGTGCAGGAGAAAGAATAATAGACATAATAGCAACAGACATRCAAACTAAAGAATTACAAAAACAAATTACAAAGATTCAAAATTTTCGGGTTTATTACAGGGACAGCAGAGACCCCATTTGGAAAGGACCAGCAAAACTCCTCTGGAAAGGTGAAGGGGCAGTAGTAATACAAGACAATAGYGATATAAAAGTAGTGCCAAGAAGAAAAGCAAAAATCATTAGAGATTATGGAAAACAGATGGCAGGTGATGATTGTGTGGCAAGTAGACAGGATGAGGAT---
139992|IN_1438|-RI,TTTTTAGATGGAATAGACAAGGCCCAAGAAGAACATGAGAAGTATCACAATAAYTGGAGAGCTATGGCTAGTGATTTTAACTTGCCACCTGTGGTRGCAAAAGAAATAGTAGCCAGCTGTGATAAATGCCAGCTAAAAGGAGAAGCCATACATGGACAAGTAGACTGTAGTCCAGGAATATGGCAACTAGATTGTACCCATTTAGAAGGAAAAGTTATTCTGGTAGCAGTTCATGTAGCCAGTGGGTACATAGAAGCAGAAGTTATTCCAGCRGARACAGGACAGGAAACAGCATACTTCCTCTTAAAATTAGCAGGGAGATGGCCAGTAAAAACAGTACATACAGACAATGGTAGCAATTTCACCAGTGCAGCGGTTAAGGCCGCCTGTTGGTGGGCAGGGATCAAGCAGGAATTTAGCATCCCCTACAATCCCCAAAGTCATGGAGTAGTAGAATCTATGAATAAAGAATTAAAGAAAATTATAGGACAAGTAAGAGATCAGGCTGAACATCTTAAGACAGCAGTACAAATGGCAGTATTCATCCACAATTTTAAAAGAAAAGGGGGGATTGGGGGGTACAGTGCAGGGGAAAGAATAATAGACATAATAGCAACAGACATACAAACTAAAGAATTACAAAAACAAATTACAAAACTTCAAAATTTTCGGGTTTATTTCAGGGACAGCAGAGATCCACTTTGGAAAGGACCAGCAAAGCTCCTCTGGAAAGGTGAAGGGGCAGTAGTAATACAGGATAATAGTGACATAAAAGTAGTGCCAAGAAGAAAAGCAAAGATCATTAGGGATTATGGAAAACAGATGGCAGGTGATGATTGTGTGGCAAGTGGACAGGATGAGGAT---
140044|IN_914|-RI,TTCTTAGATGGAATAGATAAGGCCCAAGAAGAACATGAGAAATACCACAATAATTGGAGAGCAATGGCTAGTGATTTTAACCTGCCACCTGTGGTAGCAAAAGAAATAGTRGCCAGYTGTGATAAATGTCAGAYAAAAGGAGAAGCCATGCATGGACAAGTAGACTGTAGCCCAGGAATATGGCAACTAGATTGTACMCATTTAGAAGGAAAAATYATCCTGGTAGCAGTTCATGTAGCCAGTGGATATATAGAAGCAGAAGTTATTCCAGCAGAAACAGGGCAGGARACAGCATATTTTATCTTAAAATTAGCAGGAAGATGGCCAGTAAAAACAATACATACAGACAATGGCAGCAAYTTCACCAGTGCTGCGGYTAAGGCCGCTTGTTGGTGGGCAGGGATCAAGCAGGCATTTAGCATTCCCTACAATCCCCAAAGTCACGGAGTAGTAGAATCTATGAATAAACAATTAAAGCAAATTATAGAACAAATAAGAGATCAGGCTGAGCATCTTAAGACAGCAGTACAAATGGCAGTTTTCATCCACAATTTTAAAAGAAAAGGGGGGATTGGGGGGTACAGTGCAGGGGAAAGAATAGTRGACATAATAGCAACAGACATACAAACTAAAGAACTACAAAAACAAATTACAAAAATTCAAAATTTTCGGGTTTATTACAGGGACAGCAGAGATCCACTTTGGAAAGGACCAGCAAAGCTCCTCTGGAAAGGTGAAGGGGCAGTAGTMATACAAGATAATAGTGACATAAAAGTAGTGCCAAGAAGAAAAGCAAAGATCATTAGGGATTATGGAAAACAGATGGCAGGTGATGATTGTGTGGCAAGTAGACAGGATGAGGAT---
140233|IN_1868|-RI,TTTTTAGATGGAATAGATAAGGCCCAAGAAGAACATGAGAAATATCACAATAATTGGAGAGCAATGGCTAGTGATTTTAACCTGCCACCTATAGTAGCAAAAGAAATAGTAGCCAGCTGTGATAAATGTCAGCTAAAAGGAGAAGCCATGCATGGACAAGTAGACTGTAGTCCAGGAATATGGCAACTAGATTGCACACATTTAGAAGGAAAAGTTATCCTAGTAGCAGTTCATGTAGCCAGTGGATACATAGAAGCAGAAGTCATTCCAGCAGAGACAGGGCAGGAAACAGCATATTTTCTATTAAAATTAGCAGGAAGATGGCCAGTAAAAACAGTACATACAGACAATGGCAGCAACTTCACCAGTGCTGCGGTCAAGGCCGCCTGTTGGTGGGCAGGGATCAAGCAGGACTTTAGCATTCCCTACAATCCCCAAAGTCACGGAGTAGTAGAATCTATGAATAAAGAATTAAAGAAAATTATAGGGCAGGTAAGAGATCAGGCTGAACATCTTAAGACAGCAGTACAAATGGCAGTATTCATCCACAATTTTAAAAGAAAAGGGGGGATTGGGGGGTACAGTGCAGGGGAAAGAATAGTAGACATAATAGCATCAGACATACAAACTAAAGAACTACAAAAACAAATTACAAAAATTCAAAATTTTCGGGTTTATTACAGGGACAGCAGAGATCCACTTTGGAAAGGACCAGCAAAGCTTCTTTGGAAAGGTGAAGGGGCAGTAGTAATACAAGATAATAGTGACATAAAAGTAGTGCCAAGAAGAAAAGCGAAGATCATTAGGGATTATGGAAAACAGATGGCAGGTGATGATTGTGTGGCAAGTAGACAGGATGAGGAT---
73511|Virus28|GU121704-RI,TTTTTAGATGGAATAGATAAGGCCCAAGAAGAACATGARAAATATCATAATAATTGGAGAGCAATGGCTAGTGATTTTAACCTGCCACCAGTAGTAGCAAAAGAAATAGTAGCCAGCTGTGAYAAATGCCAACTAAAAGGAGAAGCCATGCATGGACAAGTAGACTGTAGTCCAGGAATATGGCAACTAGATTGTACACATTTAGAAGGAAAAGTTATCCTGGTAGCAGTTCATGTAGCCAGTGGATATATAGAAGCAGAAGTTATYCCAGCAGAAACAGGGCAGGAAACAGCATACTTYMTTTTAAAACTAGCAGGAAGATGGCCAGTAAAAACAATACATACAGACAATGGCAGCAATTTCACCAGCACCACGGTTAAGGCCGCCTGTTGGTGGGCAGGGATCAAGCAGRAATTTRGCATTCCCTACAATCCCCAAAGTCAMGGAGTAGTAGAATCTATGAATAATGAATTAAAGAAAATTATAGGACAAGTAAGAGATCAGGCTGAACATCTTAAGACAGCAGTACAAATGGCAGTATTCATCCACAATTTTAAAAGAAAAGGGGGGATTGGAGGGTACAGTGCAGGGGAAAGAATAATAGATATAATAGCAACAGACTTACAAACTAAAGAAYTACAAAAACAAATTACAAAAATTCAAAATTTTCGGGTTTATTACAGGGACAGCAGAGATCCTCTTTGGAAAGGACCAGCAAAGCTTCTCTGGAAAGGTGAAGGGGCAGTAGTAATACARGATAATAGTGACATAAAAGTAGTGCCAAGAAGAAAAGCAAAGATCATTAGGGATTATGGAAAACAGATGGCAGGTGATGATTGTGTGGCAAGTAGACAGRATGAGGAT---
139843|IN_210|-RI,TTTTTAGATGGAATAGATAAGGCCCAAGAAGACCATGAAAGATACCACACTAATTGGAGAGCTATGGTTAGTGATTTTAACATACCAGCTGTAGTAGCAAAAGAAATAGTAGCCAGCTGTGATAAATGTCAGCTAAAAGGAGAAGCCATGCATGGACAAGTAGACTGTAGTCCAGGAATATGGCAACTAGATTGTACACATCTAGAAGGAAAAGTTATCCTGGTAGCAGTTCATGTAGCCAGTGGATATATAGAAGCAGAAGTTATTCCAGCAGAAACAGGGCAAGAAACAGCATACTTTCTTTTAAAGTTAGCAGGAAGATGGCCAGTAAAAACAATACATACAGACAATGGCAGCAATTTCACCAGTACCACGGTTAAGGCCGCCTGCTGGTGGGCGGGGATCAAGCAGGAATTTGGTATCCCCTACAATCCTCAAAGTCAAGGAGTAATAGAGTCTATGCATAAAGAATTAAAGAAAATTATAGGACAGGTAAGAGATCAGGCTGAACATCTTAAGACAGCAGTACAAATGGCAGTATTCATCCACAATTTTAAAAGAAAAGGGGGGATTGGGGGGTACAGTGCAGGGGAAAGAATAATAGACATAATAGCATCAGACATACAAACTAAAGAACTACAAAAACAAATTACAAAAATTCAAAATTTTCGGGTTTATTACAGGGACAGCAGARATCCACTTTGGAAAGGACCAGCAAAGCTTCTCTGGAAAGGTGAAGGGGCAGTAGTAATACAAGATAATAGTGACATAAAAGTAGTGCCAAGAARAAAAGCAAARATCATTAGGGACTATGGAAAACAGATGGCAGGTGATGATTGTGTGGCAAGTAGACAGGATGAGGAT---
139926|IN_612|-RI,TTTCTGGATGGAATAGATAAGGCCCAAGAAGAACATGAGAGATATCACAGTAATTGGAGAGCAATGGCTAGTGACTTTAACCTGCCACCTGTAGTAGCAAAAGAAATAGTAGCCAGCTGTGATAAATGTCAGCTAAAAGGAGAAGCCATGCATGGACAAGTAGACTGTAGTCCAGGAATATGGCAATTAGATTGTACACATTTAGAAGGGAAAATTATCCTGGTAGCAGTTCATGTAGCCAGTGGATACATAGAAGCAGAAGTTATTCCAGCAGAGACAGGGCAGGAAACAGCATATTTTATCTTAAAATTAGCAGGAAGATGGCCAGTAAAAACAATACATACAGACAATGGCCCCAATTTCACCAGTGCCACGGTTAAGGCCGCCTGTTGGTGGGCAGGGATCACGCAGGCATTTGCCATTACCTACAATCCCCAAAGTCGAGGAGTAGTAGAATCTATGAATAAAGAATTAAAGAAAATTATAGGACAAGTAAGAGATCAGGCTGAACATCTTAAGACAGCAGTGCAAATGGCAGTATTCATCCACAATTTTAAAAGAAAAGGGGGGATTGGAGGGTACAGTGCAGGGGAAAGAATAGTAGACATGATAGCAACAGACATGCAAACTAAAGAACTACAAAAACAAATTTCAAAAATTCAAAATTTCCGGGTTTATTTCAGGGACAGCAGAGACCCAATTTGGAAAGGACCAGCAAAACTCCTGTGGAAAGGTGAAGGGGCAGTAGTAATACAAGATAACAGTGAAATAAAAGTAGTGCCAAGAAGAAAAGCAAAAATCATTAGAGATTATGGAAAACAGATGGCAGGTGATGATTGTGTGGCAAGTAGACAGGATGAGGAT---
140074|IN_3256|-RI,TTTTTAGATGGAATAGATAAGGCCCAAGAAGAACATGAAAAATATCATAGCAATTGGARAGCAATGGCCAGTGATTTTAACCTGCCACCTGTGGTAGCAAAAGAAATAGTAGCCTGCTGTGATAAATGTCARCTAAAAGGAGAAGCCAYGCATGGACAAGTAGACTGTAGTCCAGGAATATGGCAACTAGATTGTACACATTTAGAAGGAAAAATTATCCTGGTAGCAGTTCATGTAGCCAGTGGATAYMTAGAAGCAGAAGTTATCCCAGCAGAGACAGGGCAGGAAACAGCATACTTTATCTTAAAATTAGCAGGAAGATGGCCAGTAAAAACAATACATACAGACAATGGCAGCAACTTCACCAGTACTACGGTTAAGGCTGCCTGTTGGTGGGCAGGGATCAATCAGAAATTTAGTATTCCCTACAATCCCCAAAGTCACGGAGTAGTAGAATCTATAAATAAAGAATTAAAGAAAATTATAGGGCAGGTAAGAGAGCAGGCTGAACATCTCAAGACAGCAGTACAAATGGCAGTATTCATCCACAATTTTAAAAGAAAAGGGGGGATTGGGGGGTACAGTGCAGGGGAAAGAATAATAGACATAATAGCAACAGACATACAAACYAAAGAACTACAAAAMCAAATTACAAAAATTCAAAATTTTCGGGTTTATTACAGGGACAGCAGAGATCCWCTTTGGAAAGGACCAGCAAAGCTYCTCTGGARAGGTGAAGGGGCAGTAGTAATACAAGATAATAGTGACATAAAAGTAGTGCCAAGAAGAAAAGCAAAGATCATTAGGGATTATGGAAAACAGATGGCAGGTGATGATTGTGTGGCAAGTAGACAGGATGAGGAT---
139857|IN_2223|-RI,TTTTTAGATGGAATAGATAAGGCCCAAGAAGAACATGAGAGATATCACTGTAATTGGAGAGCAATGGCTAGTGATTTTAACCTGCCACCTGTAGTAGCAAAAGAAATAGTAGCCAGCTGTGATAAATGTCAGCTAAAAGGAGAAGCCATACATGGACAAGTAGACTGTAGTCCAGGAATATGGCAACTAGATTGTACACATTTAGAAGGAAAAGTTATCCTGGTAGCAGTTCATGTAGCCAGTGGATATATAGAAGCAGAAGTTATTCCAGCAGAGACAGGGCAAGAAACAGCATATTTTCTCTTAAAATTAGCGGGAAGATGGCCAGTAAAAACAATACATACAGACAATGGCAGCAATTTCACCAGTACTGCAGTCAAGGCCGCCTGTTGGTGGGCGGGGGTCAAGCAGRAATTTAGCATTCCCTACAATCCCCAAAGTCACGGAGTAGTAGAATCTATAAATAAAGAGTTAAAGAAAATTATAGGACAGGTAAGGGATCAGGCTGAACATCTTAAGACAGCAGTACAAATGGCAGTATTCATCCACAATTTTAAGARAAAAGGGGGGATTGGGGGGTACAGTGCAGGGGAAAGAATAGTAGACATAATAGCATCAGACATACAAACTAAAGAATTACAAAAACAAATTACAAACATTCAAAAATTTCGGGTTTATTACAGGGACAGCAGAGATCCACTTTGGAAAGGACCAGCAAAGCTCCTCTGGAAAGGTGAAGGGGCAGTAGTAATACAAGATAATAGTGACATAAAAGTAGTGCCAAGAAGAAAAGCAAAGATCATTAGGGATTATGGAAAACAGATGGCAGGTGATGATTGTGTGGCAAGTAGACAGAATGAGGAT---
139902|IN_534|-RI,TTTTTAGATGGAATAGATAAAGCCCAAGAAGAGCATGAGAGATACCACAGTAATTGGAAAGCAATGGCTAGTGATTTTAACCTGCCACCTATAGTAGCAAAAGAAATAGTAGCCAGCTGTGATAAATGTCAGTTAAAAGGAGAAGCCATGCATGGACAAGTAGACTGTAGTCCAGGAATATGGCAACTAGATTGTACACACTTAGAAGGAAAAATTATCCTRGTAGCAGTTCATGTAGCCAGTGGATATATAGAAGCAGAAGTTATCCCAGCAGAGACAGGGCARGAAACAGCATACTTTATCTTAAAATTAGCAGGAAGATGGCCAGTAAAAACAATACATACAGACAATGGCAGCAATTTCACCAGTGCTACAGTTAAGGCCGCCTGTTGGTGGGCAGGGATCAAGCAGGMATTYAGCATTCCYTACAATCCCCAAAGTCACGGAGTAGTAGAATCTATGAATAAAGAATTAAAGAAAATTATAGGACAGGTAAGRGATCAGGCTGAACATCTTAAGACAGCAGTACAAATGGCAGTATTCATTCACAATTTTAAAAGAAAAGGGGGGATTGGGGACTACAGTGCAGGGGAAAGAATAATAGACATAATAGCAACAGACATACAAACTCAAGAATTACAAAAACAAATTATAAAAATTCAAAATTTTCGGGTTTATTACRGGGACAGCAAAGATCCAYTTTGGAAAGGACCAGCAAAGCTTCTCTGGAAAGGTGAAGGGGCAGTAGTAATACAAGATAATAGTGACATAAAAGTAGTACCAAGAAGAAAAGTAAAGATCATTAAGGATTATGGAAAACAGATGGCAGGCGCTGATTGTGTGGCAAGTAGACAGGATGAGGAT---
140065|IN_1031|-RI,TTTTTAGATGGAATAGACAAGGCCCAAGAAGAACATGAAARATATCACAATAATTGGAGAGCAATGGCTAGTGATTTYAACCTGCCACCTGTAGTAGCAAAAGAAATAGTAGCCAGCTGTGATAAATGTCAGCTAAAAGGAGAAGCCTTGCATGGRCAAGTAGACTGTAGTCCAGGAATATGGCAATTAGATTGTACACATTTAGAAGGRAAAATAATCCTGGTAGCAGTTCATGTAGCCAGTGGATATATAGAAGCAGAAGTAATCCCAGCAGAAACAGGACAGGAAACAGCATACTTTATCTTAAAATTAGCAGGAAGATGGCCAGTACAAACAGTCCATACAGACAATGGCTCCAATTTCACCAGTGCTGCAGTGAAGGCCGCCTGTTGGTGGGCGGGGATCAAACAGRAATTTAGCRTTCCCTACAATCCCCAAAGTCACGGARYAGTAGAATCTATRAATAAAGAATTAAAGAAAATTATAGGACAGGTAAGAGATCAGGCTGAACATCTTAAGACAGCAGTACAAATGGCAGTATTCATTCACAATTTTAAAAGAAAAGGGGGGATTGGGGGGTACAGTGCAGGGGAAAGAATAGTAGACATAATAGCAACAGACATACAAACTAAAGAACTACAAAAACAAATTTCAAAAATTCAAAATTTTCGGGTTTATTACAGGGACAGCAGAGATCCACTTTGGAAAGGACCAGCAAAGCTCCTCTGGAAAGGTGAAGGGGCAGTAGTAATACAAGACAATAGTGACATAAAAGTAGTGCCAAGAAGAAAAGCAAAGATCATTAGGGATTATGGAAAACAGATGGCAGGTGATGATTGTGTGGCAAGTAGACAGGATGAGGAT---
139426|BRSP74|-RI,TTTTTAGATGGAATAGATAAGGCTCAAGAAGAACATGAGAAATATCACAATAATTGGAGAGCAATGGCTAGCGATTTTAATCTCCCACCTGTAGTAGCAAAAGAAATAGTAGCCAGCTGTGATAAATGTCAGCTAAAAGGGGAAGCCATGCATGGACAAGTAGACTGTAGCCCAGGAATATGGCAGCTAGACTGTACACATCTAGAAGGGAAAGTTATCCTGGTAGCAGTTCATGTAGCCAGTGGATATATAGAAGCAGAAGTCATTCCAGCAGAAACAGGGCAAGAAGCAGCATACTTTATCTTAAAATTGGCAGGAAGATGGCCAGTAAAAACAATACACACAGATAATGGCAGAAATTTCACCAGTACTACAGTCAAGGCCGCCTGTTGGTGGGCAGGGATCAAGCAGGCATTTAGCATTCCCTACAATCCCCAAAGTCATGGAGTAGTAGAATCTATGAATAATGAATTAAAGAAAATTATAGGACAGGTAAGAGATCAGGCTGAACATCTTAAGACAGCAGTACAAATGGCAGTATTCATTCACAATTTTAAAAGAAGAGGGGGGATTGGGGGATACAGTGCAGGGGAAAGAATAATAGACATAATAGCAACAGACATACAAACTAGAGAATTACAAAAGCAAATTACAAAAATTCAAAATTTTCGGGTTTATTACAGGGACAGCAGAGATCCACTTTGGAAAGGACCAGCAAAACTTCTCTGGAAAGGTGAAGGGGCAGTAGTAATACAAGATAATAGTGACATAAAAGTAGTGCCAAGAAGAAAAGCAAAGATCCTTAGGAATTATGGAAAACAGATGGCAGGTGATGATTGTGTGGCAAGTAGACAGGATGAGGAT---
140245|IN_2481|-RI,TTTTTAGATGGAATAGATAAGGCCCAAGAAGAACATGAGAAATATCACAGTAATTGGAGAGCAATGGCTAGTGATTTTAACCTGCCACCTGTAGTAGCAAAAGAAATAGTAGCCAGCTGTAATAAATGTCAGCTAAAAGGAGAAGCCATGCATGGACAAGTAGACTGTAGTCCAGGAATATGGCAACTAGACTGTACACATTTAGAAGGAAAAATTATCCTGGTAGCGGTCCATGTAGCCAGTGGATATATAGAAGCAGAAGTTATTCCAGCAGAGACAGGGCAGGAAACAGCATACTTTCTTTTAAAATTAGCAGGAAGATGGCCAGTAAAAACTATACATACAGACAATGGCAGTAATTTCACCAGTGCTACAGTTAAGGCCGCCTGTTGGTGGGCGGGAATCAAGCAGGAATTTAGTATTCCCTACAATCCCCAAAGTCACGGAGTAGTGGAATCTATGAATAAAGAATTAAAGAAAATTATAGGTCAAGTAAGGGATCAGGCTGAACATCTTAAGACAGCAGTACAAATGGCAGTATTCATTCACAATTTTAAAAGAAAAGGGGGGATTGGGGAGTACAGTGCAGGGGAAAGAATAATAGATATAATAGCAACAGACCTACAAACCAAAGCATTACAAAAACACATTTCAAAAATTCAAAATTTTCGGGTTTATTACAGGGACAGCAGAGATCCACTTTGGAAAGGACCAGCAAAACTCCTCTGGAAAGGTGAAGGGGCAGTAGTAATACAAGATAATAGTGACATAAAAGTAGTGCCAAGAAGAAAGGCAAAGATCATTAGGGATTATGGAAAACAGATGGCAGGTGATGATTGTGTGGCAAGTAGACAGGATGAGGAT---
73548|Virus109|GU121785-RI,TTTTTRGATGGAATAGATAAGGCCCAAGAAGAACATGAAAAATATCACAGTAAYTGGAGAGCAATGGCTRGTGATTTTAACCTGCCGCCTGTGGTAGCAAAAGAAATAGTAGCYAGTTGTGATAAATGTCAGCTAAAAGGAGAAGCCATGYATGGACAAGTAGACTGTAGTCCAGGGATATGGCAACTAGATTGTACACATTTAGAAGGAAAAATTATCCTGGTAGCAGTTCATGTAGCCAGTGGATATATAGAAGCAGAAGTTATTCCAGCAGAGACAGGGCAGGAAACAGCATACTTTATCTTAAAATTAGCAGGAAGATGGCCAGTAAAAATTATACATACAGACAATGGCAGCAATTTCACCAGTACTACAGTTAAGGCCGCCTGTTGGTGGGCAGGGATCAAGCAGGAATTTRGCATTCCCTACAATCCCCAGAGTAAAGGAGTAGTAGAATCTATGAATAAAGAATTAAAGAAAATTATAGGRCAGGTAAGAGATCAGGCTGAACAYCTTAAGACAGCAGTACAAATGGCAGTATTCATCCACAATTTTAAAAGAAAAGGGGGGATTGGGGGGTACAGTGCAGGGGAAAGAATAGTAGACATAATAGCAACAGACATACAAACTCAAGAATTACAAAAACAAGTTACAAAAATTCAAAATTTTCGGGTTTATTACAGAGACAGCAGAGACCCACTTTGGAAAGGACCAGCAAAACTTCTCTGGAAAGGTGAAGGGGCAGTAGTAATACAAGATAATAGTGACATAAARGTAGTGCCAAGAAGAAAAGCAAAGATCATTAGGGATTATGGAAAACAGATGGCAGGTGATGATTGTGTGGCAAGTAGACAGGATGAGGAT---
139912|IN_2055|-RI,TTTTTAGATGGAATAGAYAAGGCCCARGAAGAACATGAGAAATATCACAGTAATTGGAGAGCAATGGCTAGTGATTTTAAYCTGCCACCTGTAGTAGCAAAAGAAATAGTAGCCAGCTGTGATAAATGTCARCTAAAAGGAGAAGCCATGCATGGACAAGTAGACTGTAGTCCAGGAATATGGCAACTAGATTGTACACATCTRGAAGGAAAAGTTATCCTGGTAGCAGTYCATGTAGCCAGTGGATATATAGAAGCAGAAGTTATTCCAGCAGAGACAGGRCAGGAAACAGCATACTTTCTCTTAAAATTAGCAGGAAGATGGCCAGTAAAAACAATACATACAGACAATGGTGGCAATTTCATCAGTGCTACGGTTAAGGCCGCCTGTTGGTGGGCGGGAATCAAGCAGGAATTTGGCATTCCCTACAATCCCCAAAGTCRAGGAGTAGTAGAATCTATGMATAAAGAATTAAAGAAAATTATAGGACARGTAAGAGATCAGGCTGAGCATCTTAAGACAGCAGTACAAATGGCAGTATTCATYCACAATTTTAAAAGAAAAGGGGGGATTGGGGGGTACAGTGCAGGGGAAAGAATARTAGACATAATAGCAACAGACATACAAACTAAAGAATTACAAAACCAAATTACAAAAATTCAAAATTTTCGGGTTTATTACAGGGACAGCAGAGATCCACTTTGGAAAGGACCAGCAAAGCTTCTCTGGAAAGGTGAAGGGGCAGTAGTAATACAAGATAATAGTGACATAAAGGTAGTGCCAAGAAGAAAAGCAAAGATCATYAGGGATTATGGAAAACAGATGGCAGGTGATGATTGTGTGGCAAGTAGACAGGATGAGGAT---
140237|IN_755|-RI,TTTTTAGATGGAATAGATAAGGCCCAAGAAGAGCATGAGAAATATCACAATAATTGGAGAGCAATGGCTAGTGATTTTAACCTGCCACCTGTRGTAGCAAAAGAAATAGTAGCCAGCTGTGATAAATGTCAGCTAAAAGGAGAAGCCATACATGGACAAGTAGACTGTAGTCCAGGAATATGGCAACTAGATTGTACACATTTAGAAGGAAAARTTATTCTGGTAGCRGTTCATGTAGCCAGTGGCTATRTAGAAGCAGAAGTTATTCCAGCAGAAACAGGACAGGAAACAGCATACTTTATCTTAAAATTAGCAGGAAGATGGCCAGTAACAACAATACATACAGACAATGGCAGCAATTTCACCAGTGCTGCGGTTAAGGCAGCCTGTTGGTGGGCAGGRATCAARCAGGAATTTAGCATYCCCTACAATCCCCAAAGTCACGGAGTAGTAGAATCTATGAATAATGAACTAAAGAAAATTATAGGACAGGTAAGAGAGCAAGCTGAACATCTTAAGACAGCAGTACAAATGGCAGTATTCATTCACAATTTTAAAAGAAAAGGGGGGATTGGGAGGTACAGTGCAGGGGAAMGAATAATAGACATAATAGCATCAGACATACAAACTAAAGAATTACAAAAAAATATTACAAAAATYCAAAATTTCCGGGTTTATTACAGGGACAACAGARATCCACTTTGGAAAGGACCAGCAAAGCTTCTCTGGAAAGGTGAAGGGGCAGTAGTAATACAGGACAATAGTGATATAAAAGTAGTGCCAAGAAGAAAAGCAAAGATCATTAGGGATTATGGAAAACAGATGGCAGGTGATGATTGTGTGGCAAGTAGACAGGATGAGGAT---
139866|IN_1807|-RI,TTTTTGGATGGAATAGATAAGGCCCAGGAAGAGCATGAGARATATCACAATAATTGGARAGCAATGGCTAGTGATTTTAACCTGCCACCTGTAGTAGCAAAAGAAATAGTAGCCAGCTGTGATAAATGTCAGCTAAAAGGAGAAGCCCTACATGGACAAGTAGACTGTAGTCCAGGAATRTGGCAACTAGATTGTACACATCTAGAAGGAAAAATTATCCTGGTAGCAGTTCATGTAGCCAGTGGATACATAGAAGCAGAAGTYATYCCAGCAGAGACAGGGCAGGAAACAGCATACTTTCTCTTAAAATTAGCAGGAAGATGGCCAGTAAAAGTAATACATACAGACAATGGCAGCAATTTCACCAGTGCTACGGTTAAGGCCGCCTGTTGGTGGGCAGGGATCAAGCAGGACTTCAGCATTCCCTACAATCCCCAAAGTCACGGAGTAGTAGAATCTATGAATAAKGAATTAAAGAAAATTATAGGACAGGTGAGAGATCAGGCTGAACAYCTTAAGACAGCAGTACAAATGGCAGTATTCATCCATAATTTTAAAAGAAAAGGGGGGATTGGAGGGTACAGTGCAGGGGAAAGAATAGTAGACATAATAGCATCAGACATACAAACTAGAGAACTACAAAAACAAATTTCAAAAATTCAAAATTTTCGGGTTTATTACAGGGACAGCAGAGACCCACTTTGGAAAGGACCAGCAAAGCTTCTCTGGAAAGGTGAAGGGGCAGTAGTRATACAAGATAATAGTGATATAAAARTAGTGCCAAGAAGAAAAGCAAAGATCATTAGGGATTATGGAAAACAGATGGCAGGTGATGATTGTGTGGCAAGTAGACAGGATGAGGAT---
139478|BRSP534|-RI,TTTTTAGATGGGATAGATAAGGCACAGGAGGACCATGATAAATATCACAGCAATTGGAGAGCAATGGCTAGTGATTTCAACCTGCCACCTATAGTAGCAAAAGAAATAATAGCCAGCTGTGATAAGTGTCAGTTGAAAGGGGAAGCCATACATGGACAAGTAGATTGTAGTCCAGGGATATGGCAATTAGATTGTACACATTTAGAAGGAAAAGTCATCCTGGTAGCAGTCCATGTAGCCAGTGGATACCTAGAAGCAGAAGTTATCCCAGCAGCAACAGGACAAGAAACAGCCTACTTTATACTAAAATTAGCAGGAAGATGGCCAGTAAAAACAATACATACAGACAATGGCACCAATTTCACCAGTGCCACGGTTAAGGCAGCCTGTTGGTGGGCAGGTATCCAGCAAGAATTTAGTATTCCCTACAACCCCCAAAGTCACGGAGTAGTAGAATCTCTGAATAAAGAGCTAAAGAAGATCATAGGACAGATAAGAGATCAAGCTGAACATCTTAAGACAGCAGTACAAATGGCAGTATTCATTCACAATTTTAAAAGAAAAGGGGGGATTGGGGGATACAGTGCAGGGGAAAGAATAATAGACATAATAGCAACAGACATACAAACTAGAGAATTACAAAAGCAAATTACAAAAATTCAAAATTTCCGGGTTTATTACAGGGACAGCAGAGACCCAGTTTGGAAAGGACCAGCAAAGCTACTCTGGAAAGGTGAAGGGGCAGTAGTCATACAAGACAATAGTGAAATAAAGGTAGTACCAAGAAGAAAAGCAAAGATCATTAGAGATTATGGAAAACAGATGGCAGGTGATGATTGTGTGGCAGGTAGACAGAATGAGGAT---
102625|BR10SP296|JQ797733-RI,TTTCTAGATGGAATAGATAAGGCCCAAGAAGACCATGAGAAATATCATAGTAATTGGAGAGCAATGGCCAGTGATTTTAACCTGCCACCTATAATAGCAAAAGAGATAATAGCCAGCTGTAATAAATGTCAGCTAAAAGGAGAAGCCATGCATGGGCAAATAGACTGTAGTCCAGGAATATGGCAACTAGATTGTACACATTTAGAAGGAAAAATTATCCTGGTAGCAGTGCATATAGCCAGTGGCTATATAGAAGCAGAAGTTATTCCAGCAGAAACAGGGCAGGAAACAGCATACTTCATCTTAAAATTAGCAGGAAGATGGCCAGTAAAAACAATACATACAGACAATGGCAGCAATTTCACCAGTACTGCAGTTAAGGCCGCCTGTTGGTGGGCTGGGATCCAGCAGAAATTTTGTATTCCCTACAATCCCCAAAGTCGAGGAGTAGTGGAATCTATGAATAAAGAATTAAAGAAAATTATAGGACAGGTAAGAGATCAAGCTGAACATCTTAAGACAGCAGTACAAATGGCAGTATTCATCCACAATTTTAAAAGAAAAGGGGGGATTGGGGGGTACAGTGCAGGGGAAAGAATAATAGACATAATAGCATCAGACATACAAACTAAAGAACTACAAAAACAAATTACAAAAATTCAAAATTTTCGGGTTTATTACAGGGACAGCAGAGACCCAGTTTGGAAAGGACCAGCAAAGCTTCTCTGGAAAGGTGAAGGGGCAGTAGTAATACAAGATAACAGTGACATAAAAGTAGTGCCAAGAAGGAAAGCAAAGATCATTAGGGAATATGGAAAACAGATGGCAGGTGATGATTGTGTGGCAAGTAGACAGGATGAGGAT---
139450|BRSP102|-RI,TTTTTGGATGGAATAGATAAGGCTCAAGAGGAACATGAGAAATATCACAACAATTGGAGGGCAATGGCTAGTGATTTTAACCTCCCACCTGTGGTAGCAAAAGAAATAGTAGCTAGCTGTGATAAATGTCAGCTAAAAGGAGAAGCCATGCATGGACAAGTAGACTGTAGTCCAGGAATATGGCAGTTAGATTGTACACACCTGGAAGGAAAAGTTATCATAGTAGCAGTCCATGTGGCCAGTGGCTATATAGAAGCAGAAGTTATTCCAGCAGAAACAGGGCAGGAAACAGCATACTTTCTCCTAAAATTAGCAGGAAGATGGCCAGTAACAGTAGTACATACAGACAATGGCAGCAACTTCACCAGTGCTGCAGTCAAGGCCGCCTGCTGGTGGGCAGGTATCAAACAAAAATTTGGAATTCCCTACAATCCCCAAAGTCGAGGAGTARTAGAATCCATGAATAAAGAATTAAAGAAAATTATAGGACAAGTAAGAGAGCAAGCTGAACATCTTAAGACAGCAGTTCAAATGGCAGTATTCATYCACAATTTTAAAAGAAAAGGGGGGATTGGGGGATACAGTGCAGGGGAAAGAATAATAGACATAATAGCAACAGACATACAAACTAAAGAATTACAAAAACAAATCACAAAAATTCAAAATTTTCGGGTTTATTACAGGGACAGCAGAGATCCAATTTGGAAAGGACCAGCAAAACTTCTCTGGAAAGGTGAAGGGGCAGTAGTAATACAAGACAATAGTGACATAAAGGTAGTACCAAGAAGAAAAGCAAAAATCATTAGGGATTATGGAAAACAGATGGCAGGTGATGATTGTGTGGCAAGTAGACAGGATGAGGAT---
140066|IN_1486|-RI,TTTTTAGATGGAATAGATAAGGCCCAAGATGAACATGAGAAATATCACAGTAATTGGAGAGCAATGGCTAGTGAKTTTAACCTGCCACCTATAGTAGCAAAAGAAATAGTAGCCAGCTGTGATAAATGTCAGTTAAAAGGAGAAGCCATGCATGGACAAGTAGACTGTAGTCCAGGAATATGGCAACTAGATTGTACTCATTTAGAAGGGAAAGTTATCCTGGTAGCAGTTCATGTAGCCAGTGGATATATAGAAGCAGAAGTTATTCCAGCAGAGACAGGGCAGGAAACAGCATACTTTATCTTAAAATTAGCAGGAAGATGGCCAGTGAAAACAATACACACAGATAATGGCAGCAATTTCATCAGTGCTACAGTTAAAGCCGCTTGTTGGTGGGCGGGGATCAAGCAGGAATTTAGCATTCCCTACAATCCCCAAAGTCACGGAGTAGTAGAATCAATGAATAAAGAATTAAAGAAAATTATAGGACAAGTAAGAGATCAGGCTGAACATCTTAAGACAGCAGTACAAATGGCAGTATTCATCCACAATTTTAAAAGAAAAGGGGGGATTGGGGGGTACAGTGCAGGGGAAAGAATAATAGACATAATAGCAACAGACATACAGACTAAAGAATTACAAAAACAAATTACAAAACTTCAAAATTTTCGGGTTTATTTCAGGGACAGCAGAGATCCACTTTGGAAAGGACCAGCAAAGCTGCTCTGGAAAGGTGAAGGGGCAGTAGTAATACAAGATAATAGTGACATAAAAGTAGTGCCAAGAAGAAAAGCAAAGATCATTAGGGATTATGGAAAACAGATGGCAGGTGATGATTGTGTGGCAGGTAGACAGGATGAGGAT---
140103|IN_156|-RI,TTTTTAGATGGAATAGATAAAGCCCARGAAGAACATGAGARATATCACAATAATTGGAGAGCAATGGCTAGTGATTTTAACCTGCCACCTGTGGTAGCAAAAGAGATAGTAGCCAGCTGTGATAAATGTCAGCTRAAAGGAGAAGCCATGCATGGACAAGTAGACTGTAGTCCAGGAATATGGCAACTAGATTGTACACAYTTAGAAGGGAAAATTATCCTGGTAGCAGTTCATGTAGCCAGTGGATATATAGAAGCAGAAGTWATTCCAGCAGAAACAGGGCAGGAAACAGCATACTTTCTCTTAAARTTAGCAGGAAGATGGCCAGTAAAAACAATACATACAGACAATGGCAGCAATTTCACCAGTAATGYGGTTAAGGCCGCCTGTTGGTGGGCAGGAATCAAGCAGRAATTYAGCATTCCCTACAATCCCCARAGTCACGGAGTAGTAGAATCTATAAATAAAGAATTAAAGAAAATYATAGGACAGATAAGAGATCAGGCTGAGCATCTTAAGACAGCAGTACAAATGGCAGTATTCATCCACAATTTTAAGAGAAAAGGGGGGATTGGGGGRTACAGTGCAGGGGAAAGAATAGTAGACATTATAGCAACAGACATACAAACTAAAGAACTACAAAAACARATTACAAAAATTCAAAATTTTCGGGTTTATTACAGGGACAGCAGAGATCCWCTTTGGAAAGGACCAGCAAAGCTCCTCTGGAAAGGTGAAGGGGCAGTAGTAATACAAGATAATAGTGACATAAAAGTAGTGCCAAGAAGAAAAGCAAAGATCATTAGGGATTATGGAAAACAGATGGCAGGTGATGATTGTGTGGCAAGTAGACAGGATGAGGAT---
8070|CA124204|-RI,TTTTTAGATGGAATAGACAAGGCCCAAGAAGAACATGAAAGATATCACAGTAATTGGAGAGCAATGGCTAGTGATTTTAACCTACCACCAGTAGTAGCAAAAGAAATAGTAGCCAGCTGTGATAAATGTCAGCTAAAAGGAGAAGCCATGCATGGACAAGTAGACTGTAGTCCAGGAATATGGCAAATAGATTGTACACACTTAGAAGGAAAAATTATACTGGTAGCAGTTCATGTTGCCAGTGGATACATAGAAGCAGAAGTTATTCCAGCAGAGACAGGGCAGGAAACAGCATACTTTATCTTAAAATTAGCAGGAAGATGGCCAGTAAAAGCAATACATACAGACAATGGCAGCAACTTCACCAGCACTACAGTCAAGGCCGCCTGTTGGTGGGCGGGGATCAAGCAGGAATTTAGTATTCCCYACAACCCCCAAAGCCATGGAGTAGTAGAATCCATGAATAAAGAATTAAAGAAAATTATAGGACAGGTAAGAGATCAAGCTGAACATCTTAAGACAGCAGTACAAATGGCAGTRTTCATTCACAATTTTAAAAGAAAAGGGGGGATTGGGGAATATAGTGCAGGGGAAAGAATAGTAGACATAATAGCAACAGACATACAAACTAAAGAATTACAGAAACAAATTACAAAAATTCAAAATTTTCGGGTTTATTACAGGGACAGCAGAGATCCCCTTTGGAAAGGACCAGCAAAGCTGCTCTGGAAAGGTGAAGGGGCAGTAGTGATACAAGATAATAGTGACATAAAAGTGGTGCCAAGAAGAAAAGCAAAGATCATTAGGGATTATGGAAAACAGATGGCAGGTGATGGTTGTGTGGCAAGTAGACAGGATGAGGAT---
140017|IN_1204|-RI,TTTTTAGATGGAATAGATAAGGCCCAAGAAGACCATGAAAAATATCACAGTAATTGGAGAGCAATGGCTAGTGATTTTAACCTGCCACCTATAGTAGCAAAAGAAATAGTAGCCAGCTGTGATAAATGTCAGCTAAAAGGAGAAGCTATGCATGGACAAGTAGACTGCAGTCCAGGAATATGGCAATTAGATTGTACACATTTAGAAGGAAAAATTATCCTGGTAGCAGTTCATGTAGCCAGTGGATATATAGAAGCAGAAGTTATTCCAGCAGARAMTGGACAGGAAACAGCATACTTTATTCTAAAATTAGCAGGAAGATGGCCAGTAAAAACAATACATACAGATAATGGCAGCAATTTCACTAGTACTACGGTTAAGGCCGCCTGCTGGTGGGCAGGGATCRAGCAGRMATTTAGTATTCCCTACAATCCCCAAAGTCACGGAGTAGTAGAATCTCTAAATAAGGAACTAAAGAAAATTATAGGACAGGTAAGAGATCAGGCTGAACAYCTCAAGACAGCAGTACAAATGGCAGTATTCATCCACAATTTTAAAAGAAAAGGGGGGATTGGGGGGTACTGTGCAGGGGAAAGAATAGTAGATATAATAGCAACAGACATACAAACTAAAGAATTACAAAAACAAATTTCAAATMTTCAAAAATTTCGGGTTTATTACAGGGACAGCAGAGATCCACTTTGGAAAGGACCAGCAAAACTTCTCTGGAAAGGTGAAGGGGCAGTAGTAATACAAGACAATAGTGATATAAAAGTAGTGCCAAGAAGAAAAGCAAAGATCATTAGGGATTATGGAAAACAGATGGCAGGTGATGATTGTGTGGCAGGTGGACAGGATGAGGAT---
140102|IN_1302|-RI,TTTTTAGATGGAATAGATAAGGCTCAAGAAGAACATGAGAAATATCACAGTAATTGGAGAGCAATGGCCAGTGATTTTAACCTGCCACCTGTAGTAGCAAAAGAGATAGTAGCCAGCTGTGATAAATGTCAGCTAAAAGGAGAAGCCATGCATGGACAAGTAGACTGTAGTCCAGGAATATGGCAATTAGATTGTACACATTTGGAAGGAAAAATTATCCTGGTAGCAGTTCATGTAGCCAGTGGATACATAGAAGCAGAAGTCATTCCAGCAGAAACAGGGCAGGAAACAGCATACTTCCTCTTAAAATTAGCAGGAAGATGGCCAGTAAAAACAATACATACAGATAATGGTAGTAATTTCACCAGTGCTGCAGTGAAAGCCGCCTGTTGGTGGGCGGGGATCAAGCAGGAATTTAGCATTCCCTACAATCCCCAAAGTCACGGAGTAGTAGAATCTATGAATAATGAATTAAAGAAAATCATAGGACAGGTAAGAGATCAGGCTGAACACCTTAAGACAGCAGTGCAAATGGCAGTRTTCATCCACAAYTTTAAGAAAAAAGGGGGGATTGGGGGGTACAGTGCAGGGGAAAGAATAATAGACATAATAGCAACAGACATACAAACTAAAGAATTACAAAAACAAATTACAAAAATTCAAAATTTTCGGGTYTATTACAGGGACAACAGAGATCCACTTTGGAAAGGACCAGCAAAGCTTCTTTGGAAAGGTGAAGGGGCAGTAGTAATACAAGATAATAGTGACATAAAAGTAGTGCCAAGGAGAAAAGCAAAGATCATTAGGGATTATGGAAAACAGATGSCAGGTGATGATTGTGTGGCAAGTAGACAGGATGAGGAT---
139472|BRSP65|-RI,TTTTTAGATGGAATAGATAAGGCCCAAGAAGATCATGAGAGATATCACAGTAATTGGAGAGCAATGGCTAGTGATTTTAACCTACCACCTATAGTAGCAAAAGAAATAGTAGCCAGCTGTGATAAATGTCAGCTAAAAGGAGAAGCCATGCATGGACAAGTAGACTGTAGTCCAGGAATATGGCAGCTAGATTGTACACACTTAGAAGGAAAAATTATCCTGGTAGCAGTTCATGTAGCCAGTGGATATATAGAAGCAGAAGTTATTCCAGCAGAGACAGGGCAAGAAACAGCATACTTTATCTTAAAACTAGCAGGAAGATGGCCAGTAAAAACAATACATACAGACAATGGTAGCAATTTCACCAGTACTACAGTTAAGGCCGCCTGTTGGTGGGCAGGGGTCAAGCAGGAATTTAGCATTCCCCACAATCCCCAAAGTCACGGGGTAGTAGAATCTATGAATAAAGAATTAAAGAAAATTATAAGACAGGTAAGAGATCAGGCTGAACATCTTAAGACAGCAGTACAAATGGCAGTATTCATCCACAATTTTAAAAGAAAAGGGGGGATTGGGGGGTACAGTGCAGGGGAAAGAATAATAGACATAATAGCAACAGACATACAAACTACAGAATTACAAAAACAAATTACAAAAATTCAAAATTTTCGGGTCTATTACAGGGACAGCAGAGACCCGATTTGGAAAGGACCAGCAAAGCTTCTCTGGAAAGGTGAAGGGGCAGTAGTAATACAAGACAATAGTGACATAAAAGTAGTGCCAAGAAGRAAAGCAAAGATCATTAGGGATTATGGAAAACAGATGGCAGGTGATGATTGTGTGGCAAGTAGACAGGATGAGGAT---
140258|IN_1113|-RI,TTTTTAGATGGAATAGATAAAGCCCAGGAAGAACATGAGAAATATCACAGTAATTGGAGAGCAATGGCTAGTGATTTTAACCTGCCACCTATAGTAGCAAAAGAAATAGTAGCCAGCTGTGATAAATGTCAGCTAAAAGGAGAAGCCATGCATGGACAAGTAGACTGTAGTCCAGGAATATGGCAACTAGATTGCACACATTTAGAAGGAAAAGTTATCCTGGTAGCAGTCCATGTAGCCAGTGGATATATAGAAGCAGAAGTTATCCCAGCAGAAACAGGGCAGGAAACAGCATACTTTATCTTAAAACTAGCAGGAAGATGGCCAGTAAAAGTAATACATACAGACAATGGCAGCAATTTCGCCAGTGCTACAGTTAAGGCCGCCTGTTGGTGGGCGGGGGTCAAGCAGGAATTTAGCATTCCCTACAATCCCCAAAGTCACGGAGTAGTAGAATCTATGAATAAAGAATTAAAGAAAATTATAGGGCAGGTAAGAGATCAGGCTGAACATCTTAAGACAGCAGTACAAATGGCAGTATTCATCCACAATTTTAAAAGAAAAGGGGGGATTGGGGGATACAGTGCAGGGGAACGAATAATAGACATAATAGCAACAGACATACAAACTAAAGAATTACAAAAACAAATTATAAAAATTCAAAATTTTCGGTGTTATTACAGGGACAGCAGAGATCCACTTTGGAAAGGACCAGCAAAGCTTCTCTGGAAAGGTGAAGGGGCAGTAGTGTTACAAGACAATAGTGACATAAAAGTAGTGCCAAGAAGAAAAGTAAAGATCATTAAGGATTATGGAAAACAGATGGCAGGTGATGATTGTGTGGCAAGTASACAGGATGAGGAT---
112210|092810.002|HQ423435-RI,TTTCTGGATGGAATAGACAAGGCTCAGGAAGAACATGAGAAATATCACAATAATTGGAGAGCAATGGCTAGTGATTTTAATATACCAGCTGTAGTAGCAAAAGAAATAGTAGCTAGCTGTGATAAATGTCAGCTAAAAGGAGAAGCTATGCATGGACAAGTAGACTGTAGTCCAGGAGTGTGGCAACTAGATTGTACACATTTAGAAGGAAAAATTATCCTGGTAGCAGTTCATGTAGCTAGTGGATATATAGAAGCAGAAGTTATTCCAGCAGAAACAGGGCAGGAAACAGCATACTTTCTCTTAAAATTAGCAGCAAGATGGCCAGTAAAAACAATACATATGGACAATGGCAGCAATTTCACCAGTAMTACGGTTAAGGCCGCCTGTTGGTGGGCAGGGATCAAACAGAAATTTGCAATTCCCTACAATCCCCAAAGTAAGGGAGTAGTAGAATCTATGAATAAAGAATTAAAGAAAATTATAGGGCAGGTAAGAGATCAGGCTGAGCATCTTAAGACAGCAGTACAAATGGCAGTATTCATCCATAATTTTAAAAGAAAAGGGGGGATTGGGGGGTACAGTGCAGGGGAAAGAATAGTAGACATAATAGCAACAGACATGCAAACTAAAGAACTACAAAAACAAATTACAAAAATTCAAAATTTTCGGGTTTATTACAGGGACAGCAGAAATCCACTTTGGAAAGGACCAGCAAAGCTTCTCTGGAAAGGTGAAGGGGCAGTAGTAATACAAGATAATAGTGAGATAAAAGTAGTGCCAAGAAGAAAAGCAAAAATCATTAGGGATTATGGAAAACAGATGGCAGGTGATGATTGTGTGGCAAGTAGACAGGATGAGGAT---
140130|IN_101|-RI,TTTTTAGATGGAATAGATAAAGCCCAAGAAGAACATGAAAAATATCACAATAATTGGAGAGCAATGGCCAGTGATTTTAACCTACCACCTATAGTAGCAAAAGAAATAGTAGCCAGCTGTGATAAATGTCAGGTAAAAGGAGAAGCCATGCATGGACAAGTAGACTGTAGTCCAGGAATATGGCAACTAGATTGTACACATTTAGAGGGAAAAATTATCCTGGTAGCAGTTCATGTAGCCAGTGGATACATAGAAGCAGAAGTTATTCCAGCAGAAACAGGGCAGGAAACAGCATACTTTATCCTAAAATTGGCAGGAAGATGGCCAGTAAAAACAGTACATACAGACAATGGCAGCAATTTCACCAGTGCCGCGGTTAAGGCCGCCTGTTGGTGGGCAGGGATCAAGCAGGAATTTAGCATTCCCTACAATCCCCAAAGTCATGGAGTAGTAGAATCTATGAATAAAGAATTAAAGAAAATTATAGAACAAGTAAGAGATCAGGCAGAACATCTTAAGACAGCAGTACAAATGGCAGTACTCATTCACAATTTTAAAAGAAAAGGGGGGATTGGGGGATACAGTGCAGGGGAAAGAATAATAGACATAATAGCRACAGACATACAAACTAAAGAATTACAAAAACAAATTACAAAAATTCAAAATTTTCGGGTTTATTACAGGGACAGCAGAGATCCACTTTGGAAAGGACCAGCAAAGCTCCTCTGGAAAGGTGAAGGGGCAGTAGTAATACAAGATAATAGTGACATAAAAGTAGTGCCAAGGAGAAAAGCAAAGATCATTAGGGATTATGGAAAACAGATGGCAGGTGATGATTGTGTGGCAAGTAGACAGGATGAGGAT---
139930|IN_265|-RI,TTTTTAGATGGAATAGATAAGGCCCAAGAAGAACATGAGAGATATCACAGTAATTGGAGAGCAATGGCTAGTGACTTTAACCTGCCACCTATAGTAGCAAAAGAAATAGTAGCCTGCTGTGATAAATGTCAGCTAAAAGGAGAAGCCATACATGGACAAGTAGACTGTAGTCCAGGAATATGGCAGCTAGATTGTACACATTTGGAAGGAAAAATTATCCTGGTAGCAGTTCATGTAGCCAGTGGATATATAGAAGCAGAAGTTATCCCAGCAGAGACAGGGCAGGAAACAGCATACTTCATCTTAAAATTAGCAGGAAGGTGGCCAGTAAAAACAATACATACAGACAATGGCAGCAATTTCACCAGTGCTACAGTTAAGGCTGCCTGTTGGTGGGCGGGRATAAAACAGAAATTTAGCATCCCCTACAATCCCCAAAGTCACGGAGTAGTAGAATCTATAAATAAAGAATTAAAGAAAATTATAGGACAGGTAAGAGATCAGGCTGAACATCTTAARACAGCAGTACAAATGGCAGTATTCATTCACAATTTTAAAAGAAAAGGGGGGATTGGGGGGTACAGTGCAGGGGAAAGAATAATAGACATAATAGCAACAGACATACAAACTCAAGAACTACAGAAACAAATTACAAAAATTCAAAATTTTCGGGTTTATTACAGGGACAACAGAGATCCAATTTGGAAAGGACCAGCAAAACTTCTCTGGAAAGGTGAAGGGGCAGTAGTAATACAAGAGAATAGTGACATAAAAGTAGTGCCAAGAAGAAAAGCAAAGATCATTAGGGAYTATGGAAAACAGATGGCAGGTGATGATTGTGTGGCAAGTAGACAGGATGAGGAT---
139956|IN_1416|-RI,TTTTTAGATGGAATAGATAAGGCCCAAGAAGAACATGARAAATATCACAATAATTGGAGAGCAATGGCTAGTGATTTTAAYCTRCCACCTGTAGTAGCAAAAGAAATAGTAGCCAGCTGTGATAAATGTCAGCTAAAAGGAGAAGCCATGCATGGACAAGTAGACTGTAGTCCAGGAATATGGCAACTAGAYTGTACACATTTAGAAGGRAAARTTATCCTGGTAGCAGTTCATGTAGCCAGTGGATATATAGAAGCAGAAGTTATTCCAGCAGAAACAGGRCAGGAAACAGCATAYTTTCTCTTAAAATTAGCAGGAAGRTGGCCAGTAAAMAYAATACATACAGACAATGGTAGCAATTTCACCAGTGCTGCAKTTAAGGCCGCCTGTTGGTGGGCGGGGATCAAGCAGRCATTTRGCRTTCCCTACAATCCCCAAAGTCACGGAGTAGTAGAATCTATGAATAAWGAATTAAAGAAAATTATACAACAGGTAAGAGATCAGGCTGAACATCTTAAAACAGCAGTACAAATGGCAGTATTCATCCACAATTTTAAAAGAAAAGGGGGGATTGGGGGGTACAGTGCAGGGGAAAGAATAGTGGACATAATAGCAACAGACATACAAACAAGAGAACTACAAAAACAAATTACAAAAATTCAAAATTTTCGGGTTTATTACAGGGACAGCAGAGATCCACTTTGGAAAGGACCAGCAAAGCTTCTCTGGAAAGGTGAAGGGGCAGTAGTAATACAAGATAATAGTGACATAAAAGTRGTGCCAAGAAGAAAAGCAAAGATCATTAGGGATTATGGAAAACAGATGGCAGGTGATGATTGTGTGGCAAGTAGACAGGATGAGGAT---
140082|IN_2946|-RI,TTTTTAGATGGAATAGATAAGGCCCAAGATGAACATGARAAATATCACAGTAATTGGAGAGCAATGGCTAGTGATTTTAACCTGCCACCTGTGGTAGCTAAAGAAATAGTAGCCAGCTGCGATAAATGCCAGCTAAAAGGAGAGGCCATGCATGGACAAGTAGACTGTAGTCCAGAAATATGGCAACTAGATTGTACACATCTAGAAGGAAAAATTATCCTGGTAGCAGTTCATGTAGCCAGTGGATATATAGAAGCAGAAGTTATTCCAGCAGAGACAGGGCAGGAAACAGCATACTTCCTCTTAAAATTAGCAGGAAGATGGCCAGTAAAAACAATACATACAGATAATGGACCCAATTTCGTCAGTGCTGCGGTAAAGGCCGCCTGTTGGTGGGCAGGAATCAAGCAGGAATTTAGTATTCCCTACAATCCCCAAAGTCACGGAGTAGTAGAATCTATGAATAAAGAATTAAAGAAAATTATAGGCCAGGTTAGAGATCAGGCTGAACATCTTAAAACAGCAGTACAAATGGCAGTCTTCATCCACAATTTTAAAAGAAAAGGGGGGATTGGGGGGTACAGTGCAGGGGAAAGAATAGTAGACATAATAGCAACAGACATACAAACTAAAGAACTACAAAAACAGATTTCAAAAATTCAAAATTTTCGGGTTTATTACAGGGACAGCAGAGATCCACTTTGGAAAGGACCAGCAAAGCTCCTCTGGAAAGGTGAAGGGGCAGTAGTAATACAAGATAATAGTGACATAAAAGTAGTGCCAAGAAGAAAAGCAAAGATCATTAGGGATTATGGAAAACAGATGGCAGGTGATGATTGTGTGGCAAGTAGACAGGATGAGGAT---
139985|IN_309|-RI,TTTTTAGATGGAATAGATAAGGCCCAAGAAGACCATGAAAAATATCACAGTAATTGGAGAGCAATGGCTAGTGATTTTAACCTACCACCTATAGTAGCAAAAGAGATAGTAGCCAGCTGTGAYAAATGTCAGCTAAAAGGAGAAGCTATGCATGGACAAGTAGACTGTAGTCCAGGAATATGGCAACTAGACTGTACACATTTAGAAGGRAAAATTATCCTGGTAGCAGTACATGTAGCCAGTGGATAYATAGAAGCAGAAGTTATCCCAGCAGAAACAGGGCAGGAAACAGCCTACTTTCTATTAAAATTAGCAGGGAGATGGCCAGTAAAAACAATACATACAGAYAATGGCAGCAAYTTTACTAGTACTACAGTTAARGCCGCCTGTTGGTGGGCAGGGATCAAGCAGRAATTTAGCATTCCCTACAATCCCCAAAGTCACGGAGTAGTAGAATCTCTGAATAAAGAATTAAAGAAAATTATAGGACAAGTAAGAGATCAGGCTGAACATCTTAAGACAGCAGTACAAATGGCAGTATTCATCCACAATTTTAAAAGAAAAGGGGGGATTGGGGGATACAGTGCAGGGGAAAGAATAATAGACATAATAGCAACAGACATACAAACTAAAGAAYTACAAAAACAAATTTCAAAAATTCAAAATTTTCGGGTTTATTACAGGGACAGCAGAGAYCCACTTTGGAAAGGACCAGCAAAGCTTCTTTGGAAAGGTGAAGGGGCAGTAGTAATACAAGATAATAGTGACATAAAAGTAGTRCCAAGAAGAAAAGCAAAGATCATTAGGGATTATGGAAAACAGATGGCAGGTGATGATTGTGTGGCAAGTAGACAGGATGAGGAT---
140137|IN_204|-RI,TTYTTAGATGGAATAGATAAAGCCCAAGAAGAYCATGAGAARTATCACACTAATTGGAGAGCAATGGCTAGTGATTTTAACCTGCCACCTGTRGTAGCAAAAGAAATAGTAGCCAGCTGTGATAARTGYCARYTAAAAGGAGAAGCCATGCATGGACAAGTAGACTGTAGTCCAGGAATATGGCAACTAGATTGTACACACTTAGAAGGRAAAATTATCCTGGTAGCAGTYCATGTAGCCAGTGGATATATAGAAGCAGAAGTTATTCCAGCAGAAACAGGGCAAGAGACAGCATACTTTATYYTAAAATTAGCAGGAAGRTGGCCAGTAAAAACAATACATACAGACAATGGTCCCAATTTCAYCAGTAACACAGTYAAGGCCGCCTGYTGGTGGGCAGGGGTCAAGCAGGAATTTRGCATTCCCYRCAATCCCCAAAGTCAYGGAGTAGTAGAATCTATGAATAARGAATTAAAGAAAATTATAGGACARGTAAGGGATCAGGCTGAACATCTYAAGACAGCAGTACAAATGGCAGTACTCATTCACAATTTTAAAAGAAAAGGGGGGATTGGGGGGTACAGTGCAGGGGAAAGAATAATAGACATAATAGCAACAGACATACAAACTAAAGAAYTACAAAAACAAATTACAAAACTTCAAAATTTTCGGGTTTATTACAGGGACAGCAGAGATCCACTTTGGAAAGGACCAGCAAAGCTTCTCTGGAAAGGTGAAGGGGCAGTAGTAATACAAGATAATAGTGACATAAAAGTAGTGCCAAGAAGAAAAGCAAAGATCCTTAGGCATTATGGAAAACAGATGGCAGGTGATGATTGTGTGGCAAGTGGACAGGATGAGGAT---
57908|pt6W24|EU908752-RI,TTTTTAGATGGAATAGATAAAGCCCAAGAAGAACATGAGAAATATCACAGTAATTGGAGAGCAATGGCTAGTGATTTTAACCTGCCACCTGTGGTAGCAAAAGAGATAGTAGCCAGCTGTGATAAATGTCAGCTAAAAGGAGAAGCCATGCATGGACAAGTAGACTGTAGTCCAGGAATATGGCAACTAGATTGTACACATCTAGAAGGAAAAATTATCCTGGTAGCAGTTCATGTAGCCAGTGGATATATAGAAGCAGAAGTTATTCCAGCAGAAACAGGGCAGGAAGCAGCATACTTTATCTTAAAGTTAGCAGGAAGATGGCCAGTAAAAACAATACATACAGACAATGGCMGCAATTTCACCAGTACTACTGTTAAGGCCGCCTGTTGGTGGGCRGGGATCAAGCAGGMATTTRGYATTCCCWAMAATCCCCAAAGTCAMGGAGTAGTAGAATCCATGAATAATGAATTAAAGAAAATTATAGGACAGGTAAGAGATCAGGCTGAACATCTTAAGACAGCAGTACAAATGGCAGTTTTCATCCACAATTTTAAAAGAAAAGGGGGGATTGGGGGGTACAGTGCAGGGGAAAGAATAGTAGACATAATAGCAACAGACCTACAAACTAAGGAACTACAAAAACAAATTACAAAAATTCAAAATTTTCGGGTTTATTACAGGGACAGCAGAGATCCACTTTGGAAAGGACCAGCAAAACTTCTTTGGAAAGGTGAAGGGGCAGTAGTAATACAAGATAATAGTGACATAAAAGTAGTACCAAGAAGAAAAGCAAAG---------------------------------------------------------------------
140210|IN_1410|-RI,TTTTTAGATGGAATAGATAAGGCCCAAGAAGAACATGAGAAATATCACAATAATTGGAGAGCAATGGCTAGTGATTTTAACCTGCCACCTRTAGTAGCAAAAGAAATAGTAGCCAGCTGTGATAAATGTCAGCTAAAAGGAGAAGCCATGCATGGACAAGTAGACTGTAGTCCAGGAATATGGCAATTAGATTGTACACATCTRGAGGGAAAAATTATCCTGGTAGCAGTCCATGTAGCCAGTGGATATATAGAAGCAGAAGTTATTCCAGCAGAAACAGGGCAGGAARCAGCATACTTTATCCTAAAATTGGCAGGAAGATGGCCAGTAAAAACARTACATACAGACAATGGCAGMAATTTCACCAGYAATRCAGTRAAGGCCGCCTGTTGGTGGGCAGGGATCAAACAGRAATTTGGCATTCCCTAYAATCCCCAAAGTCRAGGAGTARTAGAATCTATGMATAAAGAATTAAAGAAAATTATARAACARGTRAGAGATCAGGCTGAACATCTTAAGACAGCAGTACAAATGGCAGTATTCATTCACAATTTTAAAAGAAAAGGGGGGATTGGGGGATACAGTGCAGGGGAAAGAATAGTAGACATAATAGCAACAGACTTACAAACTACAGAAYTACAAAAACAAATTACAAAAATTCAAAATTTTCGGGTTTATTACAGGGACAGCAGAGATCCACTTTGGAAAGGACCAGCAAAGCTCCTCTGGAAAGGTGAAGGGGCAGTAGTAATACAAGATAATAGTGAAATAAAAGTAGTGCCAAGGAGAAAAGCAAAAATCATTAGGGATTATGGAAAACAGATGGCAGGTGATGATTGTGTGGCAAGTAGACAGGATGAGGAT---
153990|D8835|LC022723-RI,TTTTTAGATGGAATAGACAAGGCCCAAGAAGATCATGARAAATATCACAGTAATTGGAGAGCCATGGCGAGTGACTTTAACCTGCCACCTGTAGTAGCAAAAGAAATAGTAGCTAGCTGTGATAAATGTCAGCTAAAAGGAGAAGCCATGCATGGACAAGTAGACTGTAGTCCAGGAATATGGCAACTAGACTGTACACATTTAGAAGGAAAAGTTATCCTGGTAGCAGTTCATGTAGCCAGTGGATATATAGAAGCAGAAGTTATTCCAGCAGAAACAGGRCAGGAAACAGCATACTTCCTCTTAAAATTAGCAGGAAGATGGCCAGTAAAAGCAATACATACAGACAATGGCCCCAACTTCATCAGTACTGCAGTTAAAGCCGCCTGTTGGTGGGCGGGGATCAAGCAGAAATTTAGTATTCCCTACAATCCCCAAAGTCGAGGAGTAGTAGAATCTATGAATAAAGAATTAAAGAAAATTATAGGACAAGTAAGAGATCAGGCTGAACAGCTTAAGACAGCAGTACAAATGGCAGTATTCATCCACAATTTTAAGAGAAAAGGGGGGATTGGGGGGTACAGTCCAGGAGATAGAATAATAGACATAATAGCAACAGACATACAAACTAGAGAATTRCAAAACCAAATTACAAAAGTTCAAAATTTTCGGGTTTATTACAGGGACAGCAGAGATCCACTTTGGAAAGGACCAGCAAAACTTCTCTGGAAAGGTGAAGGGGCAGTAGTAATACAAGATAATAGTGATATAAAAGTAGTGCCAAGAAGAAAAGCAAAAATCATTAGGGATTATGGAAAACAGATGGCAGGTGATGATTGTGTGGCAAGTAGACAGGATGAGGAT---
57908|pt6w48|EU908754-RI,TTTTTAGATGGAATAGATAAAGCCCAAGAAGAACATGAGAAATATCACAGTAATTGGAGAGCAATGGCTAGTGATTTTAACCTGCCACCTGTGGTAGCAAAAGAGATAGTAGCCAGCTGTGATAAATGTCAGCTAAAAGGAGAAGCCATGCATGGACAAGTAGACTGTAGTCCAGGAATATGGCAACTAGATTGTACACATCTAGAAGGAAAAATTATCCTGGTAGCAGTTCATGTAGCCAGTGGATATATAGAAGCAGAAGTTATTCCAGCAGAAACAGGGCAGGAAACAGCATACTTTATCTTAAAGTTAGCAGGAAGATGGCCAGTAAAAACAATACATACAGACAATGGCCGCAATTTCACCAGTACTACTGTTAAGGCCGCCTGTTGGTGGGCGGGGATCAAGCAGGCATTTAGTATTCCCCACAATCCCCAAAGTCACGGAGTAGTAGAATCCATGAATAATGAATTAAAGAAAATTATAGGACAGGTAAGAGATCAGGCTGAACATCTTAAGACAGCAGTACAAATGGCAGTWTTCATCCACAATTTTAAAAGAAAAGGGGGGATTGGGGGGTACAGTGCAGGGGAAAGAATAGTAGACATAATAGCAACAGACCTACAAACTAAGGAACTACAAAAACAAATTACAAAAATTCAAAATTTTSGGGTTTATTACAGGGACAGCAGAGATCCACTTTGGAAAGGACCAGCAAAACTTCTTTGGAAAGGKGAAGGGGCAGTAGTAATACAAGATAATAGTGACATAAAAGTAGTACCAAGAAGAAAAGCAAAG---------------------------------------------------------------------
140090|IN_1723|-RI,TTTTTAGATGGGATAGATAAGGCCCAAGAAGAGCATGAGAAATATCACAGTAATTGGAGGGCAATGGCTAGTGATTTTAACTTACCACCTGTAGTGGCAAAAGAAATAGTAGCCAGCTGTGATAAATGTCAGCTTAAAGGAGAAGCCATGCATGGACAAATAGACTGTAGTCCAGGAATATGGCAACTAGATTGTACACATTTAGAAGGAAAAATTATCCTGGTAGCAGTTCATATAGCCAGTGGATATATAGAAGCAGAAGTTATTCCAGCAGAGACAGGGCAGGAAACAGCATAYTTTCTCTTGAAATTGGCAGGAAGATGGCCAGTAAAAACAATACATACAGACAATGGTAGCAAYTTCACCAGTGCTACAGTYAAGGCCGCCTGTTGGTGGGCGGGGATCAATCAAAAATTTTGCATTCCCTACAATCCCCAAAGTCGAGGAGTGGTGGAATCTATGAATAAAGAATTAAAGAAAATYATAGGACARGTAAGAGATCAAGCTGAACATCTTAAGACAGCAGTACAAATGGCAGTATTCATCCACAATTTTAAGAGAAAAGGGGGGATTGGGGGGTACAGTGCAGGAGAAAGAATARTAGACATAATAGCAACAGACATGCAAACTAAAGAACTACAAAAACAAATTACAAAAATTCAAAATTTTCGGGTTTATTACAGAGACAGCAGAGATCCACATTGGAAAGGACCAGCAAAGCTTCTCTGGAAAGGTGAAGGGGCAGTAGTAATACAAGATAACAGTGACATAAAAATAGTGCCAAGAAGAAAAGCAAAGATCATTAGGGATTATGGAAAACAGATGGCAGGTGATGATTGTGTGGCAAGTGGACAGGATGAGGAT---
42506|SH2-W10|FJ538988-RI,TTTTTGGATGGAATAGATAAGGCCCAAGAAGAACATGAGAAATATCACAATAATTGGAGAGCAATGGCTAGTGATTTTAACATACCACCTGTAGTAGCAAAAGAAATAGTAGCCTGCTGTGATAAATGTCAGCTAAAAGGAGAAGCCATGCATGGACAAGTAGACTGTAGTCCAGGAATATGGCAACTAGATTGTACACATTTAGAAGGAAAAATTATCCTAGTAGCAGTCCATGTAGCCAGTGGATATATAGAAGCAGAAGTCATTCCAGCAGAAACAGGACAGGAAACAGCATACTTTCTCTTAAAATTAGCAGGAAGATGGCCAGTAAAAACAATACATACAGATAATGGTCCTAATTTCATCAGTGCTGCAGTAAAGGCCGCCTGTTGGTGGGCAGGGATCAAGCAGGAATTTAGCATTCCCTACAATCCCCAAAGTCACGGAGTAGTAGAATCTATGAATAAAGAATTAAAGAAAATTATAGGACAGGTAAGAGATCAGGCTGAACATCTTAAGACAGCAGTACAAATGGCAGTATTCATCCACAATTTTAAAAGAAAAGGGGGGATTGGGGGGTACAGTGCAGGGGAAAGAATAGTAGACATAATAGCAACAGACATACAAACTAAAGAACTACAAAAACAAATTACAAAAATTCAAAATTTTCGGGTTTATTACAGGGACAGCAGAGATCCACTTTGGAAAGGACCAGCAAAGCTTCTCTGGAAAGGTGAAGGGGCAGTAGTAATTCAAGATAATAGTGACATAAAAGTAGTGCCAAGAAGAAAAGCAAAAATCATTAGGGATTATGGAAAACAGATGGCAGGTGATGATTGTGTGGCAAGTAGACAGGATGAGGAT---
140215|IN_1915|-RI,TTTTTAGATGGAATAGATAAGGCCCAAGAAGAGCATGAGAAATATCACAGTAATTGGAGAGCAATGGCTAGYGATTTCAACCTACCACCTGTGGTAGCAAAAGAAATAGTAGCCAGCTGTGACAAATGTCAGCTAAAAGGAGAAGCCATGCATGGACAAGTTGACTGTAGTCCAGGAATATGGCAATTAGATTGTACACATTTAGAAGGAAAAATTATCCTGGTAGCAGTTCATGTAGCCAGTGGATATATAGAAGCGGAAGTTATTCCAGCAGAAACAGGGCAGGAAACAGCATACTTTCTATTAAAATTAGCAGGAAGATGGCCAGTAAAAACAATACATACAGACAATGGCAGCAATTTCACCAGTGCTACTGTCAAGGCCGCCTGTTGGTGGGCGGGGATCAAGCAGGCATTTAGCATTCCCTACAATCCCCAAAGTCATGGAGTAGTAGARTCTATAAATAAAGAATTAAAGAAAATTATAGGACAGGTAAGAGATCAGGCTGAACATCTTAAGACAGCAGTACAAATGGCAGTATTCATCCACAATTTTAAAAGAAAAGGGGGGATTGGGGAGTACAGTGCAGGGGAAAGAATAATAGACATAATAGCAACAGACCTACAAACTAAAGAATTACAAAAACAAATTACAAAAATTCAAAATTTTCGGGTTTATTACAGGGACAGCAGAGACCCCCTTTGGAAAGGACCAGCAAAACTTCTCTGGAAAGGTGAAGGGGCAGTAGTAATACAAGATAATAGTGACATAAAAGTAGTGCCAAGAAGAAAAGCAAAGATCATTAGGGATTATGGAAAACAGATGGCAGGTAATGATTGTGTGGCAGGTAGACAGGATGAAGAT---
139403|BRSP526|-RI,TTTTTAGATGGAATAGATCAGGCCCAAGAAGAGCATGAGAAATATCACAGTAATTGGARAGCAATGGCTAGTGATTTTAACCTGCCACCTGTAGTAGCAAAAGAAATAGTAGCCAGCTGTGATAAATGTCAGCTAAAAGGAGAAGCCATGCATGGACAAGTAGACTGTAGTCCAGGAATATGGCAAGTAGATTGTACACACTTAGAAGGAAAAATTATCCTGGTAGCAGTGCATGTAGCCAGTGGATATATAGAAGCAGAAGTYATTCCAGCAGAGACAGGACAGGAAACAGCATACTTTCTCTTAAAATTAGCAGGAAGATGGCCAGTAAAAACAATACATACAGATAATGGCCCCAATTTTATCAGTGCTGCAGTTAAGGCCGCCTGTTGGTGGGCGGGGATCAAGCAGGAATTTAGCATACCCTACAATCCCCAAAGCCACGGAGTGGTAGAATCTATGAATAAAGAATTAAAGAAAATTATAGGACAGRTAAGAGATCAGGCTGAACATCTTAAGACAGCAGTACAAATGGCAGTATTCATCCACAATTTTAAGAGAAAAGGGGGGATTGGGGGGTACAGTGCAGGGGAAAGAATAGTAGACATAATAGCAACAGACATACAGACTAAAGAATTACAAAARCAAATTACAAATATTCAAAAATTTCGGGTTTATTACAGGGACAGCAGAGATCCACTTTGGAAAGGACCAGCAAAGCTTCTTTGGAAAGGTGAAGGAGCAGTAGTAATACAAGATAATAGTGACATAAAAGTAGTGCCAAGAAGAAAAGCAAARATCATTAGGGATTATGGAAAACAGATGGCAGGTGATGATTGTGTGGCARGTAGACAGGATGAGGAT---
140023|IN_1456|-RI,TTYTTAGATGGAATAGATAAAGCCCAAGARGAACATGAGAARTATCACAATAATTGGAGAGCAATGGCTAGTGATTTTAACCTGCCRCCYGTGGTAGCAAAAGAAATAGTAGCCARCTGTGATAAATGTCAACTAAAAGGAGAAGCCATGCATGGACARGTAGACTGTAGTCCAGGAATATGGCAACTAGATTGTACACATTTAGAAGGAAAAATTATCCTGGTAGCAGTTCATGTAGCCAGTGGATATATAGAAGCAGAAGTTATTCCAGCAGAGACAGGGCAGGAAACAGCATACTTTATCTTAAAATTAGCAGGAAGATGGCCAGTAAAAACAATACATACAGACAATGGCAGCAATTTCACCAGTGCTACAGTTAAGGCCGCCTGTTGGTGGGCGGGGATCAAGCAGGCATTTAGCATTCCCTACAATCCTCAAAGTCACGGAGTAGTAGAATCYATGAATAAAGAATTAAARAAAATTATAGGACAGATAAGAGATCAGGCTGAGCATCTTAAGACAGCAGTACAAATGGCAGTATTCATCCACAATTTTAAGAGAAAAGGGGGGATTGGGGGGTACAGTGCAGGGGAAAGAATAATAGACATAATAGCAACAGACATACAAACTAGAGAATTACAAAAACAAATTACAAACATTCAAAAATTTCGGGTTTATTACAGGGACAACAGAGATCCACTTTGGAAAGGACCAGCAAAGCTTCTCTGGAAAGGTGAAGGGGCAGTAGTAATACAAGATAATAGTGACATAAAAGTAGTGCCAAGAAGAAAAGYTAAGRTCMTTAGGGACTATGGACAACAGATGGCAGGYAATGATTGTGTGGCAAGTAGACAGGATGAGGAT---
140175|IN_1121|-RI,TTTTTGGATGGAATAGATAAGGCCCAAGAAGAMCATGAGARATAYCACAGTAATTGGAGAGCAATGGCTAGTGATTTTAACCTGCCACCYGTAGTAGCAAAAGAAATAGTAGCCARCTGTGATAAATGTCARWTAAAAGGAGAAGCCATGCATGGRCAAGTAGACTGTAGTCCAGGAATATGGCAACTAGATTGTACACATTTAGAAGGAAAAATTATCCTGGTAGCGGTCCATGTAGCCAGTGGATATATAGAAGCAGAAGTTATTCCAGCAGAGACAGGGCAAGAAACAGCATACTTTCTCTTAAAGTTAGCAGGAAGATGGCCAGTAAAAGCAATACATACAGACAATGGCAGTAATTTCACCAGTGCTGCRGTTAAGGCCGCCTGTTGGTGGGCGGGGATCGAGCAAAAATTTAGCATTCCCTACAATCCCCAAAGTCGAGGAGTAGTGGAATCTATGAATAATGAATTAAAGAAAATTATARGACAGGTAAGAGATCAGGCTGAACATCTTAAAACAGCAGTACAAATGGCAGTATTCATCCACAATTTTAAAAGAAAAGGGGGGATTGGGAGGTACAGTGCAGGGGAAAGAATAGTAGACATAATAGCATCAGACCTACAAACTMAAGCATTACAAAAACAAATTTCAAAAATTCAAAATTTTCGGGTTTATTACAGGGACAGCAGARATCCAATTTGGAAAGGACCAGCAAAACTTCTCTGGAAAGGTGAAGGGGCAGTAGTAATACAGGATAATAGTGACATAAAAGTAGTACCAAGAAGAAAGGYAAAAATCATTAGGGATTATGGAAAACAGATGGCAGGTGATGATTGTGTGGCAAGTAGRCAGGATGAGGAT---
113917|Pt1W24|JN163878-RI,TTTCTAGATGGAATAGATAAAGCCCAAGAAGAACATGAGAAATATCACAGTAATTGGAGAGCAATGGCTAGTGATTTTAACCTGCCACCTGTGGTAGCAAAAGAGATAGTAGCCAGCTGTGATAAATGTCAGCTAAAAGGAGAAGCCATGCATGGACAAGTAGACTGCAGTCCAGGAATATGGCAACTAGATTGTACACATCTAGAAGGAAAAATTATCCTGGTAGCAGTTCATGTAGCCAGTGGATATATAGAAGCAGAAGTTATTCCAGCAGAAACAGGGCAGGAAGCAGCATACTTTATCTTAAAGTTAGCAGGAAGATGGCCAGTAAAAACAATACATACAGACAATGGCCGCAATTTCACCAGTACTACTGTTAAGGCCGCCTGTTGGTGGGCAGGGATCAAGCAGGAATTTAGTATTCCCTACAATCCCCAAAGTCACGGAGTAGTAGAATCCATGAATAATGAATTAAAGAAATTTATAGGACAGGTAAGAGATCAGGCTGAACATCTTAAGACAGCAGTACAGATGGCAGTTTTCATCCACAATTTTAAAAGAAAAGGGGGGATTGGGGGGTACAGTGCAGGGGAAAGAATAGTAGACATAATAGCAACAGACCTACAAACTAAGGAACTACAAAAACAAATTACAAAAATTCAAAATTTTCGGGTTTATTACAGGGACAGCAGAGATCCGCTTTGGAAAGGACCAGCAAAACTTCTTTGGAAAGGTGAAGGGGCAGTAGTAATACAAGATAATAGTGACATAAAAGTAGTACCAAGAAGAAAAGCAAAGATCATTAGGGATTATGGAAAACAGATGGCAGGTGATGATTGTGTGGCAAGTAGACAGGATGAGGAT---
139835|IN_1739|-RI,TTTTTAGATGGAATAGATAAGGCCCAAGAAGARCATGAGAAATATCACAGTAACTGGAGAGCAATGGCTAGTGATTTTAACCTGCCACCTGTAGTAGCCAAAGAAATAGTAGCCAGCTGTGATAAATGTCAACTAAAAGGAGAAGCCATGCATGGACAAGTAGAYTGTAGTCCAGGAATATGGCAACTAGATTGTACACATTTAGAAGGAAAAGTTATCCTGGTAGCAGTTCATGTAGCCAGTGGATATATAGAAGCAGAAGTTATTCCAGCAGAAACAGGGCAGGAAACAGCATATTTTATCTTAAAATTAGCAGGCAGATGGCCAGTGAAAACAATACATACAGACAATGGCAGCAATTTCACCAGTACTACAGTTAAGGCCGCCTGTTGGTGGGCAGGGATCAAGCAGAAATTTAGCATTCCCTACAATCCCCAAAGTCACGGAGTAGTAGAATCCATGAATAAAGAATTAAAGAAAATTATAGGACAGGTAAGAGATCAGGCTGAGCATCTTAAAACAGCAGTACAAATGGCAGTATTCATTCACAATTTTAAAAGAAAAGGGGGGATTGGGGGATGCAGTGCAGGGGAAAGGATAGTAGACATAATAGCAACAGACATACAAACTAAAGAATTACAAAAACAAATTACAAAAATGCAAAAATTTCGGGTTTATTTCAGGGACAGCAGAGATCCACTTTGGAAAGGACCAGCAAAGCTTCTCTGGAAAGGTGAAGGGGCAGTAGTAATACAAGATAATAGTGACATAAAAGTAGTGCCAAGAAGAAAAGTAAAGATCATTAGGGATTATGGAAAACAGATGGCAGGTGATGATTGTGTGGCTAGTGGACAGGATGAGGAT---
46096|Pt3-W15|-RI,TTTCTAGATGGAATAGATAAGGCCCAAGAAGAACATGAGAAATATCACAGTAATTGGAGAGCAATGGCTAGTGATTTTAACCTGCCACCTGTAGTAGCAAAAGAAATAGTAGCCAGCTGTGATAAATGTCAGYTAAAAGGAGAAGCCATGCATGGACAAGTAGACTGTAGTCCAGGAATATGGCAGCTAGAYTGTACACAYTTAGAAGGAAAAGTTATCCTGGTAGCAGTTCATGTAGCCAGTGGATATATAGAAGCAGAAGTTATTCCAGCAGAGACAGGGCAGGAAACAGCATACTTTCTCTTAAAACTAGCAGGAAGATGGCCAGTAAAAACAATACATACAGACAATGGCAGCAATTTCACCAGTRCTACAGTTAAGGCCGCCTGTTGGTGGGCGGGGATCAAGCAAGAATTTAGCATTCCCTACAATCCCCAAAGTCGAGGAGTAGTAGAATCTATGAATAATGAATTAAAGAAAATTATAGGGCAGGTAAGAGAGCAGGCTGAACATCTTAAGACAGCAGTACAAATGGCAGTATTCATCCACAATTTTAAAAGAAAAGGGGGGATTGGGGGGTACAGTGCAGGGGAAAGAATAGTAGACATAATAGCAACAGACATACAAACTAAAGAACTACAAAAACAAATTACAAAAATTCAAAATTTTCGGGTTTATTACAGGGACAGCAGAGATCCACTTTGGAAAGGACCAGCAAAGCTYCTCTGGAAAGGTGAAGGGGCAGTAGTAATACAAGATAATAGTGACATAAAAGTAGTRCCAAGAAGAAAAGCAAAGATCATTAGGGATTATGGAAAACAGATGGCAGGTGATGATTGTGTGGCAGGTAGACAGGATGAGAAT---
139915|IN_1525|-RI,TTTYTAGATGGAATAGATAAGGCCCAAGAAGACCATGAAAAATAYCACAGTAATTGGAGAGCAATGGCTAATGARTTTAAYCTRCCACCTATAGTRGCAAAAGAAATAGTAGCCAGCTGTGATAAATGTCAGTTAAAAGGAGAAGCCATGCATGGACAAGTAGACTGTAGTCCAGGAATATGGCAACTAGATTGTACACACTTAGAAGGAAAAGTTATCCTGGTAGCAGTTCATGTAGCCAGTGGATATATAGAAGCAGAAGTTATTCCAGCRGAGACAGGGCAGGAAACAGCATACTTTRTCYTAAAATTAGCAGGCAGATGGCCAGTAAAAACAATACATACAGACAATGGCCCCAATTTCATCAGTGCTACGGTTAAGGCCGCCTGTTGGTGGGCAGGGATCAAGCAGGAATTTAGCATTCCCTACAATCCCCAAAGTCACGGAGTAGTAGAATCTATAAATAAAGAATTAAAGAAAATTATAGGACAGATAAGAGATCAGGCTGAACATCTTAAGACAGCAGTACAAATGGCAGTATTCATCCACAATTTTAAAAGAAAAGGGGGGATTGGGGGATACAGTGCAGGGGAAAGAATAGTAGACATAATAGCAACAGACATACAAACTAAAGAACTACAAAAACAAATTTCAAAAATTCAAAATTTTCGGGTTTATTACAGGGACAGCAGAGACCCACTTTGGAAAGGACCAGCAAAGCTTCTCTGGAAAGGTGAAGGGGCAGTAGTAATACAAGAAAATAGTGACATAAAAGTAGTGCCAAGAAGAAAAGCAAAGATCATTAGAGATTATGGAAAACAGATGGCAGGTGATGATTGTGTGGCAAGTAGACAGGATGAGGAT---
140183|IN_861|-RI,TTTTTAGATGGAATAGACCAGGCCCAAGAAGAGCATGAAAAATATCATAATAATTGGAGAGCAATGGCTAGTGATTTTAACCTGCCACCTATAGTAGCAAAAGAGATAGTAGCCAGCTGTGATAAATGTCAGCTAAAAGGAGAAGCCATGCATGGACAAGTAGACTGTAGTCCAGGGATATGGCAACTAGATTGTACACATCTAGAAGGAAAAGTTATCTTGGTAGCAGTTCATGTAGCCAGTGGATATATAGAAGCAGAAGTTATTCCAGCAGAGACAGGACAGGAAACAGCATACTTTCTCTTAAAGTTAGCAGGAAGATGGCCAGTAAAGACAATACACACAGATAATGGCCCCAATTTCATCAGTGCAGCTCTTAAGGCCGCCTGTTGGTGGGCGGGGATCAAGCAGGAATTTAGCATTCCCTACAATCCCCAAAGTCACGGAGTAGTAGAATCTATGAATAAAGAATTAAAGAAAATTATAGGACAGATAAGAGATCAGGCTGAACACCTTAAAACAGCAGTACAAATGGCAGTATTCATCCACAATTTTAAAAGAAAAGGGGGGATTGGGGGGTACAGTGCAGGGGAAAGAATAATAGATATAATAGCAACAGACATACAAACTAAAGAACTACAAAAACACATTACAAAAATTCAAAATTTTCGGGTTTATTACAGGGACAGCAGAGATCCACTTTGGAAAGGACCAGCAAAGCTTCTCTGGAAAGGTGAAGGGGCAGTAGTAATACAAGATAACAGTGAAATAAAAGTAGTGCCAAGAAGAAAAGTAAAGATCATTAGGGATTATGGAAAACAGATGGCAGGTGATGATTGTGTGGCAAGTAGACAGGATGAGGAT---
140084|IN_1668|-RI,TTCCTAGATGGAATAGATAAGGCCCAAGAAGAACATGAAAAATATCACAATAATTGGAGAGCAATGGCTAGCGATTTTAACCTGCCACCTGTAGTAGCAAGAGAGATAGTAGCCAGCTGTGATAAATGTCAGCTAAAAGGAGAAGCCATACATGGGCAAGTAGACTGTAGTCCAGGAATATGGCAACTAGACTGCACACATTTAGAAGGAAAAGTTATCCTGGTAGCAGTTCATGTAGCCAGTGGATATATAGAAGCAGAAGTTATTCCAGCAGAAACAGGACAGGAAACAGCATACTTTCTCTTAAAATTAGCAGGAAGATGGCCAGTAAAAACAATACATACAGACAATGGCAGCAATTTCACCAGTGCTACAGTCAAGGCCGCCTGTTGGTGGGCAGGGATCAAGCAGGAATTTAGCATTCCCTACAATCCCCAAAGCCACGGAGTAGTAGAATCTATGAATAAAGAATTAAAGAAAATCATAGGACAAGTAAGAGATCAGGCTGAACATCTTAAGACAGCAGTACAAATGGCAGTATTCATCCACAATTTTAAAAGAAAAGGGGGGATTGGGGGATACAGTGCAGGGGAAAGAATAGTAGACATAATAGCATCAGATATACAAACTAAAGAACTACAAAAACAAATTACAAAAATTCAAAATTTTCGGGTTTATTACAGGGACAGCAGAGATCCACTTTGGAAAGGACCAGCAAAGCTTCTGTGGAAAGGTGAAGGGGCAGTAGTAATACAAGATAATAGTGAAATAAAAGTAGTGCCAAGAAGAAAAGCAAAGATCATTAGGAATTATGGAAAACAGATGGCAGGTGATGATTGTGTGGCAAGTAGACAGGATGAGGAT---
140078|IN_623|-RI,TTYTTGGATGGAATAGATAAGGCCCAAGARGAGCATGAGAAATACCACAATAATTGGAGAGCAATGGCTAGTGATTTTAACCTGCCACCTGTAGTAGCAAAAGAAATAGTAGCCAGCTGTGATAAATGTCAGCTAAAAGGAGAAGCYATGCATGGACAAGTAGATTGTAGTCCAGGAATATGGCAACTAGAYTGTACACATTTAGAAGGAAAGATTATCCTAGTGGCAGTTCATGTAGCCAGTGGCTATATAGAAGCAGAAGTTATTCCAGCAGAGACAGGGCAGGAAACAGCATACTTCCTCTTAAAATTAGCAGGAAGATGGCCAGTAAAAACAATACATACAGACAATGGCCCCAATTTTATCAGTGCTGCGGTTAAGGCCGCCTGTTGGTGGGCGGGAATCAAGCAGGAATTTAGCATTCCCTACAATCCCCAAAGTCACGGAGTAGTAGAATCCATGAATAAAGAATTAAAGAAAATTATAGGGCAGGTAAGAGATCAGGCTGAACATCTTAAGACAGCAGTACAAATGGCGGTATTCATTCACAATTTTAAAAGAAAAGGGGGGATTGGGGGGTACAGTGCAGGGGAAAGAATAATAGACATAATAGCATCAGACATACAAACTAAAGCACTACAAAAACACATTTCAAATATTCAAAATTTTCGGGTTTATTACAGGGACAGCAGAGATCCACTTTGGAAAGGACCAGCAAAGCTCCTCTGGAAAGGTGAAGGGGCAGTAGTAATACAAGAYAATAGTGAAATAAAAGTAGTGCCAAGAAGAAAAGCAAAGATCATTAGGGATTATGGAAAACAGATGGCAGGTGATGATTGTGTGGCAAGTAGACAGGATGAGGAT---
42504|SH1-W12|FJ538986-RI,TTTTTAGATGGAATAGATCAGGCCCAAGAAGACCATGAGAAATACCACAGTAATTGGAGAGCAATGGCTAGTGATTTTAACCTGCCCCCTATAGTAGCAAAAGAAATAGTAGCCAGCTGTGATAAATGTCAGCTAAAAGGAGAAGCCCTGCATGGACAAGTAGACTGTAGTCCAGGAATATGGCAGCTAGATTGTACACACTTAGAAGGAAAAGTTATCCTGGTAGCAGTTCATGTAGCCAGTGGATATATAGAAGCAGAAGTTATTCCAGCAGAGACAGGACAAGAAACAGCCTACTTTATCTTGAAATTAGCAGGAAGATGGCCAGTAAAAACAATACATACAGATAATGGCAGCAATTTCACCAGTGCTACAGTTAAGGCCGCCTGTTGGTGGGCAGGTGTCAAGCAGGAATTTAGCATTCCCTACAATCCCCAAAGTCACGGAGTAGTAGAATCTATGAATAAAGAATTAAAGAAAATTATAGGGCAGGTAAGAGATCAGGCTGAACATCTTAAGACAGCAGTACAAATGGCAGTATTCATTCACAATTTTAAAAGAAAAGGGGGGATTGGGGGGTACAGTGCAGGGGAAAGACTGATAGACATAATAGCAACAGACATACAAACTAAAGAATTACAAAAACAAATTACAAAACTTCAAAATTTTCGGGTTTATTACAGGGACAGCAGAGATCCACTTTGGAAAGGACCAGCAAAACTTCTCTGGAAAGGTGAAGGGGCAGTAGTAATACAAGATAATAGTGACATAAAAGTAGTGCCAAGAAGAAAAGCAAAGATCATTAGGGATTATGGAAAACAGATGGCAGGTGATGATTGTGTGGCAAGTAGACAGGATGAGGAT---
139879|IN_847|-RI,TTTTTAGATGGAATAGATARRGCCCAGGAAGAACATGAGAAATATCAYAATAATTGGAGAGCAATGGCTGATGATTTTAACATACCACCTGTAGTAGCAAAAGAAATAGTAGCCAGCTGTGATAAATGTCAGGTAAAAGGAGAAGCCATGCATGGACAAGTAGACTGTAGTCCAGGAATATGGCAACTAGATTGTACACACTTAGAAGGAAAAGTTATCCTGGTAGCAGTTCATGTAGCCAGTGGATACATRGAAGCAGAGGTTATTCCAGCAGAAACAGGGCAGGAAACAGCATACTTTCTCTTAAAATTAGCAGGAAGATGGCCAGTAAAAWCAATACAYACAGACAATGGCAGCAATTTCACCAGTKCTACAGTRAARGCCGCCTGTTGGTGGGCGGGGATCAAACAGGAATTTAGCATYCCYTACAATCCTCAAAGTCACGGAGTAGTAGAATCTATGAATAAAGAATTAAAGAAAATTATAGGACAAGTAAGAGATCAGGCTGAACATCTTAAGACAGCAGTACAAATGGCAGTATTCATTCACAATTTTAAGAGAAAAGGGGGGATTGGGGGATACAGTGCAGGGGAAAGAATAGTRGACATAATAGCAACAGACATACAAACTAAAGAACTACAAAAACAAATTACAAAAATTCAAAATTTTCGGGTTTATTACAGGGACAGCAGAGACCCACTTTGGAAAGGACCAGCAAAGCTACTCTGGAAAGGTGAAGGGGCAGTAGTAATACARGATAAYAGTGACATAAAAGTAGTGCCAAGAAGRAAAGCAAAGATYATTAGGGATTATGGAAAACAGATGGCAGGTGATGATTGTGTGGCARGTAGACAGGATGAGGAT---
139844|IN_1685|-RI,TTTTTAGATGGAATAGACAAGGCCCAAGAAGAACATGAGAAATATCACAATAATTGGAGAGCAATGGCTAGTGATTTTAACCTGCCGCCTATAGTAGCAAAAGAAATAGTAGCCAGCTGTGATAAATGCCAGCTAAAAGGAGAGGCCATGCATGGACAAGTAGACTGTAGTCCAGGAATATGGCAACTGGATTGTACACATCTAGAAGGAAAAGTTATCCTGGTAGCAGTTCATGTAGCCAGTGGATATATAGAAGCAGAAGTCATTCCAGCAGAGACAGGGCAGGAAACAGCATACTTCATCTTGAARTTAGCAGGAAGATGGCCAGTAAAAGTAATACATACAGACAATGGCAGCAATTTCACCAGTGCTACAGTAAAGGCTGCCTGTTGGTGGGCAGGGATTAAGCAAGAATTTAGCATTCCCTACAATCCCCAAAGTCACGGAGTAGTAGAATCTATGAATAAAGAATTAAAGAAAATTATAGGACAGGTAAGAGATCAGGCTGAACACCTTAAGACAGCAGTACAAATGGCAGTATTCATTCACAATTATAAAAGAAAAGGGGGGATTGGGGGGTACAGTGCAGGGGAAAGAATAGTAGACATAATAGCATCAGACATACAAACTAAAGAACTACAGAAACAAATTACAAAAATTCAAAATTTTCGGGTTTATTACAGGGACAGCAGAGATCCACTTTGGAAAGGACCAGCAAAGCTTCTCTGGAAAGGTGAAGGGGCAGTAGTAATACAAGATAATAGTGACATAAAAGTAGTGCCAAGAAGAAAAGCAAAGATCCTTAGACATTATGGAAAACAGATGGCAGGTGATGATTGTGTGGCAAGTAGACAGGATGAGGAT---
140193|IN_1418|-RI,TTTTTAGATGGAATAGACAAGGCCCAAGATGAACATGAGAAATATCACAGTAATTGGAGAGCAATGGCTAGTGATTTTAACCTGCCACCTRTRGTAGCAAAAGAAATAGTAGCCAGCTGTGATAAATGTCAGCTAAAAGGAGAAGCCACACATGGACAAGTAGACTGTAGTCCAGGAATATGGCAGCTAGATTGTACACATTTAGAAGGAAAAGTTATCCTGGTAGCAGTTCATGTAGCCAGTGGATATATAGAAGCAGAAGTTATTCCAGCAGAAACGGGRCAAGAAACAGCATACTTTCTCTTAAAATTAGCAGGAAGATGGCCAGTAAAGACAGTACAYACAGAYAATGGCAGTAATTTCACYAGTGCTGCGGTTAAGGCCGCCTGTTGGTGGGCGGGRATCAAGCAGGAATTTAGCATTCCCTACAATCCCCAAAGTCACGGAGTAATAGAATCTATGAATAAAGAATTAAAAAAGATTATAGGACAGGTAAGAGATCAGGCTGAACATCTTAAGACAGCAGTACAAATGGCAGTRTTCATCCACAATTTTAAGAGAAAAGGGGGGATTGGGGGGTACAGTGCAGGGGAAAGAATAGTGGACATAATAGCAACAGACATACAAACTAAAGAATTACAAAAAAATATTACAAAGATTCAAAATTTTCGGGTTTATTACAGGGACAGCAGAGAYCCACTTTGGAAAGGACCAGCAAAGCTTCTCTGGAAAGGTGAAGGGGCAGTAGTAATACAGGATAATAGTGACATAAAAGTAGTGCCAAGAAGAAAAGCAAAGATCATTAGGGATTATGGAAAACAGATGGCAGGTGATGATTGTGTGGCAAGTAGACAGGATGAGGAT---
140333|IN_2865|-RI,TTTCTAGATGGAATAGATAAGGCCCAAGAAGAACATGAAAAATATCACAGTAATTGGAGAGCRATGGCTAGTGATTTTAACCTGCCMCCTRTAGTRGCAAAAGAAATAGTAGCCAGCTGTGATAAATGTCAGCTAAAAGGAGAAGCCATACATGGACAAGTAGACTGTAGTCCAGGAATATGGCAACTAGATTGTACACATTTAGAAGGAAAAATTATCCTGGTAGCAGTTCATGTGGCCAGTGGRTAYATAGAAGCAGAAGTTATTCCAGCAGARACAGGGCAGGAAACAGCATACTTTATCTTAAAATTAGCAGGAAGATGGCCAGTRAAAACAATWCATACAGACAATGGCAGCAATTTCACCAGCRCGGTGGTTAAGGCCGCCTGTTGGTGGGCAGGGATCAAGCAGRAATTTGGCATTCCCTACAATCCCCAAAGTCRAGGAGTARTAGAATCAATGMATAAAGAATTAAAGAAAATTATARAACAGGTCAGAGATCAAGCTGAACATCTTAAGACAGCAGTACAAATGGCAGTACTWGTCCACAATTTTAAAAGAAAAGGGGGGATTGGGGGGTACAGTGCAGGGGAAAGAATAATAGACATAATAGCAACAGACATCCAAACTAAAGAATTACAAAAACAAATTTCAAAAATGCAAAACTTTCGGGTTTATTWCAGGGACAGCAGARATCCACTTTGGAAAGGACCAGCAAAGCTTCTCTGGAAAGGTGAAGGGGCAGTAGTAATACAGGATAATAGTGAAATAAARGTAGTRCCAAGGAGAAAAGCAAAGATCATTAGGGATTATGGAAAACAGATGGCAGGTGATGATTGTGTGGCAAGTAGACAGGATGAGGAT---
140259|IN_2850|-RI,TTTTTAGATGGAATAGATAAGGCCCAAGAAGAACATGAGAAATATCACARTAATTGGAGAGCAATGGCTAGTGATTTYAACCTACCACCAGTAGTAGCAAAAGAGATAGTAGCCAGCTGTGATAAATGTCAGCTAAAAGGAGAACCCATACATGGACAAGTAGACTGTAGTCCAGGAATATGGCAATTAGATTGTACACATTTAGAAGGAAAARTWATCCTGGTAGCAGTTCATGTAGCCAGTGGGTATATAGAAGCAGAAGTCATTCCAGCASAGACAGGGCAGGAAACAGCATACTTCATCTTAAAATTAGCAGGAAGATGGCCAGTAAAARCAATACATACAGACAATGGCAGCAATTTCACCAGTGCAACGGTTAAGGCCGCCTGCTGGTGGGCGGGGATCAAGCAGRAATTTGGCATTCCCTRCAATCCCCAAAGTCAAGGAGTARTAGAATCTATGCATAATGAATTAAAGAAAATTATAGGACAGRTAAGAGRGCAGGCTGAACATCTCAAGACAGCAGTTCAAATGGCAGTATTCATCCACAATTTTAAAAGAAAAGGGGGGATTGGGGGATACAGTGCAGGGGAAAGAATARTAGACATAATAGCAACAGACATACAAACTAAAGAATTACAAAAACAAATTACAAAAATTCAAAATTTTCGGGTTTATTACAGRGACMGCAGAGATCCACTTTGGAAAGGACCAGCAAAGCTCCTCTGGAAAGGTGAAGGGGCRGTAGTAATACARGATAATAGTGACATAAAAGTAGTGCCAAGRAGAAAAGCAAAGATCATTAGGGATTATGGAAAACAGATGGCAGGTGATGATTGTGTGGCAAGTAGACAGGATGAGGAT---
140267|IN_1309|-RI,TTTTTAGATGGAATAGATAGGGCCCAAGAAGAACATGAAAAATATCACAATAATTGGAGAGCAATGGCTAGTGACTTTAACCTGCCACCTGTAGTAGCAAAAGAAATAGTAGCCAGCTGTGATAAATGTCAGTTAAAAGGAGAAGCCATGCATGGACAAGTGGACTGTAGTCCAGGAATATGGCAAYTAGATTGTACACACTTAGAAGGAAAAGTTATCCTGGTAGCAGTTCATGTAGCCAGTGGATATATAGAAGCAGAAGTTATTCCAGCAGAGACAGGGCAGGAAACAGCATACTTTATCTTAAAACTAGCAGGAAGATGGCCAGTAAAAACAATACATACAGACAATGGCAGCAATTTCACCAGTRCYGTGGTTAAGGCCGCCTGTTGGTGGGCAGGGATCAAGCAGGAATTTAGCATTCCCTACAATCCCCAAAGTCATGGAGTAGTAGAATCTATGAATAAAGAATTAAAGAAAATTATAGGACAGGTAAGAGATCAGGCTGAACATCTTAAGACAGCAGTACAAATGGCAGTATTCATCCACAATTTTAAAAGAAAAGGGGGGATTGGGGGGTACAGTGCAGGGGAAAGAATAGTAGACATAATAGCAACAGACATACAAACTAAAGAATTACAAAAACAAATTACAAAACTTCAAAATTTTCAGGTCTATTACAGGGACAGCAGAGATCCAATTTGGAAAGGACCGGCAAAGCTTCTCTGGAAAGGTGAAGGAGCAGTGGTCATACAAGATAATAGTGACATAAAARTAGTGCCAAGAAGAAAAGCAAAGATYATTAGGAATTATGGAAAACAGATGGCAGGTGATGATTGTGTGGCAGGTAGACAGGATGAGGAT---
139970|IN_880|-RI,TTTTTAGATGGAATAGATAAAGCTCAAGAAGAGCATGAAAAATATCACAATAATTGGAGAGCAATGGCTAGTGATTTTAACCTGCCACCTGTAGTGGCAAGAGAAATAGTAGCCAGCTGTGATAAATGTCAGCTAAAAGGAGAAGCCATGCATGGACAAGTAGACTGTAGTCCAGGAATATGGCAACTAGACTGTACACATTTAGAAGGMAAAATCATCCTGGTAGCAGTTCATGTAGCCAGTGGCTATATAGAAGCAGAAGTTATTCCAGCAGAAACAGGGCAGGAAACAGCATACTTCCTCTTAAAATTAGCAGGAAGATGGCCAGTAAAAACAATACATACAGACAATGGCAGCAATTTCACCAGTAGGGCAGTCAAGGCTGCATGTTGGTGGGCAGGGATCAAGCAGGAATTTAGCATTCCCCACAATCCTCAAAGTCACGGAGTAGTAGAATCTATGAATAAAGAATTAAAGAAAATTATAGGACAGGTAAGAGATCAGGCTGAACATCTTAAGACAGCAGTACAAATGGCAGTGTTCATCCACAATTTTAAAAGAAAAGGGGGGATTGGGGGATACAGTGCAGGGGAAAGAATAATAGACATAATAGCAACAGACATACAAACTAAAGAACTACAAAAACAAATTACAAAAATTCAAAATTTTCGGGTTTATTACAGGGACAACAGAGATCCACTTTGGAAAGGACCAGCAAAGCTCCTCTGGAAAGGTGAAGGGGCAGTAGTAATACAAGATAATAGTGACATAAAAGTAGTGCCAAGRAGAAAAGCAAAAATCATTAGGGATTATGGAAAACAGATGGCAGGTGATGATTGTGTGGCAAGTAGACAGGATGAGGAT---
140051|IN_3116|-RI,TTCTTAGATGGAATAGAYAARGCCCAGGAAGAACATGAGAAATATCACAGTAATTGGAGAGCAATGGCTARTGATTTTAACCTGCCACCTATAGTGGCAAAAGAAATAGTAGCTAGCTGTGATAAATGTCAGCTAAAAGGAGAAGCCATACATGGACAGGTAGACTGTAGTCCAGGGATATGGCAACTAGATTGTACACATTTAGAAGGAAAAATAATCCTGGTAGCAGTACATGTAGCCAGTGGATACATAGAAGCAGAAGTCATTCCAGCRGAAACAGGGCAGGAAACAGCATACTTCCTCCTAAAATTAGCAGGAAGATGGCCAGTAAAAAYCATACATACAGACAATGGCAGCAATTTCACCAGTACAACAGTTAAGGCCGCCTGTTGGTGGGCGGGGATCAAGCAGAAGTTTAGCATTCCCTACAATCCYCAAAGTCAYGGAGTAGTAGAATCAATGAATAAAGAACTAAAGAAAATTATAGGACAGGTAAGAGATCAGGCAGAACATCTTAAAACAGCAGTACAAATGGCAGTATTCATTCACAATTTTAARAGAAGAGGGGGGATTGGGGGGTACAGTGCAGGGGAAAGAATAATAGACATAATAGCATCAGACWTACAGACTAAAGAATTACAAAGCCAAATTACAAAAATTCAAAATTTTCGGGTTTATTACAGGGACGGCAGAGATCCACTTTGGAAAGGCCCAGCAAAGCTACTCTGGAAAGGTGAAGGGGCAGTAGTAATACAAGATAATAGTGACATAAAAGTAGTGCCAAGAAGAAGAGCAAAGATCATTAGGGATTATGGAAAACAGATGGCAGGTGATGATTGTGTGGCAAGTAGACAGGATGAGGAT---
140316|IN_826|-RI,TTCTTAGATGGAATAGATAAGGCTCAAGAAGAGCATGAAAAATATCACAATAATTGGAGAGCAATGGCTAGTGATTTTAACCTGCCCCCTGTAGTAGCRAAAGAAATAGTAGCCTGCTGTGATAAATGYCARCTAAAAGGAGAAGCCATGCATGGACAAGTAGACTGTAGTCCAGGAATATGGCAACTAGATTGYACTCATTTAGAAGGAAAAATTATCCTGGTAGCAGTTCATGTAGCCAGTGGATATATAGAAGCAGAAGTCATTCCTGCAGAGACAGGACAGGAGACAGCATACTTTATCTTAAAATTAGCAGGAAGATGGCCAGTAAAAACAATACATACAGACAATGGYAGYAATTTCACCAGTGCTACTGTTAAGGCCGCCTGTTGGTGGGCGGGGATCAAGCAAGAATTTAGCATTCCCTACAATCCCCAAAGTCACGGAGTAGTGGAATCTATGAATAAAGAATTAAAGCAAATTATAGGACAAGTAAGAGAACAGGCTGAACATCTTAAAACAGCAGTACAAATGGCAGTATTCATCCACAATTTTAAAAGAAAAGGGGGGATTGGGGGGTACAGTGCAGGGGAAAGAATAATAGACATAATAGCAACAGACATACAAACTAAAGAACTACAAAAACAAATTACAAAAATTCAAAATTTTCGGGTTTATTACAGGGACAGCAGAGAYCCCCTTTGGAAAGGACCAGCGAARCTTCTYTGGARAGGTGAAGGGGCAGTAGTAATACAAGATAATAGTGACATAAAAGTAGTGCCCAGAAGAAAAGCAAAAATCATTAGGGATTATGGAAAACAGATGGCAGGTGATGATTGTGTGGCAGGTAGACAGGATGAGGAT---
139398|BRSP328|-RI,------------------------------------------------AATAATTGGAGAGCAATGGCTGCTGATTTTAACATACCACCTGTGGTAGCAAAAGAAATAGTAGCCAGCTGTGATAAATGTCAGCTAAAAGGAGAAGCCATGCATGGACAAGTAGACTGTAGTCCAGGAATATGGCAGCTAGATTGTACACACTTAGAAGGGAAAATTATTCTGGTAGCAGTTCAYGTAGCCAGTGGATATATAGAAGCAGAAGTTATTCCAGCAGAGACAGGGCAAGAAACAGCATACTTTATCTTAAAATTAGCAGGAAGATGGCCAGTAAAATCAATACATACAGACAATGGCCCCAATTTCACCAGTACTACAGTTAAAGCCGCCTGTTGGTGGGCGGGAATCAAACAGGAATTTAGCATTCCCCACAATCCCCAAAGTCACGGAGTAGTAGAATCTATGAATAGTGAATTAAAGAAGATTATAGGACAAGTAAGAGATCAGGCTGAGCATCTTAARACAGCAGTACAAATGGCAGTATTCATTCACAATTTTAAAAGAAAAGGGGGGATTGGGGGGTACAGTGCAGGGGAAAGAATARTAGACATAATAGCAACAGACATACAAACTAAAGAATTACAAAAACAAATTACAAAAATTCAAAATTTTCGGGTTTATTACAGGGACAGCAGAAATCCACTTTGGAAAGGACCAGCAAAGCTCCTCTGGAAAGGTGAAGGGGCGGTAGTAATACAAGATAATAGTGACATAAAAGTAGTGCCAAGAAGAAAAGCAAAAATYATTAGGGATTATGGAAAACAGATGGCAGGTGATGATTGTGTGGCAAGTAGACAGGATGAGGAT---
139412|BRSP67|-RI,TTTTTAGATGGAATAGATAAGGCCCAAGAAGAACATGAGAAATATCACAATAATTGGAAAGCAATGGCTAGTGATTTTAACCTGCCACCTATAGTAGCAAAAGAAATAGTAGCCCGCTGTGATAAATGTCAGGTAAAAGGAGAAGCCATGCATGGACAAGTAGACTGTAGCCCAGGAATATGGCAGATAGATTGTACACACTTAGAAGGAAAARTTATCCTGGTAGCAGTTCATGTAGCCAGTGGATATATAGAAGCAGAAGTTATTCCAGCAGAAACAGGGCAAGAAACAGCATACTTTATCCTAAAATTAGCAGGAAGGTGGCCAGTAAAAATGATACATACAGACAATGGCAGCAACTTCACCAGTGCTACAGTTAAAGCCGCCTGTTGGTGGGCGGGRATCAAGCAGGAATATAGCATTCCCTACAATCCCCAAAGTCACGGAGTAGTAGAATCTATGAACAAAGAATTAAAGAAAATTATAGGACAGGTAAGAGACCAGGCTGAACATCTTAAGACAGCAGTACAAATGGCAGTACTCATYCACAATTTTAAAAGAAAAGGGGGGATTGGRGGGTACAGTGCAGGGGAAAGAATAATAGACATAATAGCAACAGACATACAAACTAAAGAATTACARAAACAAATTACAAAAATTCAAAATTTTCGGGTCTATTACAGGGACAGCAGAGATCCACTTTGGAAAGGACCAGCAAAGCTCCTCTGGAAAGGTGAAGGGGCAGTAGTAATACAAGATAATAGTGACATAAAAGTAGTGCCAAGAAGAAAAGCAAAAATCATTAGGGATTATGGAAAACAGATGGCAGGTGATGATTGTGTGGCAAGTAGACAGGATGAGGAT---
70363|5_M3|GU358393-RI,TTTTTAGATGGAATAGATAAGGCCCAAGAAGACCATGATAAATATCATAGTAATTGGAGAGCAATGGCTAGTGATTTTAACCTGCCACCGATAGTAGCAAAAGAAATAGTAGCCAGCTGTGATAAATGTCAGCTAAAAGGAGAAGCAATACATGGACAAGTAGATTGTGGTCCAGGAATATGGCAGCTAGATTGTACACATCTAGAAGGAAAAATTATCCTGGTAGCAGTTCATGTAGCCAGTGGATACATAGAAGCAGAAGTCATTCCAGCAGAAACAGGGCAAGAAACAGCATACTTTCTCCTAAAATTAGCAGGAAGATGGCCAGTAAAAACAATACATACAGACAATGGCCCCAATTTCATCAGTGCTACAGTTAAGGCCGCCTGTTGGTGGGCAGGGATTAAGCAGGAATTTAGTATTCCCTACAATCCCCAAAGTCACGGAGTAGTAGAATCTATGAATAAAGAATTAAAGAAAATTATAGGACAAGTAAGAGATCAGGCGGAACATCTTAAGACAGCAGTACAAATGGCAGTATTCATTCACAATTTTAAAAGAAAAGGGGGGATTGGGGGATACAGTGCAGGGGAAAGAATAGTAGACATAATAGCATCAGACATACAAACTAAAGAACTACAAAAACAAATTACAAAAATTCAAAATTTTCGGGTTTATTACAGGGACAGCAGAGATCCACTTTGGAAAGGACCAGCAAAGCTTCTCTGGAAAGGTGAAGGGGCAGTAGTGATACAAGATAATAATGAAATAAAAGTAGTACCAAGAAGAAAAGCAAAGATCATTAGGGATTATGGAAAACAGATGGCAGGTGATGATTGTGTGGCAGGTAGACAGGATGAGGAT---
57909|pt3w24|EU908758-RI,TTTTTAGATGGAATAGATAAAGCCCAAGAAGAGCATGAGAAATATCACAGTAATTGGAGAGCAATGGCCAGTGATTTTAACCTGCCACCTATAGTAGCAAAAGAAATAGTAGCCAGCTGTGATAAATGTCAGCTAAAAGGAGAAGCCATGCATGGACAAATAGACTGTAGTCCAGGAATATGGCAATTAGATTGTACCCATTTAGAAGGAAAAATTATCCTGGTAGCAGTTCATGTAGCCAGTGGATATATAGAAGCAGAAGTTATTCCAGCAGAAACAGGGCAGGAAACAGCATACTTCCTTTTAAAGCTAGCAGGAAGATGGCCAGTAAAAACAGTACATACAGACAATGGCAGCAACTTTACCAGCGCTGCAGTTAAGGCCGCCTGTTGGTGGGCAGGAATCAAGCAGGAATTTAGCATTCCCTACAATCCCCAAAGTCACGGAGTAGTAGAATCTATGAATAAAGAATTAAAGAAAATTATAGGACAAGTAAGAGATCAGGCAGAACATCTTAAGACAGCAGTACAAATGGCAGTATTCATTCACAATTTTAAAAGAAAAGGGGGGATTGGGGGATACAGTGCAGGGGAAAGAATAATAGACATAATAGCAACAGACATACAAACTAAAGAGTTACAAAACCAAATTACAAAAATTCAAAATTTTCGGGTTTATTACAGGGACAGCAGAGATCCACTTTGGAAAGGACCAGCAAAGCTCCTCTGGAAAGGTGAAGGGGCAGTAGTAATACAAGATAATAGTGACATAAAAGTAGTGCCAAGAAGAAAAGCAAAG---------------------------------------------------------------------
140166|IN_1784|-RI,TTTTTAGATGGAATARATAAGGCCCAAGAAGAGCATGAAAAATATCACAATAATTGGAGAGCAATGGCTAGTGATTTTAAYYTGCCACCTATAGTAGCAAAAGARATAGTAGCCAGCTGTGATAAATGTCAGCTAAAAGGAGAAGCCATACATGGACAAGTAGACTGTAGTCCAGGAATATGGCAGMTAGATTGTACACATTTAGAAGGAAAAATTATCCTGGTAGCAGTTCATGTAGCCAGTGGATATATAGAAGCAGAAGTTATTCCAGCAGAAACAGGGCAAGAAACAGCATACTTTATCTTAAAAYTAGCAGGGAGATGGCCAGTAAAARTRATACATACAGACAATGGCAGCAATTTCACCAGCRCTACAGTCAAGGCCGCCTGTTGGTGGGCGGGRATCRAGCAGRMATWTAGCATTCCCTACAAYCCCCAAAGTCACGGAGTAGTAGAATCTATGAATAAAGAATTAAARAARATTATAGGACAGGTAAGAGATCAGGCTGAACATCTTAAGACAGCAGTACAAATGGCAGTATTCATCCACAATTTTAAAAGAAAAGGGGGGATTGGGGGRTACAGTGCAGGGGAAAGAATARTAGACATAATAGCAACAGACATACAAACTAAAGAATTACAAAARCAAATYACAAAAATTCAAAATTTTCGGGTTTATTACAGGGACAGCAGAGATCCACTTTGGAAAGGACCAGCAAAGCTCCTCTGGAAAGGTGAAGGGGCAGTAGTAATACAAGATCAGAGTGACATAAAAGTAGTGCCAAGAAGAAAAGCAAAAATCATTAGGGATTATGGAAAACAGATGGCAGGTGATGATTGTGTGGCAAGTAGACAGGATGAGGAT---
140234|IN_1144|-RI,TTTTTRGATGGAATAGATAAAGCCCAAGAAGAACATGARAAATATCACAATAATTGGAGAGCAATGGCTAGTGATTTTAACATACCACCTGTAGTAGCAAAAGAAATAGTAGCCAGCTGTGACAAATGTCAGTTAAAAGGAGAAGCCATGCATGGACAAGTAGACTGTAGTCCAGGAATATGGCAATTAGATTGTACACATTTAGAAGGAAAAGTYATTCTAGTAGCAGTCCATGTAGCCAGTGGATATATAGAAGCAGAAGTYATTCCAGCAGAAACAGGRCAGGAAACAGCATACTTYCTYTTAAAAYTAGCAGGAAGATGGCCAGTAAAAAYARTACAYACAGACAATGGCAGCAATTTCACCAGTGCAGCAATGAAGGCCGCCTGTTGGTGGGCGGGGATCAAGCAGGAATTTAGCGTTCCCTACAATCCCCAAAGTCACGGGGTAGTAGAATCTATGAATAAAGAATTAAAGAAAATTATAGGGCAGGTAAGAGATCAGGCTGAACATCTTAAGACAGCAGTACARATGGCAGTATTCATTCACAATTTTAAAAGAAAAGGGGGGATTGGGGGRTACAGTGCAGGGGAAAGAATAGTAGACATAATAGCAACAGACATACAAACTAAAGAACTACAAAAACAAATTACAAAAATTCAAAATTTTCGGGTTTATTACAGGGACAGCAGAGATCCACTTTGGAAAGGACCAGCAAAGCTCCTCTGGAAAGGTGAAGGGGCAGTAGTYATACAAGATAATAGTGACATAAAAGTAGTGCCAAGAAGAAAAGCAAARATCATTAGGGATTATGGAAAACAGATGGCAGGTGATGATTGTGTGGCAAGTGGACAGGATGAGGAT---
140261|IN_992|-RI,TTTTTAGATGGAATAGATAAGGCCCAAGAGGAGCATGAGAAATATCACAATAATTGGAGAGCTATGGCTAGTGATTTTAACCTGCCACCTGTAGTAGCAAAAGAAATAGTGGCCAGCTGTGATAAATGTCAGCTAAAAGGAGAAGCTATGCATGGACAAGTAGATTGTAGTCCAGGAATATGGCAACTAGATTGTACACATTTAGAAGGAAAAATTATCCTGGTAGCAGTTCATGTAGCCAGTGGATATATAGAAGCAGAAGTTATTCCAGCAGAAACAGGACAGGAAACAGCATACTTTATCTTAAAATTAGCAGGAAGATGGCCAGTAAAAACAATACATACAGACAATGGAGGCAATTTCATTAGTGCTGCGGTTAAGGCCGCCTGTTGGTGGGCAGGAATCAAGCAGGAATTTAGCATTCCCTACAATCCTCAAAGTCACGGAGTAGTAGAATCCATGAATAAGGAATTAAAGAAAATTATAGGACAGGTAAGAGATCAGGCTGAACATCTTAAGACAGCAGTACAAATGGCAGTATTCATCCACAATTTTAAAAGAAAAGGGGGGATTGGGGGATACAGTGCAGGGGAAAGAATAGTAGACATAATAGCAACAGACATACAAACTCAAGAACTACAAAAACAAATTACAAAAATTCAAAATTTTCGGGTTTATTACAGRGACAGCAGAGATCCACTTTGGAAAGGACCAGCAAAGCTTCTCTGGAAAGGTGAAGGGGCAGTAGTAATACAAGATAATAGTGAAATAAAAGTAGTGCCAAGAAGAAAAGCAAAGATCATTAGAGATTATGGAAAACAGATGGCAGGTRATGATTGTGTGGCAAGTAGACAGGATGAGGAT---
140264|IN_2253|-RI,TTTTTAGATGGAATAGATAAGGCCCAAGAAGACCATGAGAAATATCAYAGTAATTGGAGAACAATGGCYAGTGATTTTAACCTGCCACCTATAGTAGCAAAAGAAATAGTAGCCAGCTGTGATAAATGTCAGGTAAAAGGAGAAGCCATGCATGGGCAAGTAGACTGTAGTCCAGGGATATGGCAACTAGATTGTACACACTTAGAAGGAAAAATTATCCTGGTAGCAGTCCATGTAGCCAGTGGATATATAGAAGCAGAAGTTATACCAGCAGAGACAGGACAGGAAACAGCATACTTTATCTTAAAATTAGCAGGAAGATGGCCAGTAACAACAGTACATACAGACAATGGCAGCAACTTCACCAGCACWGCGGTTAAGGCCGCCTGTTGGTGGGCAGGGATCAAGCAGAAATTTGCCATTCCCTACAATCCCCAAAGTAAAGGAGTAGTAGAATCTATGAATAAAGAATTAAAGAAAATTATAACACAGGTAAGAGATCAGGCTGAACATCTTAAGACAGCAGTACAAATGGCAGTATTCATCCACAATTTTAAAAGAAAAGGGGGGATTGGGGGATACAGTGCAGGGGAAAGAATAGTAGACATGATAGCAACAGACATACAAACTAAAGAACTACAAAAACAAATTTCAAMAATTCAAAATTTTCGGGTTTATTACAGGGACAGCAGAGAYCCACTTTGGAAAGGACCAGCAAAGCTTCTCTGGAAAGGTGAAGGGGCAGTAGTAATACAAGAAAATAGTGAAATAAAAGTAGTGCCAAGAAGAAAAGCAAAGATCATTAGGGATTATGGAAAACAGATGGCAGGTGATGGTTGTGTGGCAAGTAGACAGGATGAGGAT---
140015|IN_1850|-RI,TTCTTAGATGGAATAGAGAAGGCCCAAGATGAACATGAGAAATATCACAATAATTGGAGAGCAATGGCTAGTGATTTTAACCTGCCACCTATAGTAGCAAAAGAAATAGTAGCCAGTTGTGATAAATGTCAGCTAAAAGGAGAAGCCATGCATGGACAAGTAGACTGTAGTCCAGGAATATGGCAATTAGATTGTACACACTTAGAAGGAAAAATTATCCTGGTAGCAGTTCATGTAGCCAGTGGATATATAGAAGCAGAAGTTATCCCAGCAGAAACAGGGCAGGAAACAGCATACTTTATCTTAAAATTAGCTGGAAGATGGCCAGTAAAAACAATACATACAGATAATGGTAGCAATTTCACCAGTGCCACGGTTAAGGCCGCCTGTTGGTGGGCAGGGATCCAGCAGGAATTTAGTATTCCCTACAATCCTCAAAGTCACGGAGTAGTAGAATCTATGAATAAAGAATTAAAGAAAATTATAGGACAGGTAAGAGATCAGGCTGAACATCTTAAGACAGCAGTACAAATGGCAGTATTCATTCACAATTTTAAAAGAAAAGGGGGGATTGGGGGATACAGTGCAGGGGAAAGAATAGTAGACATAATAGCATCAGAYATACAAACTAAAGAACTACAAAAGCAAATTACAAAAATTCAAAATTTTCGGGTTTATTACAGAGACAGCAGAGATCCACTTTGGAAAGGACCAGCAAAGCTTCTCTGGAAAGGTGAAGGGGCAGTAGTAATACAAGATAATAACGAAATAAAAGTAGTACCAAGAAGAAAAGCAAAGATCATTAGGGATTATGGAAAACAGATGGCAGGTGATGATTGTGTGGCAAGTAGACAGGATGAGGAT---
139979|IN_2513|-RI,TTTTTAGATGGAATAGATAAAGCCCAAGAAGAACATGAGAAATATCACAATAATTGGAGAGCAATGGCTAGTGATTTTAACCTGCCACCTGTGGTAGCAAAAGAGATAGTAGCCAGCTGTGATAAATGTCAGCTGAAAGGAGAAGCCATGCATGGACAAGTAGACTGTAGTCCAGGAATATGGCAAYTAGATTGTACACATTTAGAAGGGAAAATTATCCTGGTAGCAGTTCATGTAGCCAGTGGATATATAGAAGCAGAAGTAATTCCAGCAGAAACAGGGCAGGAAACAGCATACTTTCTCTTAAAATTAGCAGGAAGATGGCCAGTAAAAACAATACATACAGACAATGGCAGCAATTTCACCAGTAATGCGGTTARGGCCGCCTGTTGGTGGGCAGGAATCAAGCAGAAATTCAGCATTCCCTACAATCCCCAGAGTCACGGAGTAGTAGAATCTATAAATAAAGAATTAAAGAAAATTATAGGACAGATAAGAGATCAGGCTGAGCATCTTAAGACAGCAGTACAAATGGCAGTATTCATCCACAATTTTAAGAGAAAAGGGGGGATTGGGGGGTACAGTGCAGGGGAAAGAATAGTAGACATMATAGCAACAGACATACAAACTAAAGAACTACAAAARCAAATTACAAAAATTCAAAATTTTCGGGTTTATTACAGGGACAGCAGAGATCCTCTTTGGAAAGGACCAGCAAAGCTCCTCTGGAAAGGTGAAGGGGCAGTAGTAATACAAGATAATAGTGACATAAAAGTAGTGCCAAGAAGAAAAGCAAAGATCATTAGGGATTATGGAAAACAGATGGCAGGTGATGATTGTGTGGCAAGTAGACAGGATGAGGAT---
57933|H-SH2-W22|FJ538994-RI,TTTTTAGATGGAATAGATAAAGCCCAAGAAGAACATGAGAAATATCACAATAATTGGAAAGCAATGGCTAGTGATTTTAACATACCACCTGTGGTAGCAAAAGAAATAGTAGCCTGCTGTGATAAATGTCAGCTAAAAGGAGAAGCCATGCATGGACAAGTAGACTGTAGTCCAGGAATATGGCAACTAGATTGTACACATTTAGAAAGAAAAATTATCCTGGTAGCAGTTCATGTAGCCAGTGGATATATAGAAGCAGAAGTAATTCCAGCAGAGACAGGGCAGGAAACAGCATACTTTCTTTTAAAATTAGCAGGAAGATGGCCAGTAAAAACAATACATACAGACAATGGAAGTAATTTCACCAGTGCTGCGGTTAAGGCCGCCTGTTGGTGGGCGGGGATCAAGCAGGAATTTAGCATTCCCTACAATCCCCAAAGCCACGGAGTAGTAGAATCTATGAATAAAGAATTAAAGAAAATTATAAGACAGGTAAGAGATCAGGCTGAACATCTTAAAACAGCAGTACAAATGGCAGTATTCATTCATAATTTTAAAAGAAAAGGGGGGATTGGGGGGTACAGTGCAGGGGAAAGAATAATAGACATAATAGCAACAGACCTACAAACTAAAGAACTACAAAAACAAATTACAAAAATTCAAAATTTTCGGGTTTATTACAGGGACAGCAGAGATCCACTTTGGAAAGGACCAGCAAAGCTTCTCTGGAAAGGTGAAGGGGCAGTAGTAATACAAGATAATAGTGACATAAAAGTAGTGCCAAGAAGAAAAGCAAAGATCATTAGGGATTATGGAAAACAGATGGCAGGTGATGATTGTGTGGCAAGTAGACAGGATGAGGAT---
139916|IN_511|-RI,TTTTTAGATGGAATAGATAAGGCACAAGAAGAACATGAGAGATATCACAATAATTGGAGAGCRATGGCTAGTGATTTTAACCTGCCACCTGTGGTAGCAAAAGAAATAGTAGCCAGCTGTGATAAATGTCAGCTAAAAGGAGAAGCCACRCATGGACAAGTAGACTGTAGTCCAGGAATATGGCAAYTAGATTGTACACATTTAGAAGGAAAAGTTATCCTGGTAGCAGTYCATGTAGCCAGTGGATATATAGAAGCAGAAGTTATTCCAGCAGAAACAGGACAGGAAACAGCATAYTTCCTCCTAAAATTAGCAGGAAGATGGCCAGTAAAAACAATACATACAGACAATGGCAGCAATTTCACCAGTGCTACGGTTAAGGCCGCCTGTTGGTGGGCGGGGATCAAGCAGGARTTTGGYATTCCCTACAATCCCCAAAGTCRAGGAGTAGTAGAATCTATGMATAATGAATTAAAGAAAATTATAGGGCAGGTAAGAGATCAGGCWGAACATCTTAAGACAGCAGTACAAATGGCAGTATTCATCCACAATTTTAAAAGAAAAGGGGGGATTGGGGGGTACAGTGCAGGGGAAAGAATAATAGACATAATAGCAACAGACATACAAACCAAAGAACTACAAAAACAAATTACAAAAATTCAAAATTTTCGGGTTTATTACAGGGACAGCAGAGATCCAYTTTGGAAAGGACCAGCAAAGCTTCTCTGGAAAGGTGAAGGGGCAGTAGTWATACAAGATAATAGTGAAATAAAAGTAGTRCCAAGAAGAAAAGCAAAAATCATTAGGGATTATGGAAAACAGATGGCAGGTGATGATTGTGTGGCAAGTAGACAGGATGAGGAT---
140110|IN_196|-RI,TTTTTAGATGGAATAGATAAAGCCCAAGAAGAACATGAGAAATATCACAACAATTGGAGAGCAATGGCTAGTGATTTTAACCTGCCACCTGTGGTAGCAAAAGAAATAGTAGCCAGCTGTGATAAATGTCAGCTAAAAGGAGAAGCCATGCATGGACAAGTAGACTGTAGTCCAGGAATATGGCAACTAGATTGCACACATTTAGAAGGAAAAATTATTCTGGTAGCAGTCCATGTAGCCAGTGGATATATAGAAGCAGAAGTTATTCCAGCAGAAACAGGGCAGGAAACAGCATATTTTATATTAAAATTAGCAGGAAGATGGCCAGTAAAAACAATACATACAGACAATGGTAGCAATTTCACCAGTGCYACAGTTAAGGCCGCCTGTTGGTGGGCAGGGATCAAACAGGAATTTAGCATTCCCTACAATCCCCAAAGTCACGGAGTAGTAGAATCTATGAACAAGGAATTAAAGAAAATTATAGGACAGGTAAGAGATCAGGCTGAACATCTTAGGACAGCACTGCAAATGGCAGTATTCATCCACAATTTTAAAAGAAAAGGGGGGATTGGGGGGTACAGTGCAGGGGAAAGAATAGTAGACATAATAGCAACAGACATACAAACTAAAGAATTACAAAAACAAATTACAAAAATTCAAAATTTTCGGGTTTATTACAGGGACAGCAGAGATCCACTTTGGAAAGGACCAGCAAAGCTCCTCTGGAAAGGTGAAGGGGCAGTAGTAATACAAGATAATAGTGACATAAAAGTAGTGCCAAGAAGAAAAGCAAAGATCATTAGGGATTATGGAAAACAGATGGCAGGTGATGATTGTGTGGCAAGTAGACAGGATGAGGAT---
139461|BRSP239|-RI,TTTTTAGATGGAATAGACAAGGCCCAAGAAGAACATGAGAGATATCACAGTAATTGGAGAGCAATGGCTAGTGATTTTAACCTGCCACCTGTAGTAGCAAAAGAAATAGTAGCAAGCTGTGATAAATGTCAACTAAAAGGAGAAGCCATGCATGGACAAGTAGACTGTAGTCCAGGAATATGGCAGCTAGATTGTACACACTTAGAAGGAAAAATTATCATAATGGCAGTGCATATAGCCAGTGGATATATAGAAGCAGAAGTTATTCCAGCAGAGACAGGGCAAGAAACAGCATACTTCCTCTTAAAATTAGCAGGAAGATGGCCAGTAAAAACAATACATACAGATAATGGCCCCAATTTTATTAGTGCTGCGGTTAAGGCCGCCTGTTGGTGGGCAGGGATCAAGCAGAAATTTGGCATTCCCTACAATCCCCAAGGTCGAGGAGTCATAGAATCTATGAATAATGAATTAAAGAAAATTATAAGACAGGTAAGAGACCAGGCTGAACATCTTAAAACAGCAGTGCAAATGGCAGTATTCATCCACAATTTTAAAAGAAAAGGGGGGATTGGGGGATACAGTGCAGGGGAAAGAATAATAGATATAATAGCAACAGACATACAAACTAAAGAACTACAAAAACAAATTATAAAAATTCAAAATTTTCGGGTTTATTACAGGGACAGCAGAGACCCAGTTTGGAAAGGACCAGCAAAGCTACTCTGGAAAGGTGAAGGGGCAGTAGTCATACAAGACAATAGTGAAATAAAGGTAGTACCAAGAAGAAAAGCAAAGATCATTAGGGATTATGGAAAACAGATGGCAGGTGATGATTGTGTGGCAGGTGGACAGGATGAGGAT---
140273|IN_782|-RI,TTYTTGGATGGAATAGATAAGGCCCAAGAAGACCATGATAARTATCACAGTAATTGGAAAGCAATGGCTAGTGAGTTTAACCTACCACCTATAGTAGCAAAAGAAATAGTGGCCAGCTGTGATAAGTGTCAGCTAAAAGGAGAAGCTATRCATGGACAAGTAGACTGTAGTCCAGGAATATGGCAACTAGATTGTACACATTTAGAAGGAAAAATTATCCTGGTAGCAGTACATGTAGCCAGTGGATATATAGAAGCAGAAGTTATTCCAGCAGAGACAGGGCAAGAAACAGCGTACTTTCTCTTAAAATTGGCAGGGAGATGGCCAGTGAAAGCAATACATACAGACAATGGCAGCAATTTCACCAGTGCTGCGGTTAAGGCCGCCTGTTGGTGGGCAGGGATCAAGCAGGAATTTAGTATTCCCTACAATCCCCAAAGTCACGGAGTAGTAGAATCAATGAATAAAGAATTAAAGAAAATTATAGGGCAGGTACGAGATCAGGCTGAACATCTTAAAACAGCAGTACAAATGGCAGTTTTCATCCACAATTTTAAGAGAAAAGGGGGGATTGGGGGGTACAGTGCAGGGGAAAGAATAATAGACATAATATCAACAGACATGCAAACTAAAGAATTACAAAACCAAATTACAAAAATTCAAAATTTTCGGGTTTATTACAGGGACAGCAAAGATCCACTTTGGAAAGGACCAGCAAAGCTCCTCTGGAAAGGTGAAGGGGCAGTAGTGATACAAGATAAGGGTGATATAAGAGTAGTGCCAAGAAGAAAAGCAAAGATYATTAGGGATTATGGAAAACAGATGGCAGGTGATGATTGTGTGGCAAGTAGACAGGATGAGGAT---
113917|Pt1W48|JN163879-RI,TTTTTAGATGGAATAGATAAAGCCCAAGAAGAACATGAGAAATATCACAGTAATTGGAGAGCAATGGCTAGTGATTTTAACCTGCCACCTGTGGTAGCAAAAGAGATAGTAGCCAGCTGTGATAAATGTCAGCTAAAAGGAGAAGCCATGCATGGACAAGTAGACTGTAGTCCAGGAATATGGCAACTAGATTGTACACATCTAGAAGGAAAAATTATCCTGGTAGCAGTTCATGTAGCCAGTGGATATATAGAAGCAGAAGTTATTCCAGCAGAAACAGGGCAGGAAACAGCATACTTTATCTTAAAGTTAGCAGGAAGATGGCCAGTAAAAACAATACATACAGACAATGGCCGCAATTTCACCAGTACTACTGTTAAGGCCGCCTGTTGGTGGGCGGGGATCAAGCAGGCATTTAGTATTCCCCACAATCCCCAAAGTCACGGAGTAGTAGAATCCATGAATAATGAATTAAAGAAAATTATAGGACAGGTAAGAGATCAGGCTGAACATCTTAAGACAGCAGTACAAATGGCAGTATTCATCCACAATTTTAAAAGAAAAGGGGGGATTGGGGGGTACAGTGCAGGGGAAAGAATAGTAGACATAATAGCAACAGACCTACAAACTAAGGAACTACAAAAACAAATTACAAAAATTCAAAATTTTCGGGTTTATTACAGGGACAGCAGAGATCCACTTTGGAAAGGACCAGCAAAACTTCTTTGGAAAGGTGAAGGGGCAGTAGTAATACAAGATAATAGTGACATAAAAGTAGTACCAAGAAGAAAAGCAAAGATCATTAGGGATTATGGAAAACAGATGGCACGTGATGATTGTGTGGCAAGTAGACAGGATGAGGAT---
139415|BRSP614|-RI,TTTTTAGATGGAATAGATAAAGCCCAAGAAGAACATGAGAAATATCACAATAATTGGAGAGCAATGGCTAGTGATTTTAACCTGCCACCTGTAGTAGCCAAAGAAATAGTAGCCAACTGTGATAAATGTCAGCTAAAAGGAGAAGCCATGCATGGGCAAGTAGACTGTAGTCCAGGAATATGGCAACTAGACTGTACACACTTAGAAGGAAAAATTATCCTGGTAGCAGTTCATGTAGCCAGTGGATATATAGAAGCAGAAGTTATTCCAGCAGAAACAGGGCAAGACACAGCATATTTTATCTTAAAACTAGCAGGGAGATGGCCAGTAAAAACAATACATACAGACAATGGCAGCAACTTTACCAGTGCTACAGTTAAGGCTGCCTGTTGGTGGGCGGGAATCAAGCAGGAATTTAGCATTCCCTACAATCCCCAAAGTCACGGAGTAGTAGAATCTATGAATAAGGAATTAAAGAAAATTATAAGACAAGTGCGAGATCAAGCTGAACATCTTAAGACAGCAGTACAAATGGCAGTATTCATCCACAATTTTAAAAGAAAAGGGGGGATTGGGGGGTACAGTGCAGGGGAAAGAATAATAGACATAATAGCAACAGACATACAAACTAAAGAATTACAGAAACAAATTACAAAAATTCAAAATTTTCGGGTTTATTACAGAGACAGCAGAGATCCACTTTGGAAAGGACCAGCAAAGCTTCTCTGGAAAGGTGAAGGAGCAGTAGTAATACAGGATAATAGTGAYATAAAAGTAGTGCCAAGAAGAAAAGCAAARATCATTAGGGATTATGGAAAACARATGGCAGGTAATGATTGTGTGGCAAGTAGACAGGATGAGGAT---
139929|IN_634|-RI,TTTTTAGATGGAATAGATAAGGCCCAAGAAGAACATGAGAAGTATCACAGTAATTGGAGGGCAATGGCCAGTGATTTTAACCTGCCACCTGTAGTAGCAAAAGAAATAGTAGCCAGCTGTGATAAATGCCAGTTAAAAGGAGAAGCCATACATGGACAAGTAGACTGTAGTCCAGGAATATGGCAACTAGATTGTACACACCTAGAAGGAAAAGTTATCCTGGTAGCAGTCCATGTAGCCAGTGGATATATAGAAGCAGAAGTTATTCCAGCAGAAACAGGACAGGAAACAGCATACTTTCTCTTAAAATTAGCAGGGAGATGGCCAGTAAAAACAATACATACAGACAATGGCCCCAATTTCATCAGTGCGGTGGTTAAGGCCGCCTGTTGGTGGGCAGGGATCAAGCAGGAATTTAGCATTCCCTACAATCCCCAAAGTCACGGAGTAGTAGAATCTATGAATAAAGAACTAAAGAAAATTATAGMACAAGTAAGAGATCAAGCYGAACAYCTTAAGACAGCAGTACAAATGGCAGTATTCATTCACAATTTTAAAAGAAAAGGGGGGATTGGGGGGTACAGTGCAGGGGAAAGAATAGTAGACATAATAGCAACAGACATACAAACKAAAGAGCTACAAAAACAAATTACCAAAATTCAAAATTTTCGGGTCTATTACAGGGACAGCAGAGATCCACTTTGGAAAGGACCAGCAAAGCTCCTCTGGAAAGGTGAAGGGGCAGTAGTAATACAAGATAATAGTGAAATCAARGTAGTGCCAAGGAGAAAAGCAAAGATYATTAGGGAYTATGGAAAACAGATGGCAGGTGATGATTGTGTGGCAGGTAGACAGGATGAGGAT---
139445|BRSP368|-RI,TTTTTAGATGGAATAGAGAAGGCCCAAGATGAACATGAAAAGTATCACAGTAATTGGAGAGCAATGGCYAGTGAGTTTAACCTGCCACCTATAGTAGCAAAAGAAATAGTAGCCAACTGTGATAAATGTCAGTTAAAAGGAGAAGCCATGCATGGACAAGTAGATTGTAGTCCAGGAATATGGCAACTAGATTGTACCCATTTAGAAGGAAAAGTTATCCTGGTAGCAGTTCATGTAGCCAGTGGATATATAGAAGCAGAAGTYATTCCAGCAGAGACAGGGCAGGAAACAGCATACTTTATTTTAAAATTAGCAGGAAGATGGCCAGTAAAAACAATACATACAGACAATGGCAGCAATTTCATTAGTGCTACAGTCAAGGCCGCCTGTTGGTGGGCAGGAATCAAGCAGGAATTTAGCATTCCCTACAATCCTCAAAGTCACGGGGTAGTAGAATCTATGAATAAAGAATTAAAGAAAATTATAGGACAGGTAAGAGATCAGGCTGAACAYCTTAAGACAGCAGTACAAATGGCAGTATTCATCCACAATTTTAAAAGAAAAGGGGGGATTGGGGGGTACAGTGCAGGAGAAAGAATAGTAGATATAATAGCAACAGACATACAAACTAAAGAACTACAAAAACAAATTACAAATATTCAAAAATTTCGGGTTTATTACAGGGACAGCAGAGATCCACTTTGGAAAGGACCAGCAAAGCTTCTCTGGAAAGGTGAAGGGGCAGTAGTAATACAAGACAATAGTGACATAAAAGTAGTGCCAAGAAGAAAAGCAAAAATTATTAGGGATTATGGAAAACAGATGGCAGGTGATGATTGTGTGGCAAGTAGACAGGATGAGGAT---
139458|BRSP296|-RI,TTTCTAGATGGAATAGATAAGGCCCAAGAAGACCATGAGAAATATCATAGTAATTGGAGAGCAATGGCCAGTGATTTTAACCTGCCACCTATAATAGCAAAAGAGATAATAGCCAGCTGTAATAAATGTCAGCTAAAAGGAGAAGCCATGCATGGGCAAATAGACTGTAGTCCAGGAATATGGCAACTAGATTGTACACATTTAGAAGGAAAAATTATCCTGGTAGCAGTGCATATAGCCAGTGGCTATATAGAAGCAGAAGTTATTCCAGCAGAAACAGGGCAGGAAACAGCATACTTCATCTTAAAATTAGCAGGAAGATGGCCAGTAAAAACAATACATACAGACAATGGCAGCAATTTCACCAGTACTGCAGTTAAGGCCGCCTGTTGGTGGGCTGGGATCCAGCAGAAATTTTGTATTCCCTACAATCCCCAAAGTCGAGGAGTAGTGGAATCTATGAATAAAGAATTAAAGAAAATTATAGGACAGGTAAGAGATCAAGCTGAACATCTTAAGACAGCAGTACAAATGGCAGTATTCATCCACAATTTTAAAAGAAAAGGGGGGATTGGGGGGTACAGTGCAGGGGAAAGAATAATAGACATAATAGCATCAGACATACAAACTAAAGAACTACAAAAACAAATTACAAAAATTCAAAATTTTCGGGTTTATTACAGGGACAGCAGAGACCCAGTTTGGAAAGGACCAGCAAAGCTTCTCTGGAAAGGTGAAGGGGCAGTAGTAATACAAGATAACAGTGACATAAAAGTAGTGCCAAGAAGGAAAGCAAAGATCATTAGGGAATATGGAAAACAGATGGCAGGTGATGATTGTGTGGCAAGTAGACAGGATGAGGAT---
139851|IN_399|-RI,TTTTTAGATGGGATAGACAAGGCCCAAGATGAACATGAGAAATATCACAGTAATTGGAGAGCTATGGCCAGTGATTTTAACCTGCCACCTATAGTAGCAAAAGAAATAGTAGCCAGCTGTGATAAATGTCAGCTAAAAGGAGAACCCATGCATGGACAAGTAGACTGTAGTCCAGGAATATGGCAATTGGATTGTACACATTTAGAAGGAAAAGTTATCCTGGTAGCAGTACATGTAGCCAGTGGATACATAGAAGCAGAAGTTATCCCAGCAGAAACAGGGCAGGAAACAGCATACTTTCTCTTAAAATTAGCAGGAAGATGGCCAGTAAAAGCAATACATACAGACAATGGCAGCAACTTCACCAGTGCTACAGTTAAAGCCGCCTGCTGGTGGGCGGGGATTAAACAGAAATTTAGTATTCCCTACAATCCTCAAAGTCACGGAGTAGTAGAATCCATGAATAACGAATTAAAGAAAATTATAGGACAAATAAGAGATCAGGCTGAACATCTTAAGACAGCAGTACAAATGGCAGTATTCATCCACAATTTTAAAAGAAAAGGGGGGATTGGGGGATACAGTGCAGGGGAAAGAATAGTAGACATAATAGCAACAGACATACAAACTAAAGAACTACAGAAACAAATTACAAAAATTCAAAATTTTCGGGTTTATTACAGGGACAGCAGAGATCCACTTTGGAAAGGACCAGCAAAGCTTCTCTGGAAAGGTGAAGGGGCAGTAGTAATACAAGATAATAGTGATATAAAAGTAGTGCCAAGAAGAAAAGCAAAGATCATTAGGGATTATGGAAAACAGATGGCAGGTGATGATTGTGTGGCAAGTAGACAGGATGAGGAT---
139899|IN_663|-RI,TTTTTAGATGGAATAGATAAGGCCCAAGAAGAACATGAGAAATATCACAGTAACTGGAGAGCAATGGCTAGTGATTTTAACCTGCCACCTGTAGTAGCCAAAGAAATAGTAGCCAGCTGTGATAAATGTCAACTAAAAGGAGAAGCCATGCATGGACAAGTAGACTGTAGTCCAGGAATATGGCAACTAGATTGTACACATTTAGAAGGAAAAGTTATCCTGGTAGCAGTTCATGTAGCCAGTGGATATATAGAAGCAGAAGTTATTCCAGCAGAAACAGGGCAGGAAACAGCATATTTTATCTTAAAATTAGCAGGCAGATGGCCAGTGAAAACAATACATACAGACAATGGCAGCAATTTCACCAGTACTACAGTTAAGGCCGCCTGTTGGTGGGCAGGGATCAAGCAGAAATTTAGCATTCCCTACAATCCCCAAAGTCACGGAGTAGTAGAATCCATGAATAAAGAATTAAAGAAAATTATAGGACAGGTAAGAGATCAGGCTGAGCATCTTAAAACAGCAGTACAAATGGCAGTATTCATTCACAATTTTAAAAGAAAAGGGGGGATTGGGGGATGCAGTGCAGGGGAAAGGATAGTAGACATAATAGCAACAGACATACAAACTAAAGAATTACAAAAACAAATTACAAAAATGCAAAAATTTCGGGTTTATTTCAGGGACAGCAGAGATCCACTTTGGAAAGGACCAGCAAAGCTTCTCTGGAAAGGTGAAGGGGCAGTAGTAATACAAGATAATAGTGACATAAAAGTAGTGCCAAGAAGAAAAGTAAAGATCATTAGGGATTATGGAAAACAGATGGCAGGTGATGATTGTGTGGCTAGTGGACAGGATGAGGAT---
139904|IN_1064|-RI,TTTTTAGATGGAATAGATAAGGCCCAAGAAGAACATGAGAAATACCACAATAATTGGAGATCAATGGTTAGTGATTTTAACCTGCCACCTATAGTAGCAAAAGAGATAGTAGCCAGCTGTGATAAATGTCAAGTAAAAGGAGAAGCCATGCATGGACAAGTAGACTGTAGTCCAGGAATATGGCAACTAGATTGTACACACTTAGAAGGAAAARTTATCCTGGTAGCAGTTCATGTAGCTAGTGGATATATAGAAGCAGAAGTTATTCCAGCAGAAACAGGACAAGAAACAGCATACTTTATTTTAAAATTAGCAGGAAGATGGCCAGTAAAAACAATACATACAGACAATGGTAGCAATTTCACCAGTGCTGCAGCTAAGGCCGCCTGTTGGTGGGCGGGGATCAAGCAGGAATTTAGCATTCCCTACAATCCCCAAAGTCACGGAGTGGTAGAATCTATGAATAAAGAATTAAAGAAAATTATAGGACAGGTAAGAGATCAGGCTGAACATCTTAAGACAGCACTACAAATGGCAGTATTCATCCACAATTTTAAAAGAAAAGGGGGGATTGGGGGGTACAGTGCAGGGGAAAGAATAGTAGACATAATAGCAACAGACATACAAACTAAAGAACTACAAAAACAAATTTCAAAAATTCAAAATTTTCGGGTCTATTACAGGGACAGCAGAGATCCACTTTGGAAAGGACCAGCAAAGCTGCTCTGGAAAGGTGAAGGGGCAGTAGTAATACAAGATAATAGTGACATAAAAGTAGTGCCAAGAAGAAAAGCAAAGATCATTAGGGATTATGGAAAACAGATGGCAGGTGATGATTGTGTGGCAAGTAGACAGGATGAGGAT---
139409|BRSP287|-RI,TTCCTAGATGGAATAGATAAAGCCCAAGAGGAACATGAGARATATCACAGTAATTGGAAGGCAATGGCTAGTGATTTTAACCTGCCACCTGTAGTAGCAAAAGAAATAGTAGCCAGTTGTGATAAATGTCAGCTAAAAGGAGAAGCCATGCATGGACAAGTAGACTGTAGTCCAGGAATATGGCAACTAGATTGTACACATTTAGAAGAAAAGATTATCCTGGTAGCAGTTCATGTAGCCAGTGGATATATAGAAGCAGAAGTTATTCCAGCAGAGACAGGGCAGGAAGCAGCATACTTTATCTTAAAATTAGCAGGAAGATGGCCAGTAAAAGTGATACATACAGACAATGGCAGAAATTTCACCAGTAGTGCAGTTAAGGCCGCCTGCTGGTGGGCAGGGATCAAGCAGGAATTTAGTATTCCCTACAATCCCCAAAGTCACGGAGTGGTAGAATCTATGAATAAAGAACTAAAGAAGATTATAGGACAAGTAAGGGATCAGGCTGAACATCTTAAGACAGCAGTGCAAATGGCAGTCTTCATTCACAATTTTAAAAGAAAAGGGGGGATTGGGGGATACAGTGCAGGAGAAAGAATAATAGACATAATAGCAACAGACATACAAACTAAAGAATTACAAAAACAAATTACAAAAATTCAAAATTTTCGGGTTTATTACAGGGACAGCAGAAATCCACTTTGGAAAGGACCAGCAAAGCTCCTTTGGAAAGGTGAAGGGGCAGTAGTAATACAAGATAACAGTGACATAAAAGTAGTGCCAAGAAGAAAAGCAAAAATCATTAGGGACTATGGAAAACAGATGGCAGGTGATGATTGTGTGGCAAGTAGACAGGATGAGGAT---
