113571|428|JX425761-IS,TTTTTAGATGGCATAGATAAAGCCCAAGAAGAGCATGAAAGATATCACAGCAATTGGAGAGCAATGGCTAGCGATTTTAATCTGCCACCTGTGGTAGCAAAAGAAATAGTGGCCAGCTGTGATAAATGTCAGCTAAAAGGGGAAGCCATGCATGGACAAGTAGACTGTGGTCCAGGAATATGGCAATTAGATTGTACTCATTTAGAAGGAAAAATCATCATGGTAGCAGTCCATGTAGCCAGTGGCTATATAGAAGCAGAAGTAATCCCAGCAGAAACAGGACAAGAAGCAGCATACTTTATATTAAAATTAGCAGGAAGATGGCCAGTAAAAGTCATACACACAGACAATGGCACCAATTTCACCAGTGCTGCAGTAAAGGCAGCATGTTGGTGGGCAAATGTTACACAAGAATTTGGAATTCCCTACAATCCCCAAAGTCAAGGAGTAGTGGAGTCTATGAATAAAGAATTAAAGAAAATTATAGGGCAGGTCAGGGACCAAGCTGAACACCTTAAGACAGCAGTACAGATGGCAGTATTCATTCACAATTTTAAAAGAAGAGGGGGGATTGGGGGGTACAGTGCAGGAGAAAGAATAATAGACATAATAGCATCAGATATACAAACTAAAGAACTACAAAAACAGATTATAAAAATTCAAAATTTTCGGGTTTATTACAGGGACAGCAGAGACCCCATTTGGAAAGGACCAGCAAAATTGCTCTGGAAAGGTGAAGGGGCAGTAGTAATACAGGACAATAGTGACATAAAGGTAGTACCAAGAAGAAAAGTAAAAATCATTAAGGATTATGGAAAACAGATGGCAGGTGATGATTGTGTGGCAGGTAGACAGAATGAGGAT---
31112|01BR125|DQ358802-IS,TTTTTAGATGGGATAGATAAGGCACAGGAGGAACATGAAAAATATCACAATAATTGGAGAGCAATGGCTAGTGATTTTAATTTGCCACCTGTAGTAGCAAAAGAAATAGTAGCTAGCTGTGATAAGTGTCAACTAAAAGGGGAAGCCATGCATGGACAAGTAGATTGTAGTCCAGGGATATGGCAATTAGATTGTACACATTTAGAAGGGAAAGTTATCCTGGTAGCAGTCCATGTAGCTAGTGGGTACCTAGAAGCAGAAGTAATCCCAGCAGAAACAGGACAAGACACAGCCTACTTCATACTAAAGTTAGCAGGAAGATGGCCAGTAAAAATAATACATACAGATAATGGCCCCAATTTCACCAGTGCCGCGGTTAAGGCAGCCTGTTGGTGGGCAGGTATCCAGCAGGAATTTGGAATTCCCTACAACCCCCAAAGTCAAGGAGTGGTAGAATCTATGAATAAAGAGCTAAAAAAGATCATAAAACAAGTAAGAGATCAAGCTGAACATCTTAAGACAGCAGTACAAATGGCAGTATTCATCCACAATTTTAAAAGAAAAGGGGGGATTGGGGGATACAGTGCAGGGGAAAGAATAATAGACATAATATCAACAGACATACAAACTAGAGAATTACAAAAACAAATTATAAAAATTCAAAATTTCCGGGTTTATTACAGGGACAGCAGAGACCCAGTTTGGAAAGGACCAGCAAAGCTACTCTGGAAAGGTGAAGGGGCAGTAGTCATACAAGACAATAGTGAAATAAAGGTAGTACCAAGAAGAAAAGCAAAGATCATTAGGGATTATGGAAAACAGATGGCAGGTGATGATTGTGTGGCAGGTAGACAGGATGAGGAT---
31248|02UZ0659|AY829209-IS,TTTTTAGAAGGGATAGATAAGGCTCAAGAAGAACATGAAAAATATCACAGCAATTGGAAAGCAATGGCTAGTGATTTTAATCTGCCACCTATAGTAGCAAAGGAAATAGTAGCCAGCTGTGATAAATGTCAATTAAAAGGGGAAGCTATGCATGGACAGGTAGACTGTAGTCCAGGGATATGGCAATTAGACTGCACACATCTAGAAGGAAAAGTAATCATGGTAGCAGTCCATGTAGCCAGTGGCTATATAGAAGCAGAAGTTATCCCAGCAGAAACAGGACAGGAGACAGCATACTTTCTGCTAAAATTAGCAGGAAGATGGCCAGTAAAAGTAGTACACACAGATAATGGCCCCAATTTCACCAGCAGTGCAGTTAAGGCTGCCTGTTGGTGGGCAAATATCCAACAGGAATTTGGGATTCCCTACAATCCCCAAAGTCAAGGAGTAGTGGAGTCTATGAATAAGGAATTAAAGAAAATCATAGGGCAGGTAAGAGAGCAAGCTGAACACCTTAAGACAGCAGTACAAATGGCAGTATTCATTCACAATTTTAAAAGAAAAGGGGGGATTGGGGGGTACAGTGCAGGGGAAAGAATAATAGACATAATAGCAACAGACATACAAACTAAAGAATTACAAAAACAAATTATAAAAATTCAAAATTTTCGGGTTTATTACAGAGACAGCAGAGATCCAATTTGGAAAGGACCAGCAAAACTACTCTGGAAAGGTGAAGGGGCAGTGGTAATACAGGACAATAACGATATAAAAGTAGTACCAAGAAGAAAAGCAAAGATCATTAGGGATTATGGAAAACAGATGGCAGGTGATGATTGTGTGGCAAGTAGACAGGAGGAGGAT---
38959|97CM.640|AM279393-IS,TTYTTAGATGGGATAGATAAGGCTCAAGAAGAACATGAAAGATATCACAGCAATTGGAGAGCAATGGCTAATGATTTTAATCTGCCACCTGTAGTAGCAAGAGAAATAGTAGCCAGCTGTGATAAATGTCAACTAAAAGGGGAAGCCATGCATGGACAAGTAGATTGTAGTCCAGGGATATGGCAATTGGATTGCACACATCTAGAAGGAAAAGTAATCMTGGTAGCAGTCCATGTAGCCAGTGGCTATATAGAAGCAGAAGTTATCCCAGCAGAAACAGGACAGGAGACAGCATATTTTATACTAAAATTAGCAGCAAGATGGCCAGTAAAAATAGTACACACTGACAATGGCAGCAATTTCACCAGCGCTGCAGTKAAAGCAGCCTGTTGGTGGGCAGATATCCAACAGGAATTTGGAATTCCCTACAATCCCCAAAGTCAAGGAGTAGTGGAATCTATGAATAAGGAATTAAAGAAAATCATAGGGCAGGTCAGGGAGCAAGCTGAACACCTTAAGACAGCAGTACAAATGGCAGTATTCATTCACAATTTTAAAAGAAAAGGGGGGATTGGGGGGTACAGTGCAGGGGAAAGAATAATAGACATAATAGCAACAGACATACAAACTAAAGAATTACAAAAACAAATTTCAAAAATTCATAAATTTCGGGTTTATTACAGGGACAGCAGAGATCCAATTTGGAAAGGACCAGCCAAACTACTCTGGAAAGGTGAAGGGGCAGTA------------------------------------------------------------------------------------------------------------------------
114667|KSH28INT|AB716167-IS,TTTTTAGATGGGATAGATAAGGCTCAAGAAGAACATGAAAGATATCACAGTAATTGGAGAACAATGGCTAGTGATTTTAATCTGCCCCCTGTAGTAGCAAAGGAAATAGTAGGCAACTGTGATAAATGTCAACTAAAAGGGGAAGCCATGCATGGACAAGTAGACTGTAGTCCRGGRATGTGGCAATTAGATTGCACACATCTAGAAGGAAAAGTAATTCTGGTAGCAGTCCATGTAGCCAGTGGCTATATAGAAGCAGAAGTGATCCCAGCAGAAACAGGGCAGGAGACAGCATACTTTCTGCTAAAATTAGCAGGAAGATGGCCAGTAAAAGTAGTACACACAGACAATGGCAGCAATTTCACTAGCGCTGCATTTAAAGCAGCCTGTTGGTGGGCAAAYATCCAACAGGAATTTGGAATTCCCTACAATCCCCAAAGTCAAGGAGTAGTGGAATCTATGAATAAGCAATTAAAGCAAATCATAGGGCAGGTAAGARAGCAAGCTGAACACCTTAAGACAGCAGTACAAATGGCAGTATTCATTCACAATTTTAAAAGAAAAGGGGGGATKGGGGGGTACAGTGCAGGGGAAAGAATAATAGATATAATAGCAACAGACATACAAACTAGAGAACTACAAAAACAAATTACAAAAATTCAAAATTTTCGGGTTTATTACAGGGACAGCAGARATCCAGTTTGGAAAGGACCAGCCAAACTACTCTGGAAAGGTGAAGGGGCAGTAGTAATACAGGACAATAGTGATATAAAGGTAGTGCCTAGAAGAAAAGCAAAGATCATTAGGGATTATGGAAAACAGATGGCAGGTGATGATTGTGTGGCAGGTAGACAGGATGAGAAT---
153875|9527|LC022380-IS,TTTTTAGATGGAATAGAGAARGCCCAAGAAGATCATGAAAGATATCACAGTAATTGGAGAGCAATGGCTAGTGATTTTAACATACCACCTATAATAGCAAAAGAAATAATAGCCAGCTGTGATAAATGTCAGCTAAAAGGAGAAGCCATGCATGGACAAGTAGACTGTAGTCCAGGAATATGGCAGCTAGATTGTACACATTTAGAAGGAAAAGYTATCATRGTRGCAGTTCATGTAGCCAGTGGGTATATAGAAGCAGAAGTTATKCCAGCYGAGACAGGRCAAGAAACAGCATACTTTCTCTTAAAATTAGCAGGAAGATGGCCAGTAAAAACAATACATACAGACAATGGCAGCAATTTCACTAGTAATACAGTTAAGGCCGCCTGCTGGTGGGCAGGGATCAAGCAGGAATTTGGCATTCCCTATAATCCCCAAAGTCAAGGAGTAGTAGAATCTATGAATAAAGAATTAAAGAAAATTATAGGACAGRTAAGAGATCAGGCTGAACATCTTAGGACAGCAGTACAAATGGCAGTATTCATTCACAATTTTAAAAGAAAAGGGGGGATTGGGGGGTACAGTGCAGGGGAAAGAATAATAGACATGATAGCAACAGATATACAGACCAAAGAACTACAAAAACAAATTACAAAAATTCAAAATTTTCGGGTTTATTACAGAGRCAGCAGAGATCCACTTTGGAAAGGACCAGCAAAGCTTCTCTGGAAAGGTGAAGGGGCAGTAGTAATACAAGATAATAGTGACATAAAAGTAGTGCCAAGAAGAAAAGCAAAGATCATTAGGGATTATGGAAAACAGATGGCAGGTGATGATTGTGTGGCAAGTAGACAGGATGAGGAT---
56796|38-3|EU618164-IS,TTTTTAGATGGCATAGATAAAGCCCAAGAAGAACATGAAAGATATCACAGCAATTGGAAAGCAATGGCTAGTGATTTTAATCTGCCACCTATAGTAGCAAAAGAAATAGTGGCCAGCTGTGATAAATGTCAGCTAAAAGGGGAAGCCGTGCATGGACAAGTAGACTGTAGCCCAGGAATATGGCAATTAGATTGTACACATTTAGAAGGAAAAGTTATCATGGTAGCAGTCCATGTAGCCAGTGGCTACATAGAAGCAGAAGTTATCCCAGCAGAAACAGGACAGGAGACAGCATACTTTATATTAAAACTAGCAGGAAGATGGCCAGTGAAAGTAATACACACAGACAATGGCAGCAATTTCACCAGTGCTACAGTAAAGGCAGCATGTTGGTGGGCAAATGTCACACAAGAATTTGGAATTCCCTACAATCCCCAAAGCCAAGGAGTAGTGGAATCTATGAATAAAGAATTAAAGAAAATTATAGGGCAGGTCAGGGATCAAGCTGAACACCTTAAGACAGCAGTACAGATGGCAGTATTCATTCACAATTTTAAAAGAAAAGGGGGGATTGGGGGGTACAGTGCAGGGGAGAGAATAATAGACATAATAGCATCAGACTTACAAACTAAAGAACTACAAAAACAGATTACAAAAATTCAAAATTTTCGGGTTTATTACAGGGACAGCAGAGACCCCGTTTGGAAAGGACCAGCAAAACTACTTTGGAAAGGTGAAGGGGCAGTAGTAATACAGGACAATAGTGATATAAAGGTAGTACCAAGAAGAAAAGCAAAAATCATTAAGGATTATGGAAAACAGATGGCAGGTGATGATTGTGTGGCAGGTAGACAGGATGAGGAT---
58643|W31|FJ554704-IS,TTTCTGGATGGCATTGATAAAGCGCAGGAAGAACATGAAAAATATCATAACAACTGGCGTGCGATGGCGAGCGATTTTAACCTGCCGCCGGTGGTGGCGAAAGAAATTGTGGCGAGCTGCGATAAATGCCAGCTGAAAGGCGAAGCGATGCATGGCCAGGTGGATTGCAGCCCGGGCATTTGGCAGCTGGATTGCACCCATCTGGAAGGCAAAATTATTCTGGTGGCGGTGCATGTGGCGAGCGGCTATATTGAAGCGGAAGTGATTCCGAGCGAAACCGGCCAGGAAACCGCGTATTTTGTGCTGAAACTGGCGGGCCGTTGGCCGGTGAAAACCATTCATACCGATAACGGCAGCAACTTTACCAGCGCGACCGTGAAAGCGGCGTGCTGGTGGGCGGGCATTAAACAGGAATTTGGCATTCCGTATAACCCGCAGAGCCAGGGCGTGGTGGAAAGCATGAACAAAGAACTGAAAAAAATTATTGGCCAGGTGAAAGATCAGGCGGAACATCTGAAAACCGCGGTGCAGATGGCGGTGTTTATTCATAACTTTAAACGTAAAGGCGGCATTGGCGGCTATAGCGCGGGCGAACGTATTGTGGATATTGTGGCGACCGATATTCAGACCAAAGAACTGCAGAACCAGATTACCAAAATTCAGAACTTTCGTGTGTATTATCGTGATAGCAAAAACCCGCTGTGGAAAGGCCCGGCGAAACTGCTGTGGAAAGGCGAAGGCGCGGTGGTGATTCAGGATAACAGCGATATTAAAGTGGTGCCGCGTCGTAAAGCGAAAATTATTCGTGATTATGGCAAACAGATGGCGGGCGATGATTGCGTGGCGAGCCGTCAGGATGAAGAT---
112664|IVVI07187|JQ288887-IS,TTYTTAGATGGGATAGATAAGGCTCAAGAAGAACATGAAAGATATCACAGCAATTGGAGAACAATGGCTAGTGATTTTAATTTGCCACCTATAGTAGCAAAGGAAATAGTAGCCAACTGTGATAAATGTCAACTAAAAGGGGAAGCTATGCATGGACAAGTAGACTGTAGTCCAGGGATATGGCAADTRGATTGTACACATCTAGAAGGRAAAGTCATCATRGTAGCAGYCCAYGYRGCCAGYGGATACATAGAGGCAGAAGTKATYCCAGCAGAAACAGGACAGGAGACAGCATACTTTYTGCTAAAATTAGCAGGAAGGTGGCCAGTAAAAGTAATACACACAGACAATGGTAGCAATTTCACCAGCGCTGCAGTTAAAGCAGCCTGTTGGTGGGCCAATGTCCGACAGGAATTTGGGATCCCCTACAATCCCCAAAGTCAAGGAGTAGTAGAATCTATGAATAAGGAATTAAAGAAAATCATAGGGCAGGTAAGAGAGCAAGCTGAACACCTTAAGACAGCAGTACAAATGGCAGTATTCATTCACAATTTTAAAAGAAAAGGGGGGATTGGGGGGTACAGTGCAGGGGAAAGAATAATAGACATAATAGCAACAGACATACAAACTAAAGARTTACAAAAACAAATTACAAAAATTCAAAATTTTCGGGTTTATTACAGGGACAGCAGAGACCCAATTTGGAAAGGACCAGCAAAACTACTCTGGAAAGGTGAAGGGGCAGTAGTAATACAAGACAATAGTGATATAAAAGTAGTACCAAGAAGAAAAGCAAAGATCATTAGGGATTATGGAAAACAGATGGCAGGTGATGATTGTGTGGCAGGTAGACAGGATGAGGAT---
153547|9376|LC022351-IS,TTTTTGGATGGAATAGATARGGCCCAAGAAGAACATGAAARATACCACAGTAATTGGAGAGCAATGGCTAGTGATTTCAACCTACCACCTATAGTTGCAAAAGAAATAGTAGCCAGCTGTGATAAATGTCAGTTAAAAGGAGAAGCCATGCATGGACAWGTAGACTGTGGTCCAGGGATATGGCAATTAGATTGTACACATTTAGAAGGGAAAATTATYATGGTAGCAGTTCATGTAGCCAGTGGATATCTAGAAGCAGAAGTCATTCCATCAGAGACAGGACAGGAAACAGCATACTTYATCTTAAAGTTAGCAGGAAGGTGGCCAGTAAAAACAATACATACAGATAATGGCACCAATTTCACCAGTGCTACAGTAAAAGCTGCCTGTTGGTGGGCAGGGATCAAGCAGGAATTTGGCATTCCCTACAATCCCCAAAGTCAGGGAGTGGTAGAATCTATGAATAGTGAATTAAAGAAAATTATAGGGCAGGTAAGAGATCAAGCTGAACATCTTAGAACAGCAGTACAAATGGCAGTATTCATCCACAATTTTAAAAGAAAAGGGGGGATTGGGGGATACAGTGCAGGAGAAAGGATAGTAGACATAATAACAACAGACATACAAACTAAAGAATTACAAAAACAAATTACAAAAATTCAAAATTTTCGGGTTTATTACAGGGACAGCAGAGATCCACTTTGGAAAGGACCAGCAAAGCTTCTCTGGAAAGGTGAAGGGGCAGTAGTAATTCAAGATAATAGTGACATAAAAGTAGTGCCAAGAAGAAAAGCAAAGATCATTAGGGATTATGGAAAACAGATGGCAGGTGATGATTGTGTGGCAAGTAGACAGGATGAGGAT---
153953|D9503|LC022630-IS,TTTYTAGATGGAATAGATAAGGCCCAAGAAGAACATGARAAATATCACARTAATTGGAGAGCAATGGCTAGTGATTTTAAYCTRCCACCTGTRGTAGCAAAAGAAATAGTRGCCAGCTGTGATAAATGTCAGMTAAAAGGRGAAGCYATGCATGGACAAGTAGACTGTAGTCCAGGAATATGGCAACTAGAYTGTACACATTTAGAAGGRAAAATTATCMTGGTAGCAGTKCATGTAGCCAGTGGATAYATAGAAGCAGAAGTTATTCCAGCAGAGACAGGGCAGGAAACAGCATAYTTTMTCTTAAAATTAGCAGGAAGATGGCCAGTAAAAACAATACATACAGACAATGGCAGYAAYTTCACYAGTACYACAGTTAAGGCYGCCTGTTGGTGGGCRGGGATYAAGCAGGARTTTGGCATTCCCTAYAAYCCCCAAAGYCAAGGAGTAGTRGAATCTATRAATAAAGAATTAAAGAWAATTATAGRACARGTRAGAGATCARGCTGAACATCTTARGACAGCAGTACAAATGGCAGTATTCATCCACAATTTTAAAAGAAAAGGGGGGATTGGGGGRTACAGTGCAGGGGAAAGAATARTAGACATAATAGCAACAGACATACAAACTAAAGAAYTACAAAARMAWATTACAAAAATTCAAAATTTTCGGGTTTATTACAGGGACAGCAGAGAYCCMMTTTGGAAAGGACCAGCAAAGCTTCTCTGGAAAGGTGAAGGGGCAGTAGTGATACARGATAATAGTGACATAAAAGTAGTGCCAAGAAGAAAAGCAAAGATCATTAGRGAYTATGGAAAACAGATGGCAGGTGATGATTGTGTGGCAAGTAGACAGGATGAGGAT---
159551|INT_234|KT167793-IS,TTTTTAGATGGAATAGATAAGGCCCAAGAAGAACATGAGAAATATCACAGYAATTGGAGAGCAATGGCTAGTGATTTTAACCTGCCACCTGTAGTAGCAAAAGAAATAGTAGCCAGCTGTGATAAATGYCAGCTAAAAGGAGAAGCCATGCATGGACAAGTAGACTGTAGTCCAGGAATATGGCAACTAGATTGTACACATTTAGAAGGAAAAATTATCCTGGTRGCAGTTCATGTAGCCAGTGGATATATAGAAGCAGAAGTTATTCCAGCAGARACAGGGCAGGAAACAGCATACTTTCTCTTAAAATTAGCAGGAAGATGGCCAGTAAAAACAATACATACAGACAATGGCAGCAATTTCACCAGCACTACGGTTAAGGCCGCCTGTTGGTGGGCGGGGATCAAGCAGGAATTTGGCATTCCCTACAATCCCCAAAGTCAAGGAGTAGTAGAATCTATGAATAAAGAATTAAAGAAAATTATAGGACAGGTAAGAGATCAGGCTGAACATCTTAAGACAGCAGTACAAATGGCAGTATTCATYCACAATTTTAAAAGAAAAGGGGGGATTGGGGGGTATAGTGCAGGGGAAAGAATAGTAGACATAATAGCAACAGACATACAAACTAAAGAATTACAAAAACAAATTACAAAAATTCAAAATTTTCGGGTTTATTACAGGGACAGCAGAGATCCACTTTGGAAAGGACCAGCAAAGCTSCTCTGGAAAGGTGAAGGGGCAGTAGTAATACAAGATAATAGTGACATAAAAGTAGTGCCAARAARAAAAGYAAAGATCATTAGGGATTATGGAAAACAGATGGCAGGTGATGATTGTGTGGCAAGTAGACAGGATGAGGAT---
113633|490|JX425823-IS,TTTTTAGATGGCATAGATAAAGCCCAAGAAGAGCATGAAAGGTATCACAGCAACTGGAGAGCAATGGCTAATGATTTTAATCTGCCACCTGTAGTAGCAAAAGAAATAGTGGCTAGCTGTGATAAATGTCAACTAAAAGGGGAAGCCATGCATGGCCAAGTAGACTGTAGTCCAGGAATATGGCAATTAGATTGTACACATTTAGAAGGAAAAATTATCATAGTAGCAGTACATGTAGCTAGTGGCTATATAGAAGCAGAAGTTATCCCAGCAGAAACAGGACAGGAAACAGCATACTTTCTATTAAAATTAGCAGGAAGGTGGCCAGTGAAAATAATACATACAGACAATGGCAGCAATTTCACCAGTAATGCAGTAAAGGCAGCATGTTGGTGGGCAAATATCACACAAGAATTTGGAATTCCCTACAATCCCCAAAGCCAAGGAGTAGTGGAATCTATGAATAAGGAATTAAAGAAAATCATTGGGCAGGTCAGGGATCAAGCTGAACACCTTAAAACAGCGGTACAAATGGCAGTATTCATTCACAATTTTAAAAGAAAAGGGGGGATTGGGGGGTACAGTGCAGGGGAAAGAATAATAGACATAATAGCATCAGATATACAAACTAAAGAACAACAAAAACAAATTACAAAAATTCAAAATTTTCGGGTTTATTACAGGGACAGCAGAAATCCAATTTGGAAAGGACCAGCAAAACTGCTCTGGAAAGGTGAAGGGGCAGTAGTAATACAAGACAATAACGAAATAAAGGTAGTACCAAGGAGAAAAGCAAAGATCATTAGGGATTATGGAAAACAGATGGCAGGTGATGATTGTGTGGCAGGTGGACAGAATGAGGAT---
15031|ARMA037|AY037277-IS,TTTTTAGATGGGATAGATAAGGCACAGGAAGAACATGAAAAATATCACAACAATTGGAGAGCAATGGCTAGTGATTTTAATATACCACCTGTAGTAGCAAAAGAAATAGTAGCTAGCTGTGATAAATGTCAGCTAAAAGGGGAAGCCATGCATGGACAAGTAGATTGTAGTCCAGGGATATGGCAATTAGATTGTACACATTTAGAAGGAAAAATTATCCTGGTAGCAGTCCATGTAGCTAGTGGGTACCTAGAAGCAGAAGTTATCCCAGCAGAAACAGGACAAGAAACAGCCTACTTCATACTAAAGTTAGCAGGAAGATGGCCAGTAAAAACAATACATACAGACAATGGCACCAATTTCACCAGTGCCGCGGTTAAGGCAGCCTGTTGGTGGGCAGGTATCCAGCAGGAATTTGGGATCCCCTACAACCCCCAAAGTCAGGGAGTAGTAGAATCTATGAATAAAGAACTAAAGAAGATCATAAAACAGGTGAGAGATCAAGCTGAGCATCTTAAGACAGCAGTACAAATGGCAGTATTCATCCACAATTTTAAAAGAAAAGGGGGGATTGGGGGATACAGTGCAGGGGAAAGAATAATAGACATAATATCATCAGACATACAAACTAAAGAATTACAAAAACAAATTATAAAAATTCAAAATTTCCGGGTTTATTACAGGGACAGCAGAGACCCAGTTTGGAAAGGACCAGCAAAGCTACTCTGGAAAGGTGAAGGGGCAGTAGTCATACAAGACAATAGTGAAATAAAAGTAGTACCAAGAAGAAAAGCAAAAATCATTAGGGATTATGGAAAACAGATGGCAGGTGATGATTGTGTGGCAGGTAGACAGGATGAGGAT---
163655|mpp_155|KR860938-IS,TTTCTAGATGGAATAGACAAGGCTCAAGAAGAGCATGAAAGGTATCACAGCAATTGGAGAGCAATGGCTAGTGAGTTTAATATACCACCCGTAGTAGCAAAAGAAATAGTAGCTAGCTGTGATAAATGTCAGCAAAAAGGGGAAGCCATGCATGGACAGGTAGACTGTAGTCCAGGGATATGGCAATTAGATTGTACACACTTAGAAGGAAAAGTTATCATGGTAGCAGTCCATGTAGCCAGTGGCTACATGGAAGCAGAGGTTATCACAGCAGAAACAGGACAAGAAACAGCATACTACATACTAAAATTAGCAGGAAGATGGCCAGTCAAAGTAATACATACAGACAATGGTAGTAATTTCACCAGTGCTGCAGTTAAAGCAGCCTGTTGGTGGGCAGGTATCCAACAGGAATTTGGAATTCCCTACAATCCCCAAAGTCAGGGAGTAGTAGAATCCATGAATAAAGAACTAAAGAAAATTATAGGGCAGGTAAGAGATCAAGCGGAGCACCTCAAGACAGCAGTACAAATGGCAGTATTCATTCACAATTTTAAAAGAAAAGGGGGGATTGGGGGGTACAGTGCAGGGGAAAGAATAATAGACATAATAGCAACAGACATACAAACAAAAGAATTACAAAAACAAATTATAAAAATTCAAAATTTTCGGGTTTATTACAGAGACAGCAGAGACCCTATTTGGAAAGGACCAGCCAAACTACTCTGGAAAGGTGAAGGGGCAGTAGTCATACAAGATAATAGTGACATAAAGGTAGTACCAAGGAGGAAGGTAAAAATCATTAAGGACTATGGAAAACAGATGGCA---------------------------------------
59018|5032|FJ183655-IS,---------------------GCCCAAGAAGACCATGAGAAATATCACAGTAATTGGAAAGCAATGGCTAGTGAWTTTAACCTGCCACCTGTAGTAGCAAAAGAAATAGTAGCCAGCTGTGATAAATGTCAGCTAAAAGGAGAAGCCATGCATGGACAAGTRGACTGTAGTCCAGGAATATGGCAAYTAGAYTGTACMCATTTAGAAGGAAAAATTATCRTRGTAGCAGTTCATGTAGCCAGTGGATAYATAGAAGCAGAAGTTATTCCAGCAGARACAGGACAGGAAACAGCATACTTCATCTTAAAATTAGCAGGAAGATGGCCAGTAAAAACAATACATACAGACAATGGCAGCAATTTCACCAGTRCTACRGTYAAGGCCGCYTGYTGGTGGGCGGGGATCAAGCAGGAATTTGGCATTCCCTACAATCCYCAAAGTCAAGGAGTAGTAGAATCTATGAATAAAGAATTAAAGAAAATTATAGGCCARGTAAGAGATCAGGCTGAACATCTTARGACAGCAYTACAAATGGCAGTATTCATTCACAATTTTAAAAGAAAAGGGGGGATTGGGGAATACAGTGCAGGGGAAAGAATAATAGACATAATAGCAACAGACATACAAACTAAAGAATTACAAAAACAAATTWCAAAAATTCAAAATTTTCGGGTTTATTACAGGGACAGCAGAGATCCACTTTGGAAAGGACCAGCAAAGCTTCTCTGGAAAGGTGAAGGGGCAGTAGTAATACAAGATAAYAGTGAAATAAAAGTAGTGCCAAGAAGAAAAGCA------------------------------------------------------------------------
127566|KI-715|AB874058-IS,TTTTTGGATGGAATAGATAGGGCCCAAGAAGAACATGAGAAATACCACTGTAATTGGAGAGCAATGGCCAGTGATTTTAACCTGCCACCTGTAGTAGCAAAAGARATAGTAGCCAGCTGTGATAAATGTCAGCTAAAAGGAGAAGCCATGCATGGACAAGTAGACTGTAGTCCAGRAATATGGCAACTAGATTGTACACATTTAGAAGGAAAAATTATCCTAGTAGCAGTTCATGTAGCCAGTGGGTATATAGAAGCAGAAGTTATTCCAGCAGAAACAGGACAGGAAACAGCATATTTTGTCTTAAAATTAGCAGGAAGATGGCCAGTAAAAACAATCCATACAGACAATGGCAGYAATTTCACTAGTGCTGCRGTTAAGGCCGCCTGTTGGTGGGCAGGGATCAAGCAGGAATTTGGCATTCCCTACAATCCYCAAAGTCAAGGAGTAGTAGAATCTATGAATAAAGAATTAAAGAAAATTATAGAACAGGTAAGAGATCAGGCTGARCATCTTAAGACAGCAGTACAAATGGCAGTATTCATYCACAATTTTAAAAGAAAAGGGGGGATTGGGGGATACAGTGCAGGAGAAAGAATAGTAGACATAATAGCAACAGACATACAAACTAAAGAATTACAAAAACAAATTACAAAAATTCAAAATTTTCGGGTTTATTACAGAGACAACAGAAATCCACTTTGGAAAGGACCAGCAAAGCTGCTCTGGAAAGGTGAAGGGGCAGTAGTAATACAAGATAATAGTGAAATAAAAGTAGTGCCAAGAAGAAAAGCAAAAATCATTAGGGATTATGGAAAACAGATGGCAGGTGATGATTGTGTGGCAGGTAGACAGGATGAGGAT---
72135|B4522|GQ371798-IS,TTTTTAGATGGAATAGATAAGGCCCAAGAAGAACATGAAAAATATCACAGTAATTGGAGAGCAATGGCTAGTGATTTTAACCTGCCACCTATAGTAGCAAAAGAAATAGTAGCCAGCTGTGATAAATGCCAGGTGAAAGGAGAAGCCATGCATGGACAAGTAGACTGTAGCCCAGGAATATGGCAACTAGATTGTACACATTTAGAAGGAAAAATTATCCTGGTAGCAGTTCATGTAGCCAGTGGATACATAGAAGCAGAAGTTATTCCAGCAGAAACAGGGCAGGACACAGCATACTTTATCTTGAAATTGGCAGGAAGATGGCCAGTAAGCACAATTCATACAGACAATGGCAGCAATTTCACCAGTACTGCAGTTAAAGCCGCCTGTTGGTGGGCGGGGATCAAGCAGGAATTTGGCATTCCCTACAATCCTCAAAGTCAAGGAGTAGTAGAATCTATGAATAATGAATTAAAGAAAATTATAAAACAGGTAAGAGATCAGGCTGAACATCTTAAAACAGCAGTACAAATGGCAGTATTCATCCACAATTTTAAAAGAAAAGGGGGGATTGGAGGGTACAGTGCAGGGGAAAGAATAGTAGACATAATATCAACAGACATACAAACTAAAGAATTACAAAAACAAATTTCAAAAATTCAAAATTTTCGGGTTTATTACAGGGACAGCAGAGATCCACTTTGGAAAGGACCAGCAAAGCTTCTCTGGAAAGGTGAAGGGGCAGTAGTAATACAAGATAATAGTGACATAAAGGTAGTGCCAAGAAGAAAAGCAAAGATCATTAGGGATTATGGAAAACAGATGGCAGGTGATGATTGTGTGGCAAGTAGACAGGATGAGGAT---
106644|BEC48|EU517873-IS,TTTTTAGATGGGATAGATAAGGCCCAAGAAGAACATGAGAAATATCACAGTAATTGGAGAGCAATGGCTAGTGATTTTAACCTRCCACCTGTAGTAGCAAAAGAAATAGTAGCCAGCTGTGAYAAATGTCAGCTRAAAGGRGAAGCCATGCATGGACAAGTAGACTGTAGTCCAGGAATATGGCAACTAGATTGTACACATTTAGAAGGAAAAGTTATCATGGTAGCAGTTCATGTAGCTAGTGGATATATAGAAGCAGAAGTCATYCCAGCAGAGACAGGGCAGGAAACAGCATACTTTATCTTAAAATTAGCAGGAAGATGGGCAGTAAAAACAATACATACAGACAATGGCAGCAATTTCACCAGTGCTACAGTTAAGGCCGCCTGTTGGTGGGCGGGGATCAAGCAGGAATTTGGCATTCCCTACAATCCCCAAAGTCAAGGAGTAGTAGAATCTATGAATAAAGAATTAAAGAAAATTATAGGACAGGTAAGAGATCAGGCTGAACTTCTTAAGACAGCAGTGCAAATGGCAGTATTCATCCACAATTTTAAAAGAAAAGGGGGGATTGGGGGATACAGTGCAGGGGAAAGAATAGTAGACATAATAGCAACAGACATACAAACTAAAGAATTACAAAAACAAATTACAAAAATTCAAAATTTTCGGGTTTATTACAGGGACAGCAGAGATCCACTTTGGAAAGGACCAGCAAAGCTTCTTTGGAAAGGTGAAGGGGCAGTAGTAATACAAGATAATAGTGACATAAAAGTAGTGCCAAGAAGAAAAGTAAAGATCATTAGGGATTATGGAAAACAGATGGCAGGTGATGATTGTGTGGCAAGTAGACAGGATGAGGAT---
112711|102-1113|JQ250554-IS,TTTCTAGATGGAATAGATAAGGCTCAACAAGATCATGACAAATATCACAGCAATTGGAGAGCAATGGCTAGTGACTTTAATCTACCACCCATAGTAGCAAAAGAAATAGTAGCTAGCTGTGATAAATGTCAGCTAAAAGGGGAAGCCATACATGGACAAGTAGACTGTAGTCCAGGAATATGGCAATTAGATTGCACACATTTAGAAGGGAAAGTCATCATGGTGGCAGTCCATGTAGCTAGTGGCTACATAGAAGCAGAAGTTATCCCAGCAGAAACAGGACAAGAAACAGCATACTTCATACTAAAATTAGCAGGAAGATGGCCAGTCAAAGTAGTACATACAGACAATGGCAGCAATTTCACCAGCAATACAGTTAAGGCAGCCTGCTGGTGGGCAGGTATCAAACAGGAATTTGGAATTCCCTACAATCCCCAAAGTCAGGGAGTAGTAGAATCCATGAATAAAGAATTAAAGAAAATTATAGGACAGGTAAGAGATCAAGCTGAACATCTTAAGACAGCMGTACAAATGGCAGTACTCATTCACAATTTTAAAAGAAGAGGGGGGATTGGGGAGTACAGTGCAGGAGAAAGGATAATAGACATAATAGCAACAGACATACAAACTAAAGAACTACAAAAACAAATTATAAAAATTCAAAATTTTCGGGTTTATTACAGAGACAGCAGAGACCCTATTTGGAAAGGACCAGCCAAGCTACTCTGGAAAGGTGAAGGGGCAGTAGTAATACAAGATAACAGTGACATAAAAGTAGTACCAAGGAGGAAAGTAAAAATCATTAAGGACTATGGAAAACAGATGGCAGGTGCTGATTGTGTGGCAAGTAGACAGGATGAAGAT---
38173|ML_58-8786|EF472752-IS,TTTTTAGATGGAATAGATAAGGCCCMAGATGRACATGAGAAATATCMCAGTAATTGGAGAGCAATGGCTAGTGATTTTAACCTGCCACCTGTAGTAGCAAAAGAAATAGTAGCCAGCTGTGATAAATGTCAGCTAAAAGGAGAAGCCATGCATGGACAAGTAGACTGTAGTCCAGGAATATGGCAACTAGATTGTACACATTTAGAAGGAAAAGTTATCCTGGTAGCAGTTCATGTAGCCAGTGGATATATAGAAGCAGAAGTTATTCCAGCAGAAACAGGGCAGGAAACAGCATATTTTCTTTTAAAATTAGCAGGAAGATGGCCAGTAAAAACAATACATACAGACAATGGCAGCAATTTCACCAGTGCTACGGTTAAGGCCGCCTGTTGGTGGGCGGGAATCAAGCAGGAATTTGGAATTCCCTACAATCCCCAAAGTCAAGGAGTAGTAGAATCTATGAATAAAGAATTAAAGAAAATTATAGGACAGGTAAGAGATCAGGCTGAACATCTTAAGACAGCAGTACAAATGGCAGTATTCATCCACAATTTTAAAAGAAAAGGGGGGATTGGGGGGTACAGTGCAGGGGAAAGAATAGTAGACATAATAGCAACAGACATACAAACTAAAGAATTACAAAAACAAATTACAAAAATTCAAAATTTTCGGGTTTATTACAGGGACAGCAGAAATCCACTTTGGAAAGGACCAGCAAAGCTCCTCTGGAAAGGTGAAGGGGCAGTAGTAATACAAGATAATAGTGACATAAAAGTAGTGCCAAGAAGAAAAGCAAAGATCATTAGGGATTATGGAAAACAGATGGCAGGTGATGATTGTGTGGCAAGTAGACAGGATGAGGAT---
112749|DRC-909|JQ250592-IS,TTTCTAGATGGGATAGACAAGGCTCAAGAAGAACATGARAAGTATCACAACAATTGGAGGGCAATGGCTAGTGATTTTAATATACCACCTGTAGTAGCAAAAGAAATAGTAGCCTGCTGTGATAAATGTCAGCTAAAAGGGGAAGCCATGCATGGACAAGTAGACTGTAGTCCAGGGATATGGCAATTAGACTGTACACATTTAGAAGGAAAAATTATCATGGTAGCAGTCCATGTAGCTAGTGGCTATATAGAAGCAGAAGTTATTCCAGCAGAAACAGGACAGGAAACAGCCTACTTCATCCTAAAGTTAGCAGGAAGATGGCCGGTAAAGGTAGTACATACAGACAATGGCCCCAACTTCACCAGTGCCGCGGTTAAAGCAGCCTGTTGGTGGGCAGGTATCCAACAGGAATTTGGAATTCCCTACAATCCCCAAAGTCAAGGAGTAGTAGAATCCATGAATAAAGAATTAAAGAAAATCATAGGGCAAATAAGAGAGCAAGCTGAGCACCTTAAGACAGCAGTACAAATGGCAGTATTCATTCACAATTTTAAAAGAAAAGGGGGGATTGGGGGATACAGTGCAGGGGAAAGAATAATAGACATAATAGCAACAGACATACAAACTAAAGAATTACAAAAACAAATTTCAAAAATTACAAATTTTCGGGTTTATTACAGGGACAGCAGAGACCCAATTTGGAAAGGACCAGCAAAACTGCTCTGGAAAGGTGAAGGGGCAGTAGTAATACAGGACAATAGTGATATAAAAGTAGTACCAAGAAGAAAAGCAAAGATCATTAGGGATTATGGAAAACAGATGGCAGGTGATGATTGTGTGGCAGGTAGACAGGATGAGAAT---
114698|THR15INT|AB716156-IS,TTTTTAGATGGGATAGATAAGGCTCAAGAAGAACATGAAAGATATCACAGTAATTGGAGAGCAATGGCTAGTGATTTTAATATACCACCTATAATAGCAARGGAAATAGTAGCCAACTGTGATAAATGTCAACTGAAAGGGGAAGCCATGCATGGACAAGTAGACTGTAGTCCAGGGATGTGGCAATTAGATTGCACACATCTAGAAGGAAAAGTAATTCTGGTAGCAGTCCATGTAGCTAGTGGCTATATAGAAGCAGAAGTGATCCCAGCAGAAACAGGGCAGGAGACAGCATACTTTCTGCTAAAATTAGCAGGAAGATGGCCAGTAAAAGTAGTACACACAGACAATGGCAGCAATTTCACCAGCGCTGCATTTAAAGCAGCCTGTTGGTGGGCARGTATCCAACAAGAATTTGGAATTCCCTACWATCCCCAAAGTCAAGGAGTAGTGGAATCTATGAATAAGGAATTAAAGAAAATCATAGGGCAGGTAAGAGAGCAAGCTGAACMCCTTAAGACAGCAGTACAAATGGCAGTATTCATTCACAATTTTAAGARAAAAGGGGGGATTGGGGGGTACAGTGCAGGGGAAAGAATAATAGATATGATAGCAACAGACATACAAACTAAAGAACTACAAAAACAAATTACAAAAATTCAAAAATTTCGGGTTTATTACAGGGACAGCARARATCCACTTTGGAAAGGACCAGCAAGACTACTCTGGAAAGGTGAAGGGGCAGTAGTAATACAGGACAATAGTGATATAAAGRTAGTGCCTAGAARAAAARCAAAGATCATTAGGGATTATGGAAAACAGATGGCAGGTGATGATTGTGTGGCAGGTAGACAGGATGAGGAT---
136652|LT31|JN864056-IS,TTTTTAGATGGTATAGATAAAGCCCAAGAAGAGCATGAAAGATATCACAGCAATTGGAGAGCAATGGCTAGTGATTTTAATCTGCCACCTATAGTAGCAAAAGAAATAGTGGCCAGCTGTGATAAATGTCAGCTAAAAGGAGAAGCCATGCATGGCCAAGTAGACTGTAGCCCAGGAATATGGCAATTAGATTGTACACATTTAGAAGGAAAAATTATCCTGGTAGCAGTCCATGTGGCCAGTGGCTATATAGAAGCAGAAGTTATCCCAGCAGAAACAGGACAGGAAACAGCATACTTTATACTAAAGTTAGCAGGAAGATGGCCAGTAAAGGTAATACACACAGACAATGGTAGCAATTTCACCAGCGCTGCAGTTAAAGCAGCCTGTTGGTGGGCAGGTGTCCAACAAGAATTTGGAATTCCCTACAATCCCCAGAGTCAAGGAGTAGTAGAATCTATGAATAAAGAGTTAAAGAAAATCATAGGACAGGTCAGGGATCAAGCTGAACACCTTAAAACAGCAGTGCAGATGGCAGTATTCATTCACAATTTTAAAAGAAAAGGGGGGATTGGGGGGTACAGTGCAGGGGAAAGAATAATAGACATAATAGCATCAGACTTACAAACTAAGGAACTACAAAAACAAATTACAAAAATACAAAATTTTCGGGTTTATTACAGGGACAGCAGAAATCCAATTTGGNAAGGACCAGCAAAACTACTCTGGAAAGGTGAAGGGGCAGTAGTAATACAAGACAATAACGAAATAAAGGTAGTACCAAGGAGAAAAGCAAAGATCATTAAGGATTATGGAAAACAGATGGCAGGTGATGATTGTGTGGCAGGTAGACAGGATGAGGAT---
153667|N0680|LC022453-IS,TTTCTAGATGGAATAGATAAGGCCCAAGAAGAYCATGAAAAATATCACACTAATTGGAGAGCAATGGCTAGTGATTTYAACCTGCCRCCTGTAATAGCAAAAGAAATAGTWGCCAGCTGTGATARATGTCAGCTAAAAGGAGAAGCCATGCATGGACAAGTAGACTGYAGCCCAGGAATATGGCAGCTAGATTGTACACATTTAGAAGRAAAARTTATCMTGGTAGCAGTTCATGTAGCYAGTGGATACATAGAAGCAGAAGTTATTCCAGCAGARACAGGGCAGGAAACAGCATACTTTATCTTAAAATTRGCAGGAAGATGGCCAGTARCCACAATACATACAGACAATGGTAGTAATTTCACCAGTARCGCGGTTAAGGCCGCCTGTTGGTGGGCAGGGATCAAGCAGGAATTTGGCATTCCCTAYAATCCCCAAAGTCAAGGRGTAGTAGAATCTATGAATARAGAATTAAAGAARATTRTAGGACAGATAAGAGATCAGGCTGAACATCTCAAGACAGCARTACAAATGGCAGTATTCATTCACAATTTTAAGAGAAAAGGGGGGATTGGGGGGTACAGTGCAGGGGAAAGAATARTAGACATGATAGCAACAGACATACAAACTAAAGAACTACAAAAGCAAATTACAAAAATTCAAAATTTTCGGGTTTATTACAGGGACAGCAGAGATCCGATTTGGAAAGGACCAGCAAAACTTCTTTGGAAAGGTGAAGGGGCAGTAGTAATACAGGATAATAGTGAYATAAAAGTAGTGCCAAGAAGAAAGGCAAAAATCATTAGAGATTATGGAAAACAGATGGCAGGTGATGATTGTGTGGCARGTAGACAGGATGAGGAT---
31245|02UZ698|AY829206-IS,TTTTTAGAAGGGATAGATAAGGCTCAAGAAGACCATGAAAAATATCACAGCAATTGGAAAGCAATGGCTAGTGATTTTAATCTGCCACCTATAGTAGCAAAGGAAATAGTAGCCAGCTGTGATAAATGTCAGTTAAAAGGAAAAGCTATGCATGGACAGGTAGACTGTAGTCCAGGGATATGGCAATTAGATTGCACACATCTAGAAGGAAAAGTAATCATGGTAGCAGTCCATGTAGCCAGTGGCTATATCGAAGCAGAAGTTATCCCAGCAGAAACAGGACAGGAGACAGCATACTTTCTGCTAAAATTAGCAGGAAGATGGCCAGTAAAAGTAGTACACACAGATAATGGCCCCAATTTCACCAGCAGTGCAGTTAAGGCTGCCTGTTGGTGGGCAAATATCCAACAGGAATTTGGGATTCCCTACAATCCCCAAAGTCAAGGAGTAGTGGAGTCTATGAATAAGGAATTAAAAAAAATCATAGGGCAGGTAAGAGAGCAAGCTGAACACCTTAAGACAGCAGTACAAATGGCAGTATTCATTCACAATTTTAAAAGAAAAGGGGGGATTGGGGGGTACAGTGCAGGGGAAAGAATAATAGACATAATAGCAACAGACATACAAACTAAAGAATTACAAAAACAAATTATAAAAATTCAAAATTTTCGGGTTTATTACAGAGACAGCAGAGATCCAATTTGGAAAGGACCAGCAAAACTACTCTGGAAAGGTGAAGGGGCAGTGGTAATACAGGACAATAACGATATAAAAGTAGTACCAAGAAGAAAAGCAAAGATCATTAGGGATTATGGAAAACAGATGGCAGGTGATGATTGTGTGGCAAGTAGACAGGATGAGGAT---
56785|336-39|EU618153-IS,TTTTTGGATGGAATAGATAAGGCTCAAGACGAACATGAAAGGTATCACAGCAATTGGAGAGCAATGGCTAGTGATTTTAACCTACCACCTGTGGTAGCAAAAGAAATAGTAGCTAGCTGTGATAAATGTCAACTAAAAGGAGAAGCCATGCATGGACAAGTAGACTGTAGTCCAGGAATATGGCAATTAGATTGTACACATCTAGAAGGAAAAGTTATCATGGTAGCAGTTCATGTAGCCAGTGGCTATATAGAAGCAGAAGTTATTCCAGAAGAAACAGGGCAGGAAACAGCATACTTTCTCTTAAAATTAGCAGGAAGATGGCCAGTAAAAGTAGTGCATACAGACAATGGCAGAAATTTTATCAGTGCTGCCGTTAAGGCCGCATGTTGGTGGGCAGGTATCAAGCAGGAATTCGGAATTCCCTACAATCCCCAAAGTCAAGGAGTAGTAGAATCTATGAACAAGGAATTAAAGAAAATTATAGGGCAGGTAAGAGACCAAGCTGAACATCTTAAGACAGCAGTACAAATGGCAGTATTCATTCACAATTTTAAAAGAAAAGGGGGGATTGGGGGGTACAGTGCAGGGGAAAGAATAATAGACATAATAGCAACAGACATACAAACTAGAGAATTACAAAAACAAATTATAAAAATTCAAAATTTTCGGGTTTATTACAGGGACAGCAGAGATCCAATTTGGAAAGGACCAGCAAAGCTTCTCTGGAAAGGTGAAGGGGCAGTAGTAATACAAGACAATAGTGACATAAAGGTAGTACCAAGAAGGAAAGCAAAGATCATTAGGGATTATGGAAAACAGATGGCAGGTGATGATTGTGTGGCAAGTGGACAGGATGAGGAT---
58648|W36|FJ554709-IS,TTTCTGGATGGCATTGATCAGGCGCAGGAAGAACATGAAAAATATCATAGCAACTGGCGTGCGATGGCGAGCGATTTTAACCTGCCGCCGGTGGTGGCGAAAGAAATTGTGGCGAGCTGCGATAAATGCCAGCTGAAAGGCGAAGCGATGCATGGCCAGGTGGGCTGCAGCCCGGGCATTTGGCAGCTGGATTGCACCCATCTGGAAGGCAAAATTATTCTGGTGGCGGTGCATGTGGCGAGCGGCTATATTGAAGCGGAAGTGATTCCGACCGAAACCGGCCAGGAAACCGCGTATTTTCTGCTGAAACTGGCGGGCCGTTGGCCGGTGAAAACCATTCATACCGATAACGGCAGCAACTTTACCAGCGCGACCGTGAAAGCGGCGTGCTGGTGGGCGGGCATTAAACAGGAATTTGGCATTCCGTATAACCCGCAGAGCCAGGGCGTGGTGGAAAGCATGAACAAAGAACTGAAAAAAATTATTGGCCAGGTGCGTGATCAGGCGGAACATCTGAAAACCGCGGTGCAGATGGCGGTGTTTATTCATAACTTTAAACGTAAAGGCGGCATTGGCGGCTATAGCGCGGGCGAACGTATTGTGGATATTATTGCGAGCGATCTGCAGACCAAAGAACTGCAGAACCAGGTGACCAAAATTCAGAACTTTCGTGTGTATTATCGTGATAGCAAAAACCCGCTGTGGAAAGGCCCGGCGAAACTGCTGTGGAAAGGCGAAGGCGCGGTGGTGATTCAGGATAACAGCGATATTAAAGTGGTGCCGCGTCGTAAAGCGAAAATTATTCGTGATTATGGCAAACAGATGGCGGGCGATGATTGCGTGGCGAGCCGTCAGGATGAAGAT---
56979|A1117|EU618347-IS,TTTTTAGATGGCATAGATAAAGCCCAAGAAGAGCATGAAAGATATCACAGTAATTGGAGAGCAATGGCTAGTGATTTTAATCTGCCACCTATAGTAGCAAAAGAAATAGTGGCCAGCTGTGATAAATGCCAGCTAAAAGGGGAAGCCATGCATGGACAAGTAGACTGTAGCCCAGGAATATGGCAATTAGATTGTACACATTTAGAAGGAAAAATTATCATGGTAGCAGTCCATGTAGCCAGTGGCTACATAGAAGCAGAAGTGATCCCAGCAGAAACAGGACAGGAGACAGCATACTTTMTATTAAAATTAGCAGGAAGATGGCCAGTGAAAGTAATACACACAGATAATGGCAGTAATTTCACCAGTGCTGCAGTAAAAGCTGCATGTTGGTGGGCAAATATCACACAAGAATTTGGAATTCCCTACAATCCCCAAAGCCAAGGAGTAGTGGAATCTATGAATAAAGAATTAAAGAAAATTATAGGGCAGGTCAGGGATCAAGCTGAACACCTTAAGACAGCAGTACAGATGGCAGTATTCATTCACAATTTTAAAAGAAAAGGGGGGATTGGGGGGTACAGTGCAGGGGAAAGAATAATAGACATAATAGCATCAGACATACAAACTAAAGAACTACAAAAACAAATTATAAAAATCCAAAATTTTCGGGTTTATTACAGGGACAGCAGAGATCCAATTTGGAAAGGACCAGCAAAACTACTTTGGAAAGGTGAAGGGGCAGTAGTAATACAGGACAATAGTGATATAAAGGTAGTACCAAGAAGAAAAGTAAAAATCATTAGGGATTATGGAAAACAGATGGCAGGTGATGATTGTGTGGCAAGTAGACAGGCTGAGGAT---
57877|ABB125-98|FJ480306-IS,TTTTTAGATGGTATAGATAAAGCCCAAGAAGAGCATGAAAGATATCACAGCAATTGGAGAGCAATGGCTAGTGATTTTAATCTGCCACCTGTAGTAGCAAGAGAAATAGTGGCCAGCTGTGACAAATGTCAGCTAAAAGGGGAAGCCATGCATGGCCAAGTAGACTGTAGTCCAGGAATATGGCAATTAGATTGTACACATTTAGAAGGAAAAATTATCATGGTAGCAGTCCATGTGGCCAGTGGCTATATAGAAGCAGAAGTTATCCCAGCAGAAACAGGACAGGAAACAGCATACTTTATACTAAAATTGGCAGGAAGGTGGCCAGTGAAAATAATACATACAGACAATGGCAGCAATTTCACCAGTGCTGCAGTAAAGGCAGCATGTTGGTGGGCAAATGTCACACAAGAATTTGGAATTCCCTACAATCCCCAAAGCCAAGGAGTAGTRGAGTCTATGAATAAAGAATTAAAGAAAATTATCGGGCAGGTMAGGGATCAAGCTGAACACCTTAAGACAGCAGTACAGATGGCAGTATTCATTCACAATTTTAAAAGAAAAGGGGGGATTGGGGGGTACAGTGCAGGGGAAAGGATAATAGACATAATAGCATCAGATATACAAACTAAAGAACTACAAAAACAAATTACAAAAATTCAAAATTTTCGGGTTTATTTCAGGGACAGCAGAGATCCAATTTGGAAAGGACCAGCAAARCTACTCTGGAAAGGTGAAGGGGCAGTAGTAATACAAGACAATAACGAAATAAAGGTAGTACCAAGGAGAAAAGCAAAGATCATTAGGGATTATGGAAAACAGGTGGCAGGTGATGATTGTGTGGCAGGTAGACAGGATGAA------
112753|DESDES|JQ250596-IS,TTTTTAGATGGGATAGATAAAGCACAAGAAGACCATGAAAAATATCACAGCAATTGGAGAGCAATGGCTAGTGATTTTAATCTGCCACCTGTAGTAGCAAAAGAAATAATAGCTAGCTGTGATAAGTGTCAGCTGAAAGGGGAAGCAATGCATGGACAGGTAGACAGTAGTCCAGGAATATGGCAATTAGATTGTACACATTTAGAAGGGAAAGTTATTCTGGTAGCAGTCCATGTAGCTAGTGGGTACCTAGAAGCAGAAGTTATCCCAGCAGAAACAGGACAGGAAACAGCCTACTTCATATTAAAGTTAGCAGGAAGATGGCCAGTAAAAATAGTCCATACAGACAATGGTCCCAATTTCAGCAGTGCTGCAGTTAAGGCAGCCTGTTGGTGGGCAGGTATCCAGCAGGAATTTGGAATTCCCTACAATCCCCAAAGTCAAGGAGTAGTGGAATCTATGAATAAAGAGCTAAAGAAGATCATAAAACAAGTAAGAGATCAAGCTGAGCATCTTAAGACAGCAGTACAAATGGCAGTATTCATTCACAATTTTAAAAGAAAAGGGGGGATTGGGGGATACAGTGCAGGGGAAAGAATAATAGACATAATAGCAACAGACATACAAACTAGAGAATTACAAAAACAAATTATAAAAATTCAAAATTTCCGGGTTTATTACAGGGACAGCAGAGACCCAGTTTGGAAAGGACCAGCAAAACTACTCTGGAAAGGTGAAGGGGCAGTAGTCATACAAGACAATAGTGAAATAAAAGTAGTACCCAGAAGAAAAGCAAAGATCATTAGGGATTATGGAAAACAGATGGCAGGTGATGATTGTGTGGCAGGTAGACAGGATGAGATT---
80193|J11223|EU697904-IS,TTTTTAGATGGCATAGATAAAGCCCAAGAAGAGCAYGAAAGATATCACAGCAATTGGAGAGCAATGGCTAGTGATTTTGATCTGCCCCCTGTAGTAGCAAAAGAAATAGTGGCCAGCTGTGATAAATGTCAGCAAAAAGGAGAAGCCATGCATGGACAAGTAGACTGTAGTCCAGGAATATGGCAATTAGATTGTACACATCTAGAAGGAAAAGTTATCATGGTAGCAGTCCATGTAGCCAGTGGCTATATAGAAGCAGAGGTCATCCCAGCAGAAACAGGACAGGACACAGCATACTTTATATTAAAATTAGCAGGAAGATGGCCAGTAAAAGTAATACACACAGACAATGGCAGCAACTTCACCAGTGCTGCAGTAAGGGCAGCATGTTGGTGGGCAAGTGTCACACAAGAATTTGGAATTCCCTACAATCCCCAAAGCCAAGGAGTAGTGGAATCTATGAATAAAGARTTAAAGAAAATCATAGGACAAGTTAGGGATCAAGCTGAACACCTTAAGACAGCAGTACAGATGGCAGTATTCATTCACAATTTTAAAAGAAAAGGGGGGATTGGGGGGTACAGTGCAGGGGAAAGRATAATAGACATAATAGCATCAGATCTACAAACTAAAGAACTACAAAAACAAATTACAAAAATTCAAAATTTTCGGGTTTATTACAGGGACAGCAGAGACCCAATTTGGAAAGGACCAGCAAAACTACTTTGGAAAGGTGAAGGGGCGGTAGTGATACAAGACAATAGTGAAATAAAGGTAGTACCAAGAAGAAAAGCAAAAATCATTAGGGATTATGGAAAACAGATGGCAGGTAATGATTGTGTGGCAGGTAGACAGGATGAGGAT---
58729|W117|FJ554790-IS,TTTCTGGATGGCATTGATAAAGCGCAGGAAGAACATGAAAAATATCATAGCAACTGGCGTGCGATGGCGAGCGATTTTAACCTGCCGCCGGTGGTGGCGAAAGAAATTGTGGCGAGCTGCGATAAATGCCAGCTGAAAGGCGAAGCGATGCATGGCCAGGTGGATTGCAGCCCGGGCATTTGGCAGCTGGATTGCACCCATCTGGAAGGCAAAATTATTATGGTGGCGGTGCATGTGGCGAGCGGCTATATTGAAGCGGAAGTGATTCCGGCGGAAACCGGCCAGGAAACCGCGTATTTTCTGCTGAAACTGGCGGGCCGTTGGCCGGTGAAAACCATTCATACCGATAACGGCAGCAACTTTACCAGCACCGTGGTGAAAGCGGCGTGCTGGTGGGCGGGCATTAAACAGGAATTTGGCATTCCGTATAACCCGCAGAGCCAGGGCGTGGTGGAAAGCATGAACAAAGAACTGAAAAAAATTATTGGCCAGGTGCGTGATCAGGCGGAACATCTGAAAACCGCGGTGCAGATGGCGGTGTTTATTCATAACTTTAAACGTAAAGGCGGCATTGGCGGCTATAGCGCGGGCGAACGTATTGTGGATATTATTGCGACCGATATTCAGACCAAAGAACTGCAGAAACAGATTACCAAAATTCAGAACTTTCGTGTGTATTATCGTGATAGCCGTGATCCGCTGTGGAAAGGCCCGGCGAAACTGCTGTGGAAAGGCGAAGGCGCGGTGGTGATTCAGGATAACAGCGAAATTAAAGTGATTCCGCGTCGTAAAGCGAAAATTATTCGTGATTATGGCCGTCAGATGGCGGGCGATGATTGCGTGGCGGGCCGTCAGGATGAAGAT---
56754|238-28|EU618122-IS,TTTTTAGATGGCATAGATAAAGCCCAAGAAGAACATGAAAGATATCACAGCAACTGGAGAGCAATGGCTAATGATTTTAATTTACCACCTATAGTAGCAAAAGAAATAGTGGCCAGCTGTGATAAATGTCAGCTAAAGGGGGAGGCCATGCATGGACAAGTAGACTGTAGTCCAGGAATCTGGCAATTGGATTGTACACATTTAGAAGGAAAAATTATCATGGTAGCAGTCCATGTAGCCAGTGGTTATATAGAGGCAGAAGTTATCCCAGCAGAAACAGGACAGGAGACAGCATATTTTATATTAAAATTAGCAGGAAGATGGCCAGTAAAAGTAATACACACAGACAATGGCAGCAATTTCACCAGTGCTGCAGTAAAGGCAGCATGTTGGTGGGCAAATGTCACACAAGAATTTGGAATTCCCTACAATCCCCAGAGCCAAGGAGTAGTGGAATCTATGAATAAAGAATTAAAGAAAATTATAGGGCAGATCAGGGATCAAGCTGAACACCTTAAGACAGCAGTACAGATGGCAGTATTCATTCACAATTTTAAAAGAAAAGGGGGGATTGGGGGGTACAGTGCAGGGGAAAGAATAATAGATATAATAGCATCAGATATACAAACTAAAGAACTACAAAAACAAATTATAAAAATCCAAAATTTTCGGGTTTATTACAGGGACAGCAGAGATCCAATTTGGAAAGGACCAGCAAAACTACTCTGGAAAGGTGAAGGGGCAGTAGTAATACAGGACAATAGTGATATAAAGGTAGTACCAAGAAGAAAAGCAAAAATCATTAAGGATTATGGAAAACAGATGGCAGGTGATGATTGTGTGGCAAGTAGACAGGATGAGAAT---
56978|A1102|EU618346-IS,TTTTTAGATGGCATAGATAAAGCCCAAGAAGACCATGAAAAATATCACAGCAACTGGAGAGCAATGGCTAGTGATTTTAATCTGCCACCTATAGTAGCAAAAGAAATAGTGGCCAGCTGTGATAAATGCCAGCTAAAAGGGGAAGCCATGCATGGACAAGTAGACTGYAGTCCAGGAATATGGCAATTAGATTGTACACATTTAGAAGGAAAAATTATCATGGTAGCAGTCCATGTAGCCAGTGGCTATATAGAAGCAGAAGTTATCCCAGCAGAAACAGGACAGGAGGCAGCATACTTCATATTAAAATTAGCAGGAAGATGGCCAGTGAAAGTAATACACACAGACAATGGCAGCAATTTCACCAGTGCTACAGTAAAGGCAGCATGTTGGTGGGCAAATGTCACACAAGAATTTGGAATTCCCTACAATCCCCAAAGCCAAGGAGTAGTGGAATCTATGAATAAAGAATTAAAGAAAATTATAGGGCAGGTCAGGGATCAAGCTGAACACCTTAAGACAGCAGTACAAATGGCAGTATTCATTCACAATTTTAAAAGAAAAGGGGGGATTGGGGGGTACAGTGCAGGGGAAAGAATAATAGACATAATAGCATCAGATATACAAACYAAAGAACTACAAAAACAAATTACAAAAATTCAAAATTTTCGGGTTTATTACAGGGACAGCAGAGATCCAATTTGGAAAGGACCAGCAAAACTACTCTGGAAAGGTGAAGGGGCAGTGGTAATACAGGACAATAGTGATATAAAGGTAGTACCAAGAAGAAAAGCAAAAATCATTAAAGATTATGGAAAACAGATGGCAGGTGATGATTGTGTGGCAAGTAGACAGGATGAGGAT---
113009|CN0059|JQ028201-IS,TTTTTAGATGGGATAGATAAGGCTCAAGAAGAACATGAAAGATATCACAGCAATTGGAGAGCAATGGCTAGTGATTTTAATTTGCCACCTATAGTAGCAAAGGAAATAGTAGCCAGCTGTGATAAATGTCAGCTAAAAGGGGAGGCTATGCATGGACAAGTAGACTGTAGTCCAGGGATATGGCAATTAGATTGCACACATCTAGAAGGAAAAGTCATCATGGTAGCAGTCCACGTGGCCAGTGGATATATTGAAGCAGAAGTTATCCCAGCAGAAACAGGACAGGAGACAGCATACTTTATACTAAAATTAGCAGGAAGATGGCCAGTAAAAGTAATACACACAGACAATGGTAGCAATTTCACCAGCGCTGCAGTTAAAGCAGCCTGTTGGTGGGCCAATGTCCAACAAGAATTTGGGATCCCCTACAATCCCCAAAGTCAAGGAGTAATAGAATCTATGAATAAGGAATTAAAGAAAATCATAGGGCAGGTAAGAGAGCAAGCAGAACAACTTAAGACAGCAGTACAAATGGCAGTATTCATTCACAATTTTAAAAGAAAAGGGGGGATTGGGGGGTACAGTGCAGGGGAAAGAATAATAGACATAATAGCAACAGACATACAAACTAAAGAATTACAAAAACAAATTACAAAAATTCAAAATTTTCGGGTTTATTACAGGGACAGCAGAGACCCAATTTGGAAAGGACCAGCAAAACTACTCTGGAAAGGTGAAGGGGCAGTAGTCATACAAGACAATAGTGACATAAAAGTAGTA---------------------------------------------------------------------------------------
114644|KSH30INT|AB716169-IS,TTTTTAGATGGAATAGAGAAGGCTCAAGAAGAGCATGAAAAATACCACAGTAATTGGAGAGCAATGGTAAGTGATTTTAATCTGCCACCTATAGTAGCAAAGGAAATAGTAGCCAACTGTGATAAATGTCAACTAAAAGGGGAAGCCATGCATGGACAAGTAGACTGTAGTCCAGGGATGTGGCAATTAGATTGTACACATCTAGAAGGAAAAGTAATTCTGGTAGCAGTCCATGTAGCCAGTGGCTATATAGAAGCAGAAGTGATCCCAGCAGAGACAGGGCAGGAGACAGCATACTTTCTGCTAAAATTAGCAGGAAGATGGCCAGTAAAAGTAGTACACACAGACAATGGCAGCAATTTTACCAGCGCCGCATTTAAAGCAGCCTGTTGGTGGGCAAGTATCCAACAGGAATTTGGAATCCCCTACAATCCCCAAAGTCAAGGAGTAGTGGAATCCATGAATAAAGAATTAAAGAAAATCATAGGGCAGGTAAGARAGCAAGCTGAACACCTTAAGACAGCAGTACAAATGGCAGTATTCWTTCACAATTTTAAAAGAAAAGGGGGGATTGGGGGGTACAGTGCAGGGGAAAGAATAATAGATATAATAGCAACAGACATACAAACTAAAGAATTACAAAAACAAATTACAAAAATTCAAAATTTTCGGGTTTATTACAGGGACAGCAGARATCCACTTTGGAAAGGACCAGCAAAACTACTCTGGAAAGGTGAAGGGGCAGTAGTAATACAGGATAATAGTGATATAAAGGTAGTGCCTAGAAGAAAAGCAAAGATCATTAGGGATTATGGAAAACAGATGGCAGGTGATGATTGTGTGGCAGGTAGACAGGATGAGGAT---
164648|VB11|KT152841-IS,TTTCTAGATGGGATAGATAAAGCTCAAGACGAGCATGAGAAATATCACAGCAATTGGAGAGCAATGGCTAGTGATTTTAATCTGCCACCTATAATAGCAAAGGAAATAGTAGCCAGCTGTGATAAATGTCAGCTAAAAGGGGAAGCCATACATGGACAAGTAGACTGCAGTCCAGGAATATGGCAATTAGATTGCACACATCTAGAAGGAAAAGTAATTATRGTAGCAGTTCATGTAGCCAGTGGCTATATAGAAGCAGAAGTTATCCCAGCAGAATCAGGACAAGAGACAGCATACTTTATACTAAAATTAGCAGGAAGATGGCCAGTAAAAGTGGTGCACACAGACAATGGCAGCAATTTCACCAGCGCTGCAGTTAAAGCAGCCTGTTGGTGGGCAGGTATCCAACAGGAATTTGGGATTCCCTACAATCCCCAAAGTCAAGGAGTAGTGGAATCTATGAATAAGGAATTAAAGAAAATCATAGGACAGATAAGAGAGCAAGCTGAACACCTTAAAACAGCAGTACAAATGGCAGTATTCATTCACAATTTTAAAAGAAAAGGGGGGATTGGGGGGTACAGTGCAGGGGAAAGAATAATAGACATGATAGCAACAGACATACAAACTAAAGAATTACAAAAACAAATTACAAAAATTCAAAATTTTCGGGTTTATTACAGGGACAGCAGAGATCCACTTTGGAAAGGACCAGCAAAACTACTTTGGAAAGGTGAAGGGGCAGTAGTAATACAGGATAATAGTGATATAAAGGTAGTACCAAGAAGAAAAGCAAAGATCATCAGGGATTATGGAAAACAGATGGCAGGTGATGATTGTGTGGCAGGTAGACAGGATGAGGAT---
56743|187-2|EU618111-IS,TTTTTAGATGGCATAGACAAAGCCCAGGAAGAGCATGAAAGATATCACAGTAATTGGAGAGCAATGGCTAGTGATTTTAATCTGCCACCTGTAATAGCAAAAGAAATAGTGGCCTGCTGTGATAAATGCCAGCTAAAAGGGGAAGCCATGCATGGACAAGTAGATTGTAGTCCAGGAATATGGCAATTAGATTGTACACATTTAGAAGGAAAAATTATCATGGTAGCAGTCCATGTAGCCAGTGGCTACATAGAAGCAGAAGTGATCCCAGCAGAAACAGGACAGGAGACAGCATACTTTATATTAAAATTAGCAGGAAGATGGCCAGTGAAAGTAATACACACAGACAATGGTAGCAATTTCACCAGTGCTGCAGTAAAGGCAGCCTGTTGGTGGGCAAATGTCACACAAGAATTTGGAATTCCCTACAATCCCCAAAGCCAAGGAGTAGTGGAATCTATGAATAAAGAATTAAAGAAAATTATAGGGCAGGTCAGGGAGCAAGCTGAACACCTTAAGACAGCAGTACAGATGGCAGTATTCATTCACAATTTTAAAAGAAAAGGGGGGATTGGGGGGTACAGTGCAGGGGAAAGAATAATAGACATAATAGCATCAGACATACAAACTAAAGAACTACAAAAACAAATTACAAAAATTCAAAATTTTCGGGTTTATTACAGGGACAGCAGAGATCCAATTTGGAAAGGACCAGCAAAGCTACTCTGGAAAGGTGAAGGGGCAGTAGTAATACAGGACAATAGTGATATAAAGGTAGTACCAAGAAGAAAAGCAAAAATCATTAAGGATTATGGAAAACAGATGGCAGGTGATGATTGTGTGGCAAGTAGACAGGATGAGGAT---
56760|253-21|EU618128-IS,TTTTTAGATGGCATAGATAAAGCCCAAGAAGAGCATGAAAAATATCACAGCAATTGGAGAGCAATGGCTAGTGACTTTAATCTGCCACCTRTAGTAGCAAAAGAAATAGTGGCCAGCTGTGATAAATGCCAGCTAAAAGGGGAAGCCATGCATGGACAAGTAGACTGTAGTCCGGGAATATGGCAATTAGATTGTACACATTTAGAAGGAAAAATTATCATGGTAGCAGTCCATGTAGCCAGTGGCTATATAGAAGCAGAAGTTATCCCAGCAGAAACAGGACAGGAGACAGCATACTTTCTATTAAAATTAGCAGGAAGATGGCCAGTGAAAGTAATACACACAGACAATGGCAGCAATTTCACCAGTGCTACAGTAAAGGCAGCATGTTGGTGGGCAAATATCACACAAGAATTTGGAATTCCCTACAATCCCCAAAGCCAAGGAGTAGTGGAATCYATGAATAAAGAATTAAAGAAAATTATAGGGCAGGTCAGGGATCAAGCTGAACACCTTAAGACAGCAGTACAGATGGCAGTATTCATTCACAATTTTAAAAGAAAAGGGGGGATTGGGGGGTACAGTGCAGGAGAAAGAATAATAGACATAATAGCATCAGATATACAAACAAAAGAACTACAAAAACAAATTAYAAAAATTCAAAATTTTCGGGTTTATTACAGGGACAGCAGAGATCCAATTTGGAAAGGACCAGCAAAACTACTCTGGAAAGGTGAAGGGGCAGTAGTATTACAGGACAATAGTGATATAAAGGTAGTGCCAAGGAGAAAAGTAAAAATCATTAGGGATTATGGAAAACAGATGGCAGGTGATGATTGTGTGGCAAGTAGACAGGATGAGGAT---
113788|GA04|JQ670791-IS,TTTCTAGATGGAATAGACAAGGCTCAAGAWGAKCATGAAAGGTATCACAGCAATTGGAGAGCAATGGCTAATGATTTTAATCTGCCACCCATAGTAGCAAARGAAATAGTAGCTAGCTGTGATAAATGTCAGCTAAAAGGGGAAGCCATGCATGGACAAGTAGACTGTAGTCCAGGGGTATGGCAATTAGATTGTACACATTTGGAAGGGAAAGTTATCMTRGTRGCAGTCCATGTAGCCAGTGGCTACATAGAAGCAGAGGTTATCCCAGCAGAAACAGGACAAGAAACAGCATACTATATAYTAAAATTAGCAGGAAGATGGCCAGTCAAAGTAATACATACAGACAATGGCCCTAATTTCACCAGTGCTGCAGTTAAGGCAGCCTGTTGGTGGGCAGGTATCCAACAGGAATTTGGAATTCCCTACAATCCCCAAAGTCAGGGAGTAGTAGAATCYATGAATAAAGAATTAAAGAAAATTATAGGGCAAGTAAGAGATCAAGCTGAGCACCTTAAGACAGCAGTACARATGGCAGTAYTCATTCACAATTTTAAAAGAARAGGGGGGATTGGGRGGTAYAGTGCAGGGGAAAGAATAATAGACATRATAGCAACAGACWTACAAACCAAAGAACTACAAAAACAAATTTTAAAMATTCAAAAMTTTCGGGTTTATTACAGAGACAGCAGAGACCCYATTTGGAAAGGACCAGCCAAACTCCTCTGGAAAGGTGAAGGGGCAGTAGTAATACAAGATAACAGTGACATAAAGGTAGTACCACGGAGGAAAGTAAAAATCMTTARGGACTATGGMAAACAGATGGCAGGYGCTGATTGTGTGGCAGRTAGACAGGATGAAGAT---
153294|VI-213|LC101073-IS,TTTTTAGATGGGATAGAYAAGGCTCAAGAAGAACATGAAAGATATCACAGCAATTGGAGAGCAATGGCTAGTGATTTTAATTTGCCACCTATAGTAGCAAAGGAAATAGTAGCCARCTGTGATAAATGTCAACTAAAAGGGGAAGCTATGCATGGACAAGTGGACTGTAGTCCAGGAATATGGCAATTAGATTGTACACATCTAGAAGGAAAAGTCATCATGGTAGCAGTCCAYGTGGCCAGTGGGTATGTAGAAGCAGAAGTTATCCCAGCAGAAACAGGACAGGAGACAGCATACTTTCTGCTAAAATTAGCAGGAAGATGGCCAGTAAAAGTAATACACACAGACAATGGTAGCAATTTCACCAGCGCTGCAGTTAAAGCAGCCTGTTGGTGGGCCAATGTCMGACAGGAGTTTGGGATCCCCTACAATCCCCAAAGTCAAGGAGTAGTAGAATCTATAAATAAAGAATTAAAGAAAATCATAGGGCAGGTAAGAGAGCAAGCTGAACACCTTAAGACAGCAGTACAAATGGCAGTATTCATTCACAATTTTAAAAAGAAAGGGGGGATTGGGGGGTACAGTGCAGGGGAAAGAATAGTAGACATRATAGCAACAGACATACAAACTACAGAATTACAAAAACAAATTACAAAAATTCAAAATTTTCGGGTTTATTACAGGGACAGCAGAGAYCCGATTTGGAAAGGACCAGCAAAACTACTCTGGAAAGGTGAAGGGGCAGTAGTGATACAAGACAATAGTGATATAAAAGTAGTACCAAGAAGAAAAGCAAAGATCATTAGGGATTATGGAAAACAGATGGCAGGTGATGATTGTGTGGCAGGTAGACAGGATGAG------
72044|INT_3982|FJ813433-IS,TTTTTAGATGGAATAGATAAGGCCCAAGCAGAACATGAAAAATATCATAATAATTGGAGAGCAATGGCTAGTGATTTTAACCTGCCACCTATAGTAGCAAAAGAAATAGTAGCTAGCTGTGATAAATGTCAGTTAAAAGGAGAAGCCATGCATGGACAAGTAAACTGTAGTCCAGGAATATGGCAACTAGATTGTACACATTTAGAAGGAAAAGTTATCATGGTAGCAGTTCATGTAGCAAGTGGATATATAGAAGCAGAAGTTATTCCAGCAGAAACAGGACAGGAAACAGCATACTTTGTCTTAAAATTAGCAGGAAGATGGCCAGTAAGAACAATACATACAGACAATGGCAGCAACTTCACCAGTACTGCGGTTAAGGCCGCCTGTTGGTGGGCAGGGATCAAGCAGGAATTTGGAATTCCCTACAATCCCCAAAGTCAAGGAGTAGTAGAATCTATGAATAAAGAATTAAAGAAAATTATAGAACAAGTAAGAGATCAGGCTGAATATCTTAAGACAGCAGTACAAATGGCAGTATTCATCCACAATTTTAAAAGAAAAGGGGGGATTGGGGGGTACAGTGCAGGGGAAAGAATAGTAGACATAATAGCAACAGACATACAAACTAGAGAATTACAAAAACAAATTACAAAAATTCAAAATTTTCGGGTTTATTACAGGGACAGCAGAGATCCACTTTGGAAAGGACCAGCAAAGCTTCTCTGGAAAGGTGAAGGGGCAGTAGTAATACAAGATAACAGTGACATAAAAGTAGTGCCAAGAAGAAAAGCAAAGATCATTAGGGATTATGGAAAACAGATGGCAGGTGATGATTGTGTGGCAAGTAGACAGGATGAGGAT---
153358|VI-234|LC101090-IS,TTTTTAGATGGGATAGAYAAGGCTCAAGAAGAACATGAAAGATATCACAGCAATTGGAGAACAATGGCTAGTGATTTTAATTTGCCACCTATAGTAGCAAAGGAAATAGTAGCCARCTGTGATAAATGTCAACTAAAAGGGGAAGCTATGCATGGACAAGTGGACTGTAGTCCAGGAATATGGCAATTAGATTGYACACATCTAGAAGGAAAAGTCATCCTGGTAGCAGTCCACGTGGCCAGTGGATAYATAGAAGCAGAAGTTATCCCAGCAGAAACAGGACAGGARACAGCATACTTTCTGCTAAAATTAGCAGGAAGATGGCCAGTRAAAGTAATACACACAGACAACGGTAGCAATTTCACCAGCAATGCAGTTAAAGCAGCCTGTTGGTGGGCCAATGTCCAACAGGAATTTGGGATCCCCTACAATCCCCAAAGYCAAGGAGTAGTAGAATCYATGAATAAAGAATTAAAGAAAATCATARRGCAGRTMAGAGAGCAAGCTGAACACCTTAAGACAGCAGTRCAAATGGCAGTATTCATTCACAATTTTAAAAGAAAAGGGGGGATTGGGGGGTACAGTGCAGGGGAAAGAATAATAGACATAATAGCAACAGACATACAAACTAAAGAAYTACAAAAACAAATTACAAAAATTCAAAATTTTCGGGTTTATTACAGGGACAGCAGAGACCCAATTTGGAAAGGACCAGCAAAACTACTCTGGAAAGGTGAAGGGGCAGTAGTGATACAAGACAATAGTGARATAAAAGTAGTACCAAGAAGAAAAGCAAAGATCATTAGGGATTATGGAAAACAGATGGCAGGTGATGATTGTGTGGCAGGTAGACAGGATGAGGAT---
155155|10BR_RJ067|KT427771-IS,TTTTTAGATGGAATAGATAAGGCCCAAGAGGAACATGAGAAATATCACGGCAATTGGAGAGCACTAGCTAGTGATTTTAACCTGCCACCTGTGGTAGCAAAAGAAATAGTAGCCTGTTGTGATAAATGTCAGGTAAAAGGAGAAGCCATACATGGACAAGTAGATTGTAGTCCAGGAATATGGCAGCTAGATTGTACACACTTAGAAGGAAAAATTATCCTGGTAGCAGTTCATGTAGCCAGTGGGTATATAGAAGCAGAAGTTATCCCAGCAGAAACAGGGCAAGATACAGCATACTTTATCTTAAAATTAGCAGGAAGATGGCCAGTAAAAACAATACATACAGACAATGGCAGCAATTTCACCAGTAATGCAGTTAAGGCCGCCTGTTGGTGGGCGGGGATCAAGCAGAAATTTGGCATTCCCTACAATCCCCAAAGTCAARGAGTAGTAGAATCTATRAATAACRAGTTAAAGAAAATTATARGACAGATAAGAGATCARGCTGAACATCTTAAGACAGCAGTACAAATGGCAGTATTTGTCCACAATTTTAAAAGAAAAGGGGGGATTGGGGGATACAGTGCAGGGGAAAGAATAATAGACATAATAGCAACAGACATACAAACTAAAGAATTACAAAAACAAATTACAAAAATTCAAAATTTTCGGGTTTATTACAGGGACAACAAAGATCCACTTTGGAAAGGACCAGCAAAGCTTCTTTGGAAAGGTGAAGGGGCAGTAGTAATACAAGATAAGAGTGACATAAAAGTAGTGCCAAGAAGGAAAGCAAAGATCATTAGGGACTATGGAAAACAGATGGCAGGTGATGATTGTGTGGCAAGTGGACAGAATGAGGAT---
159402|INT_149|KT167708-IS,TTTTTAGATGGGATMGATAAGGCCCAAGAAGAACATGAGAAATATCACAGTAATTGGAGAGCAATGGCTAGTGACTTTAACTTGCCACCTRTAGTAGCAAAAGAAATAGTAGCCRGCTGTGATAAATGTCAGCTAAAAGGAGAAGCCATGCATGGGCAAGTAGACTGTAGTCCAGGAATATGGCAACTAGATTGTACACATTTAGAAGGAAAARTTATCCTGGTAGCAGTTCATGTAGCCAGTGGATATATAGAAGCAGAAGTTATTCCAGCAGAGACAGGGCAGGAAACAGCATACTTTCTCTTAAAATTAGCAGGAAGATGGCCAGTAAAAACAATACATACAGACAATGGCAGCAATTTCACCAGYRCTACAGTTAAGGCCGCCTGCTGGTGGGCGGGGATMAAGCAGGAATTTGGCATTCCCTACAATCCCCAAAGTCAAGGAGTAGTAGAATCTATGAATAAAGAATTAAAGAAAATTATAGGACAGGTAAGAGATCAGGCTGAACATCTTAAGACAGCAGTACAAATGGCAGTATTCATCCACAATTTTAAAAGAAAAGGGGGGATTGGGGGGTACAGTGCAGGGGAAAGAATAGTAGACATAATAGCAACAGACATACAAACTAAAGAACTACAAAAACAAATTACAAAAATTCAAAATTTTCGGGTTTATTACAGGGACAGCAGARATCCACTTTGGAAAGGACCAGCAAARCTTCTCTGGAAAGGTGAAGGGGCAGTAGTAATACAAGATAATAGTGACATAAAAGTAGTGCCAAGAAGAAAAGTAAAGATCATTARGGATTATGGAAAACAGATGGCAGGKGATGATTGTGTGGCAAGTAGACAGGATGAGGAT---
57874|ABB117-96|FJ480303-IS,TTTTTAGATGGCATAGATAAAGCCCAAGAAGAGCATGAAAGATATCACAGCAATTGGAGAGCAATGGCTAGTGATTTTAATCTGCCACCTATAGTAGCAAAAGAAATAGTGGCCAGCTGTGATAAATGCCAGCTAAARGGGGAAGCCATGCATGGACAAGTAGACTGTAGTCCAGGAATATGGCAATTAGATTGTACACATTTAGARGGAAAAATTATCATGGTAGCAGTCCATGTAGCCAGTGGMTATATAGAAGCAGAAGTTATCCCAGCAGAAACAGGACAGGAGACAGCATACTTTATATTAAAATTAGCAGGAAGATGGCCAGTGAAAGTAATACACACAGACAATGGCAGCAATTTCACCAGTGCTACAGTAAAAGCAGCATGTTGGTGGGCAAATGTCACACAAGAATTTGGAATTCCCTACAATCCCCAAAGCCAAGGAGTAGTGGAATCTATGAATAAAGAATTAAAGAAAATTATAGGGCAGGTCAGGGATCAAGCTGAACACCTTAARACAGCAGTACAGATGGCAGTATTCATTCACAATTTTAAAAGAAAAGGGGGGATTGGGGGGTACAGTGCAGGGGAAAGAATAATAGACATAATAGCATCAGATATGCAAACTAAGGAATTACAAAAACAAATTATAAAAATTCAAAATTTTCGGGTTTATTACAGGGACAGCAGAGATCCAATTTGGAAAGGACCAGCAAAACTACTCTGGAAAGGTGAAGGGGCAGTAGTAATACAGGACAATAGTGATATAAAGGTAGTACCAAGAAGAAAAGTAAAAATCATTAAGGATTATGGAAAACAGATGGCAGGTGATGATTGTGTGGCAAGTAGACAGGATGAGGAT---
113023|CN0918|JQ028215-IS,TTTTTAGATGGAATAGATAAGGCTCAAGAAGAACATGAAAGATATCACAGCAATTGGAGAACAATGGCTAGTGATTTTAATTTGCCACCTGTAATAGCAAAAGAAATAGTAGCCAACTGTGATAAATGTCAACTGAAAGGGGAAGCTATGCATGGACAAGTGGACTGTAGTCCAGGAATATGGCAGTTAGATTGTACACATCTAGAAGGAAAAGTCATCATGGTAGCAGTCCACGTGGCCAGTGGATATATAGAAGCAGAAGTTATCCCAGCAGAAACAGGACAGGAGACAGCATACTTCCTGCTAAAATTAGCAGGAAGATGGCCAGTAAAAGTAATACACACAGACAATGGTAGCAATTTCACTAGTGCTGCAGTTAAAGCAGCCTGTTGGTGGGCCAATGTCCGACAGGAATTTGGGATCCCCTACAATCCCCAAAGTCAAGGAGTAGTAGAGTCTATGAATAAAGAATTAAAGAAAATTATAGGGCAGGTAAGAGAGCAAGCGGAACACCTTAAGACAGCAGTACAAATGGCAGTATTCATTCACAATTTTAAAAGAAAAGGGGGGATTGGGGGGTACAGTGCAGGGGAAAGAATAATAGACATAATAGCAACAGACATACAAACTAGAGAATTACAAAAACAAATTACAAAAATTCAAAATTTTCGGGTTTATTACAGGGACAGCAGAGACCCAATTTGGAAAGGACCAGCAAAACTACTCTGGAAAGGTGAAGGGGCAGTAGTGATACAAGATAATAGTGATATAAAAATAGTACCAAGAAGAAAAGCAAAGATCATTAGGGATTATGGAAAACAGATGGCAGGTGATGATTGTGTGGCAGGTAGACAGGATGAGGAT---
57057|A1752|EU618425-IS,TTTTTAGATGGCATAGATAAAGCCCAAGAAGAACATGAAAGATATCACAGCAATTGGAGAGCAATGGCTAGTGATTTTAATCTGCCACCAATAATAGCAAAAGAAATAGTGGCCAGCTGTGATAAGTGCCAATTAAAAGGGGAAGCCATGCATGGACAAGTAGACTGTAGTCCAGGAATATGGCAATTAGATTGTACACATTTAGAAGGAAAAATTATCATGGTAGCAGTTCATGTAGCCAGTGGATATATAGAAGCAGAAGTTATCCCAGCAGAAACAGGGCAAGAGACAGCATACTTTATATTAAAACTAGCAGGAAGATGGCCAGTAAAAGTAATACATACAGACAATGGCAGCAATTTCACCAGTGCTCCAGTAAAAGCAGCATGTTGGTGGGCAAATGTCACACAAGAATTTGGAATTCCCTACAATCCCCAAAGCCAAGGAGTAGTGGAATCTATGAATAAAGAATTAAAGAAAATTATAGGGCAGGTCAGGGATCAAGCTGAACACCTTAAGACAGCAGTACAGATGGCAGTATTCATTCACAATTTTAAAAGAAAAGGGGGGATTGGGGGATACAGTGCAGGGGAAAGAATAATAGACATAATAGCATCAGATATACAAACTAAAGAACTACAAAAACAAATTACAAAAATTCAAAATTTTCGGGTTTATTACAGGGACAGCAGAGATCCAATTTGGAAAGGACCAGCAAAACTACTCTGGAAAGGTGAAGGGGCAGTAGTAATACAGGACAATAGTGATATAAAAGTAGTACCAAGAAGAAAAGCAAAAATCATTAAGCATTATGGAAAACAGATGGCAGGTGATGATTGTGTGGCAAGTAGACAGGATGAGGAT---
114640|KSH29INT|AB716168-IS,TTTTTAGATGGAATAGAGAAGGCTCAAGAAGAACATGAAAGATATCACAGTAATTGGAGARCAATRGTGAGTGATTTTAATCTRCCACCTGTAGTWGCAAAGSAAATAGTAGCCAACTGTGATAAATGTCAACTAAAAGGGGAAGCCATRCATGGACAAGTAGACTGTAGTCCAGGGATGTGGCAATTAGATTGCACACATCTAGAAGGAAAARTAATTCTGGTAGCAGTCCATGTAGCCAGTGGCTATATAGAAGCAGAAGTGATCCCAGCAGAAACAGGGCAGGAGACAGCATACTTTCTGCTAAAATTAGCAGGAAGATGGCCAGTAAAAGTAGTTCACACAGACAATGGTAGCAATTTCACCAGCTCTGCATTTAAAGCAGCCTGTTGGTGGGCAAGTATCCAACAGGAATTTGGAATTCCCTACAATCCCCAAAGTCAAGGAGTAGTGGAATCTATGAATAAAGAATTAAAGAAAATCATAGGGCAGGTAAGARAGCAAGCTGAACACCTTAAGACAGCAGTACAAATGGCAGTATTCATTCACAATTTTAAAAGAAAAGGGGGGATTGGGGGGTACAGTGCAGGGGAAAGAATAATAGATATGATAGCAACAGACATRCAAACTAAAGAATTACAAAAACAAATTACAAAAATTCAAAATTTCCGGGTTTATTACAGGGACAGCAGARATCCACWTTGGAAAGGACCAGCAAAACTACTCTGGAAAGGTGAAGGGGCAGTAGTGATACAGGACAATAGTGATATAAAAGTAGTGCCTAGAAGAAAAGCAAAGATCATTAGGGATTATGGAAAACAGATGGCAGGTGATGATTGTGTGGCAGGTAGACAGGATGAGGAT---
153857|N0879|LC022557-IS,TTTTTGGATGGAATAGATAARGCCCAAGAAGAACATGAGAAATATCACAGTAATTGGAGAGCAATGGCTAGTGATTTTAACCTACCACCTGTAGTTGCAAAAGAAATAGTAGCCAGCTGTGATAAATGTCAGCTAAAAGGAGAAGCCATGCATGGACAAGTAGACTGTAGTCCAGGRATATGGCAACTAGATTGTACACACTTAGAAGGRAAAATTATCMTRGTRGCAGTTCATGTAGCYAGTGGATATATAGAAGCAGAAGTCATYCCAGCAGAGACAGGACAGGAAACAGCATACTTTCTCTTAAARTTAGCAGGAAGRTGGCCAGTAAAAACAATACATACAGATAATGGCAGCAAYTTCACCAGTACYRCAGTAAAGGCTGCCTGTTGGTGGGCAGGGATCAAGCAGGAATTTGGCATTCCCTACAATCCCCAAAGTCAAGGAGTAGTAGAATCTATGAATAATGARTTAAAGAAAATTATAGGGCAGGTAAGAGATCAGGCTGAACATCTTAAGACAGCAGTACAAATGGCAGTATTCATCCACAATTTTAAAAGAAAAGGGGGGATTGGGGGRTACAGTGCAGGRGAAAGGATARTAGACATAATAGCAACAGACATACAAACTAAAGAATTACARAAACAAATTACAAAAATTCAAAATTTTCGGGTYTATTACAGGGACAGCAGAGATCCACTTTGGAAAGGACCAGCAAAGCTYCTCTGGAAAGGTGAAGGGGCAGTAGTAATTCAAGATAATAGTGACATAAAAGTAGTGCCAAGAAGAAAAGCAAAGATCATTAGGGATTATGGAAAACAGATGGCAGGTGATGATTGTGTGGCAAGTAGACAGGATGAGGAT---
159610|INT_248|KT167807-IS,TTTTTGGATGGAATAGATAAGGCCCAAGAAGATCATGAGAAATATCACAGTAATTGGAGAGCAATGGCTGGTGATTTTAACCTGCCACCTGTGGTAGCAAAAGAAATAGTAGCCAGCTGTGATAAATGTCAGCTAAAAGGAGAAGCCATGCATGGACAAGTAGACTGTAGTCCAGGAATATGGCAACTAGATTGTACACATTTAGAAGGAAAAATTATCCTGRTAGCAGTTCATGTAGCCAGTGGATATATAGAAGCAGAAGTTATTCCAGCAGAGACAGGGCAGGAAACAGCATACTTTATCTTAAAATTAGCAGGAAGATGGCCAGTAAAAACAATACATACAGACAATGGCCCCAATTTCATCAGTACTACGGTTAAGGCCGCCTGTTGGTGGGCAGGGATCAAGCAGGAATTTGGCATTCCCTACAATCCCCAAAGTCAAGGAGTAGTAGAATCTATGAATAATGAACTAAAGAAAATTATAGGACAGGTAAGAGATCAGGCTGAACATCTTAAGACAGCAGTACAAATGGCAGTCTTCATCCACAATTTTAAAAGAAAAGGGGGGATTGGGGGGTACAGTGCAGGGGAAAGAATAGTAGACATAATAGCAACAGACATACAAACTAAAGAATTACAAAAACAAATTACAAAAATTCAAAATTTTCGGGTTTATTACAGGGACAGCAGAGATCCACTTTGGAAAGGACCAGCAAAGCTTYTCTGGAAAGGTGAAGGGGCAGTAGTAATACAAGATAATAGTGACATAAAAGTAGTGCCAARAARAAAAGCAAAGATCATTAGGGATTATGGAAAACAGATGGCAGGTGATGATTGTGTGGCAAGTAGACAGGATGAGGAT---
165126|ETH-G-5681|KF959763-IS,TTCCTAGATGGAATAGATAAGGCTCAAGAAGAGCATGAAAAATAYCATAGCAATTGGAGAGCAATGGCTAGTGAGTTTAATCTGCCACCCATAGTAGCAAAAGAGATAGTAGCTAGCTGTGATAAATGTCAGCTAAAAGGGGAAGCCATGCATGGGCAAGTAGACTGTAGTCCAGGGATATGGCAATTAGATTGTACACATTTAGAAGGAAAAATCATCATGGTAGCAGTCCATGTAGCCAGTGGATACATAGAAGCAGAGGTTATCCCAGCAGAAACAGGACAGGAAACAGCATACTTTATACTGAAACTAGCAGGAAGATGGCCAGTCAAAGTAATACATACAGACAATGGCAGTAATTTCACCAGTGCTGCAGTTAAGGCAGCCTGTTGGTGGGCAGRTATCCAACAGGAATTTGGAATTCCCTACAATCCCCAAAGTCAGGGAGTAGTAGAATCCATGAATAAAGAATTAAAGAAAATCATAGTGCAAGTAAGAGACCAAGCTGAGCACCTTAAGACAGCAGTACAAATGGCAGTATTCATTCACAATTTTAAAAGAAAAGGGGGGATTGGGGGGTACAGTGCAGGGGAAAGAATAGTAGACATAATAGCAACAGATATACAAACTAAAGAATTACAAAAACAAATTATAAAAATTCAAAATTTTCGGGTTTATTACAGAGACAGCAGAGACCCTATTTGGAAAGGACCAGCCAAACTACTCTGGAAAGGTGAAGGGGCAGTAGTGATACAAGATAATAGTGATATAAAGGTAGTACCAAGGAGGAAAGCAAAAATCATTAGG------------------------------------------------------------
57072|A1772|EU618440-IS,TTTTTAGATGGCATAGATAAAGCCCAAGAAGAGCATGAAAGATATCACAGTAATTGGAGAGCAATGGCTAATGATTTTAATCTGCCACCTATAGTAGCAAAAGAAATAGTGGCCAGCTGTGATAAATGCCAGCTAAAAGGGGAAGCCATGCATGGACAAGTAGACTGTAGTCCAGGAATATGGCAATTAGATTGTACACATTTAGAAGGAAAGATTATCATGGTAGCAGTCCATGTAGCCAGTGGCTACATAGAAGCAGAAGTGATCCCAGCAGAAACAGGACAGGAGGCAGCATACTTTATATTAAAATTAGCAGGAAGATGGCCAGTGAAAGTAATACACACAGACAATGGCAGCAATTTCACCAGTGCTGCAGTAAAGGCTGCATGTTGGTGGGCAAATGTCACACAAGAATTTGGAATTCCCTACAATCCCCAAAGCCAAGGAGTAGTGGAATCTATGAATAAAGAATTAAARAARATTATAGGGCAGGTCAGGGATCAAGCTGAACACCTTAAGACAGCAGTACAGATGGCAGTATTCATTCACAATTTTAAAAGAAAAGGGGGGATTGGGGGGTACAGTGCAGGGGAAAGAATAATAGACATAATAGCATCAGACATACAAACTAAAGAACTACAAAAACAAATTAYAAAAATTCAAAATTTTCGGGTTTATTACAGGGACAGCAGAGATCCAATTTGGAAAGGACCAGCAAAACTACTCTGGAAAGGTGAAGGGGCAGTAGTAATACAGGACAATAGTGATATAAAGGTAGTACCAAGAAGAAAAGCAAAAATCATTAAGGATTATGGAAAACAGATGGCAGGTGATGATTGTGTGGCAAGTAGACAGGATGAGGAT---
71978|INT_3916|FJ813367-IS,TTTTTAGATGGAATAGATAAAGCCCAAGAAGAACATGARAAATATCACAATAATTGGAGAGCAATGGCTAGTGATTTTAACCTACCACCTATAGTAGCAAAAGAAATAGTGGCCAGCTGTGATAAGTGTCAGCTAAAAGGAGAAGCCACACATGGGCAAGTAGACTGTAGTCCAGGAATATGGCAACTAGATTGTACACATTTAGAAGGAAAAGTTATCWTRGTAGCAGTTCATGTAGCCAGTGGATATATAGAAGCAGAAGTTATTCCAGCAGAAACAGGGCAGGAAACAGCATACTTTATCTTAAAATTAGCAGGAAGATGGCCAGTAAAAACAATACACACAGACAATGGCAGCAACTTCACCAGTGCTACGGTTAAGGCCGCCTGTTGGTGGGCGGGGATCAAGCAGGAATTCGGCATTCCCTACAATCCTCAAAGTCAAGGAGTAGTAGAATCTATGAATAATGAATTAAAGAAAATTATAGGACAGGTAAGAGATCAGGCTGAACATCTTAGGACAGCAGTACAAATGGCAGTATTTATTCACAATTTTAAAAGAAAAGGGGGGATTGGGGGATACAGTGCAGGGGAAAGAATAGTAGACATAATAGCAACAGACATACAAACTAAAGAACTACAAAAACAAATTACAAAAATTCAAAATTTTCGGGTTTATTACAGGGACAGCAGAGATCCCCTTTGGAAAGGACCAGCAAAACTTCTCTGGAAAGGTGAAGGGGCAGTAGTGATACAAGAYAATAGTGACATAAAAGTAGTGCCAAGAAGAAAAGCAAAGATCATTAGGGATTATGGAAAACAGATGGCAGGTGATGATTGTGTGGCAAGTAGACAGGATGAGGAT---
71688|INT_3626|FJ813077-IS,TTTTTAGATGGAATAGATAAGGCCCAAGAGGAMCATGAAAAATATCACAGTAATTGGAGAGCAATGGCTAGTGATTTTAAYCTGCCACCTRTARTAGCAAAAGAAATAGTAGCCATGTGTGATAAATGTCAGCTAAAAGGAGAAGCCATGCATGGACAAGTAGACTGTAGTCCAGGAATATGGCAGCTAGATTGTACACATKTAGAAGGAAAAATTATCMTGGTAGCAGTTCATGTAGCCAGTGGATATATAGAAGCAGAAGTTATTCCAGCAGAGACAGGGCAGGAAACAGCATACTTTCTCTTAAAATTAGCAGGAAGATGGCCAGTAACAACAATACATACAGACAATGGCCCCAATTTCACCAGTACTACAGTTAAGGCCGCCTGTTGGTGGGCGGGGATYAAGCAGGAATTTGGCATTCCCTACAATCCCCAAAGTCAAGGAGTAGTAGAATCTATGAATAAAGAATTAAAGAAAATTATAGGACAGGTAAGAGATCAGGCTGAACATCTTAAGACAGCAGTACAAATGGCAGTATTCATCCACAATTTTAAAAGAAAAGGGGGGATTGGGGGGTACAGTGCAGGGGAAAGAATAGTAGACATAATAGCAACAGACATACAAACTAAAGAATTACAAAAGCAAATTACAAAAATTCAAAATTTTCGGGTTTATTACAGGGACAGCAGAGATCCACTTTGGAAAGGACCAGCAAAGCTCCTCTGGAAAGGTGAAGGGGCAGTAGTAATACAAGATAATAGTGACATAAAAGTAGTGCCAAGRAGAAAAGCAAAGATTATTAGGGATTATGGAAAACAGATGGCAGGTGATGATTGTGTGGCAAGTAGACAGGATGAGGAT---
113621|478|JX425811-IS,TTTTTAGATGGCATAGATAAAGCCCAAGAAGAGCATGAAARATATCACAGCAATTGGAGAGCAATGGCTAGTGATTTTAATCTGCCCCCTTTAGTAGCAAAAGAAATAGTGGCCAGCTGTGATAAATGCCAGCAAAAAGGGGAAGCCATGCATGGACAAGTAGACTGTAGTCCAGGAATATGGCAACTAGATTGTACACATTTAGAAGGAAAAATTATCATGGTAGCAGTCCATGTAGCCAGTGGCTATATAGAAGCAGAAGTTATCCCAGCAGAAACAGGACAGGAAACAGCATACTTTATATTAAAACTAGCAGGAAGATGGCCAGTGAAAGTAATACACACAGACAATGGCAGCAATTTCACTAGTTCCACAGTAAAGGCAGCATGTTGGTGGGCAAACATCACACAAGAATTTGGAATTCCCTACAATCCCCAGAGTCAAGGAGTAGTGGAATCTATGAATAAAGAATTAAAGAAAATTATAGGGCAGGTCAGAGATCAAGCTGAACACCTTAAGACAGCAGTGCAGATGGCAGTATTCATTCACAATTTTAAAAGAAAAGGGGGGATTGGGGGGTACAGTGCAGGGGAAAGAATAATAGACATAATAGCATCAGATATACAAACTAAAGAACTACAAAAACAAATTAYAAAAATTCAAAATTTTYGGGTTTATTACAGGGACAGCAGAGATCCAATTTGGAAAGGACCAGCAAAACTACTTTGGAAAGGTGAAGGGGCAGTAGTAATACAGGACAATAGTGATATAAAAATAGTACCAAGAAGAAAAGCAAAAATTATTAAGCATTATGGAAAACAGATGGCAGGTGATGATTGTGTGGCAAGTAGACAGGATGAGGAT---
153072|VI-327|LC101166-IS,TTTTTAGATGGGATAGATAAGGCTCAAGAGGAACATGAAAGATATCACAGCAATTGGAGAGCAATGGCTAGTGATTTTAATTTGCCACCTATAGTAGCAAAGGAAATCGTAGCCAATTGTGATAAATGTCAACTAAAAGGGGAAGCTATGCATGGACAAGTGGACTGTAGTCCAGGAATATGGCAATTAGATTGTACACATCTAGAAGGAAAAGTCATCATGGTAGCAGTCCACGTGGCCAGTGGGTATATAGAAGCAGAAGTTATCCCAGCAGAAACAGGACAGGAGACAGCATACTTTCTGCTAAAATTAGCAGGAAGGTGGCCAGTAAAAGTAATACATACAGACAACGGTAGCAATTTCACCAGTGCTGCAGTTAAAGCAGCCTGTTGGTGGGCCAATGTCCGACAGGAATTTGGGATCCCCTACAACCCCCAAAGTCAAGGAGTAGTAGAATCTATGAATAAAGAATTAAAGAAAATCATAGGGCAGATAAGAGACCAAGCTGAACACCTTAAGACAGCAGTACAAATGGCAGTATTCATTCACAATTTTAAAAGAAAAGGGGGGATTGGGGGTTACAGTGCAGGGGAAAGAATAATAGACATAATAGCAACAGACATACAAACTAAGGAATTACAAAAACAAATTACAAAAATTCAAAATTTTCGGGTTTATTACAGGGACAGCAGAGACCCAATTTGGAAAGGACCAGCAAAACTACTCTGGAAAGGTGAAGGGGCAGTAGTGATACAAGACAATAGTGATATAAAAGTGGTACCAAGAAGAAAAGCAAAGATCATTAGGGATTATGGAAAACAGATGGCAGGTGATGATTGTGTGGCAGGTAGACAGGATGAGGAT---
44567|01BAB032|EF150618-IS,TTCTTAGATGGAATAGATAAAGCCCAAGATGAGCATGAAAAGTATCACAGCAATTGGAGAGCAATGGCTAGTGATTTCAACCTACCACCTGTAGTAGCGAAAGAAATAGTAGCCAGCTGTGATAAATGTCAGCTAAAAGGAGAGGCCATACATGGACAAGTAGACTGTAGTCCAGGAATATGGCAGCTAGACTGTACACACTTAGAAGGAAAAGTTATCCTGGTAGCAGTTCATGTAGCCAGTGGATATATAGAAGCAGAAGTTATCCCAGGAGAAACAGGACAAGAAACAGCCTACTTCATACTAAAGTTAGCAGGAAGATGGCCAGTAAAAGCAGTACATACAGACAATGGCACCAATTTCACCAGTGCTGCAGTTAAGGCAGCCTGTTGGTGGGCAGGTATCCAGCAGGAATTTGGAATTCCCTACAATCCCCAAAGTCAAGGAGTAGTAGAATCTATGAATAAAGAGTTAAAGAAGATTATAAAACAAGTAAGAGATCAAGCGGAACATCTTAAGACAGCAGTACAAATGGCAGTATTCATTCACAATTTTAAAAGAAAAGGGGGGATTGGGGAGTACAGTGCAGGGGAAAGAATAGTAGACATAATAGCAACAGACTTACAAACTAAAGAACTACAAAAACAAATTACAAAAATTCAAAATTTTCGGGTTTATTACAGGGACAGCAGAGACCCAGTTTGGAAAGGACCAGCAAAGCTACTCTGGAAAGGTGAAGGGGCAGTAGTCATACAAGAAAATAGTGAAATAAAGGTAGTACCAAGAAGAAAAGCAAAGATCATTAGGGATTATGGAAAACAGATGGCAGGTGATGGTTGTGTGGCAAGTAGACAGGATGAGGAT---
56907|653-11|EU618275-IS,TTTTTAGATGGCATAGATAAAGCCCAAGAAGAGCATGAAAGATATCACAGTAATTGGAGAGCAATGGCTAGTGATTTTAATCTGCCACCTATAGTAGCAAAAGAAATAGTGGCCAGCTGTGATAAATGCCAACTAAAAGGGGAAGCCATGCATGGACAAGTAGACTGTAGTCCAGGAATATGGCAATTAGACTGTACACATTTAGAAGGAAAAATTATCATGGTAGCAGTCCATGTAGCCAGTGGCTAYATAGAAGCAGAAGTGATCCCAGCAGAAACAGGACAGGAGACAGCATAYTTTATATTAAAATTAGCAGGAAGATGGCCAGTGAAAGTAATACACACRGACAATGGCAGCAATTTCACCAGTGCTGCAGTAAAGGCAGCRTGTTGGTGGGCAAATGTCACACAAGAATTTGGAATTCCCTACAATCCCCAAAGCCAAGGAGTAGTGGAATCTATGAATAAAGAATTAAAGAAAATTATAGGRCAGGTCAGRGATCAAGCTGAACACCTTAARACAGCAGTACAGATGGCAGTATTCATTCACAATTTTAAAAGAAAAGGGGGGATTGGGGGGTACAGTGCAGGGGAAAGAATAATAGACATAATAGCATCAGACATACAAACTAAAGAACTACAAAAACAAATTAYAAAAATTCAAAATTTTCGGGTTTATTACAGGGACAGCAGAGATCCAATTTGGAAAGGACCAGCAAAACTACTCTGGAAAGGTGAAGGGGCAGTAGTRATACAGGACAATAGTGATATAAAGGTAGTACCAAGAAGAAAAGTAAAAATCATTAAGGACTATGGAAAACAGATGGCAGGTGATGATTGTGTGGCAAGTAGACAGGATGAGGAT---
114712|KSH22INT|AB716162-IS,TTTTTAGATGGAATAGAGAAGGCTCAAGTAGAACATGAAAAATATCACAGTAATTGGAGAGCAATGGCAAGTGATTTYAAYCTGCCACCTATAGTAGCAAAGGAAATAGTAGCCAACTGTGATAAATGCCAACTAAAAGGGGAAGCCATGCATGGACAAGTAGACTGTAGCCCAGGRATGTGGCAATTAGATTGCACACATCTAGAAGGAAAAGTAATTCTGGTAGCAGTCCATGTAGCCAGTGGCTATATAGAAGCAGAAGTGATCCCAGCAGAAACAGGGCAGGAGACAGCATACTTTCTGCTAAAATTAGCAGGAAGATGGCCAGTAAAARTAGTACACACAGACAATGGCAGCAATTTCACCAGCGCTGCATTTAAAGCAGCCTGTTGGTGGGCAAATGTCCAACAGGAATTTGGAATTCCCTACAATCCCCAAAGTCAAGGAGTAGTGGAATCTATGAATAAGGAATTAAAGAAAATCATAGGGCAGGTAAGAGAGCAAGCTGAACACCTTAAGACAGCAGTACAAATGGCAGTATTCATTCACAATTTTAAAAGAAAAGGGGGGATTGGGGGGTACAGTGCAGGGGAAAGAATAATAGATATAATAGCAACAGACATACAAACTAAAGAACTACAAAAACAAATTACAAAAATTCAAAATTTYCGGGTTTATTACAGGGACAGCAGARATCCACTTTGGAAAGGACCAGCAAAGCTCCTCTGGAAAGGTGAAGGGGCAGTAGTAATACAGGACAATAGTGATATAAAGGTAGTGCCTAGAAGAAAAGCAAAGATCATTAGGGATTATGGAAAACAGATGGCAGGTGATGATTGTGTGGCAGGTAGACAGGATGAGGAT---
57118|AB712|EU618486-IS,TTTTTAGATGGCATAGATAAAGCCCAAGAAGAGCATGAAAGATATCACAGCAATTGGAGAGCGATGGCTAGTGATTTTAATCTGCCACCTATAGTAGCAAAAGAAATAGTAGCCAGCTGTGATAAATGTCAGCTAAAAGGGGAAGCCATGCATGGACAAGTAGACTGTGGTCCAGGAATATGGCAATTAGATTGTACACATTTAGAAGGAAAAATTATCATGGTAGCAGTCCATGTAGCTAGTGGCTATATAGAAGCAGAAGTTATCCCAGCAGAAACAGGACAAGAGACAGCATACTTTATATTAAAATTAGCAGGAAGATGGCCAGTGAAAGTAATACACACAGACAATGGCAGCAATTTCACCAGTGCTGCAGTAAAGGCAGCATGTTGGTGGGCAAATGTCACACAAGAATTTGGAATTCCCTACAATCCCCAAAGCCAAGGAGTAGTGGAATCTATGAATAAAGAATTAAAGAAAATTATAGGGCAGGTCAGGGATCAAGCTGAACACCTTAAGACAGCAGTACAGATGGCAGTATTCATTCACAATTTTAAAAGAAAAGGGGGGATTGGGGGGTATAGTGCAGGGGAAAGAATAATAGACATAATAGCATCAGATATACAAACTAAAGAACTACAAAAACAGGTTATAAAAATTCAAAATTTTCGGGTTTATTACAGGGACAGCAGAGACCCCATTTGGAAAGGACCAGCAAAACTGCTCTGGAAAGGTGAAGGGGCAGTAGTAATACAGGACAATAGTGAAATAAAGGTAGTACCAAGAAGAAAAGTAAAAATCATTAGGGATTATGGAAAACAGATGGCAGGTGATGATTGTGTGGCAGGTAGACAGGATGAGGAT---
58674|W62|FJ554735-IS,TTTCTGGATGGCATTGATAAAGCGCAGGATGAACATGAAAAATATCATAGCAACTGGCGTGCGATGGCGAGCGATTTTGGCCTGCCGCCGATTGTGGCGAAAGAAATTGTGGCGAGCTGCGATAAATGCCAGCTGAAAGGCGAAGCGATGCATGGCCAGGTGGATTGCAGCCCGGGCATTTGGCAGCTGGATTGCACCCATCTGGAAGGCAAAGTGATTCTGGTGGCGGTGCATGTGGCGAGCGGCTATATTGAAGCGGAAGTGATTCCGGCGGAAACCGGCCAGGAAACCGCGTATTTTATTCTGAAACTGGCGGGCCGTTGGCCGGTGAAAACCATTCATACCGATAACGGCAGCAACTTTACCAGCACCACCGTGAAAGCGGCGTGCTGGTGGGCGGGCGTGAAACAGGAATTTGGCATTCCGTATAACCCGCAGAGCCAGGGCGTGGTGAAAAGCATGAACAAAGAACTGAAAAAAATTATTGAACAGGTGAAAGATCAGGCGGAACATCTGAAAACCGCGGTGCAGATGGCGGTGTTTATTCATAACTTTAAACGTAAAGGCGGCATTGGCGGCTATAGCGCGGGCGAACGTATTATTGATATTATTGCGACCGATATTCAGACCAAAGAACTGCAGAAACAGATTACCAAAATTCAGAACTTTCGTGTGTATTATCGTGATGGCAAAAACCCGCTGTGGAAAGGCCCGGCGAAACTGCTGTGGAAAGGCGAAGGCGCGGTGGTGATTCAGGATAACAGCGATATTAAAGTGGTGCCGCGTCGTAAAGCGAAAATTATTCGTGATTATGGCAAACAGATGGCGGGCGATGGCTGCGTGGCGAGCCGTCAGGAT---------
56398|Pt23Y2003|EU883858-IS,TTTTTAGATGGGATAGATAAGGCCCAAGATGAACATGAGAAATATCACAGTAATTGGAGAGCAATGGCTAGTGATTTTAAYCTGCCACCTGTAGTAGCAAAAGAAATAGTAGCCAGCTGTAATAARTGTCAGCTAAAGGGAGAAGCCATGCATGGACAAGTAGACTGTAGTCCAGGAATATGGCAGCTAGACTGTACACACTTAGAAGGAAAAATTATCCTGGTAGCAGTTCATGTAGCCAGTGGGTATATAGAAGCAGAAGTTATTCCAGCAGAGACAGGGCAAGAAACAGCATACTTTATCTTAAAATTAGCAGGAAGATGGCCAGTAAAAACAATACATACAGACAATGGCAGCAATTTCACCAGTACCACGGTTAAAGCCGCCTGTTGGTGGGCAGGGATCAAACAGGAATTTGGCATTCCCTACAATCCCCAAAGTCAAGGAGTAGTAGAATCTATGAATAATGAATTAAAGAAAATTATAGGACAGGTAAGAGATCAGGCTGAACATCTTAAGACAGCAGTACAAATGGCAGTATTCATCCACAATTTTAAAAGAAAAGGGGGGATTGGGGGGTACAGTGCAGGGGAAAGAATAGTAGACATAATAGCAACAGACATACAAACTAAAGAACTACAAAAACAAATTACAAAAATTCAAAATTTTCGGGTTTATTACAGGGACAGCAGARATCCACTTTGGAAA---------------------------------------------------------------------------------------------------------------------------------------------------------------
31250|02UZ0667|AY829211-IS,TTTTTAGAAGGGATAGATAAGGCTCAAGAAGAACATGAAAAATATCACAGCAATTGGAAAGCAATGGCTAGTGATTTTAATCTGCCACCTATAGTAGCAAAGGAAATAGTAGCCAGCTGTGATAAATGTCAATTAAAAGGGGAAGCTATGCATGGACAGGTAGACTGTAGTCCAGGAATATGGCAATTAGATTGCACACATCTAGAAGGAAAAGTAATCATGGTAGCAGTCCATGTAGCCAGTGGCTATATAGAAGCAGAAGTTATCCCAGCAGAAACAGGACAGGAGACAGCATACTTTCTGCTAAAATTAGCAGGAAGATGGCCAGTAAAAGTAGTACACACAGATAATGGCCCCAATTTCACCAGCAGTGCAGTTAAGGCTGCCTGTTGGTGGGCAAATATCCAACAGGAATTTGGGATTCCCTACAATCCCCAAAGTCAAGGAGTAGTGGAGTCTATGAATAAGGAATTAAAGAAAATCATAGGGCAGGTAAGAGAGCAAGCTGAACACCTTAAGACAGCAGTACAAATGGCAGTATTCATTCACAATTTTAAAAGAAAAGGGGGGATTGGGGGGTACAGTGCAGGGGAAAGAATAATAGACATAATAGCAACAGACATACAAACTAAAGAATTACAAAAACAAATTATAAAAATTCAAAATTTTCGGGTTTATTACAGAGACAGCAGAGATCCAATTTGGAAAGGACCAGCAAAACTACTCTGGAAAGGTGAAGGGGCAGTGGTAATACAGGACAATAACGATATAAAAGTAGTACCAAGAAGAAAAGCAAAGATCATTAGGGATTATGGAAAACAGATGGCAGGTGATGATTGTGTGGCAAGTAGACAGGATGAGGAT---
38952|99CM.1416|AM279386-IS,TTTTTAGATGGGATAGATAAAGCCCAAGAAGAGCATGAAAGATATCACAGCAATTGGAGAGCAATGGCTAGTGATTTTAATCTGCCACCTGTAATAGCAAAAGAGATAGTGGCCAGCTGTGACAAATGTCAGCTAAAAGGGGAAGCCATACATGGCCAAGTAGACTGTAGTCCAGGAATATGGCAATTAGATTGTACACATTTAGAAGGAAAAATTATCATGGTAGCAGTCCATGTGGCCAGTGGCTATATAGAAGCAGAAGTTATCCCAGCAGAAACAGGACAGGAAACAGCATACTTTATACTAAAACTGGCAGGAAGGTGGCCAGTGAAAATAATACATACAGACAATGGCAGCAATTTCACCAGTGCTGCAGTAAAGGCAGCATGTTGGTGGGCAAATGTCACACAAGAATTTGGAATTCCCTACAATCCCCAAAGTCAAGGAGTAGTAGAGTCTATGAATAAAGAGTTAAAGAAAATTATCGGGCAGGTCAGGGATCAAGCTGAACACCTTAAGACAGCAGTACAAATGGCAGTATTCATTCACAATTTTAAAAGAAAAGGGGGGATTGGGGGGTACAGTGCAGGGGAAAGAATAATAGACATGATAGCATCAGATATACAAACTAAAGAACTACAAAAACAAATTACAAAAATTCAAAATTTTCGGGTTTATTTCAGGGACAGCAGAGATCCAATTTGGAAAGGACCAGCAAAGCTACTCTGGAAAGGTGAAGGGGCAGTA------------------------------------------------------------------------------------------------------------------------
114645|KSH26INT|AB716165-IS,TTTTTAGATGGAATAGATAAGGCTCAAGAAGATCATGAAAAATATCACAGTAATTGGAAAGCAATGGCTAGTGATTTTAATCTGCCACCTATAGTAGCAAAAGAAATAGTAGCCAGCTGTGATAAATGTCAACTAAAAGGGGAAGCCATGCATGGACAAGTAGACTGTAGCCCAGGGATGTGGCAGTTAGATTGCACGCATCTAGAAGGAAAAGTAATTCTGGTAGCAGTCCATGTAGCCAGTGGCTATATAGAAGCAGAAGTGATCCCAGCAGAAACAGGACAAGAGACAGCATACTTTCTGCTAAAATTAGCAGGAAGATGGCCAGTAAAAGTAGTACACACAGACAATGGCAGCAATTTCACCAGCACTGCATTTAAAGCAGCCTGTTGGTGGGCAAGTATCCAACAGGAGTTTGGAATTCCCTACAATCCCCAAAGTCAAGGAGTAGTGGAATCTATGAATAAGGAATTAAAAAAGATCATAGGGCAGGTAAGARAGCAAGCTGAACACCTTAAGACAGCAGTACAAATGGCAGTATTCATTCACAATTTTAAGARAAAAGGGGGGATKGGGGGGTACAGTGCAGGGGAAAGAATAATAGATATAATAGCAACAGACATACAGACTAAAGAACTACAAAAACAAATTACAAAAATTCAAAATTTTCGGGTTTATTACAGGGACAGCAGARATCCACTTTGGAAAGGACCAGCAAAACTACTTTGGAAAGGTGAAGGGGCAGTAGTAATACAGGACAATAGTGATATAAAGGTAGTGCCTAGAAGAAAAGCAAAGATCATTAGGGATTATGGAAAACAGATGGCAGGTGATGATTGTGTGGCAGGTAGACAGGATGAGGAT---
31241|X1241|AY536238-IS,TTTTTAGATGGGATAGATAAGGCACAGGAAGAACATGAAAAATATCACAACAATTGGAGAGCTATGGCTAGTGATTTTAATCTGCCACCTGTAGTAGCAAAAGAAATAGTAGCTAGCTGTGATAAGTGTCAGCTAAAAGGGGAAGCCATGCATGGACAAGTAGATTGTAGTCCAGGGATATGGCAATTAGATTGTACACATTTAGAAGGAAAAGTTATCCTGGTAGCAGTCCATGTAGCTAGTGGGTACCTGGAAGCAGAAGTTATCCCAGCAGAAACAGGACAAGAAACAGCCTACTTCATACTAAAGTTAGCAGGAAGATGGCCAGTAAAAACAATACATACAGACAATGGCACCAATTTCAGCAGTGCTGCGGTTAAGGCAGCCTGTTGGTGGGCAGGTATCCAGCAGGAATTTGGAATTCCCTACAACCCCCAAAGTCAAGGAGTAGTAGAATCTATGAATAAAGAGTTAAAGAAGATCATAAAACAAGTAAGAGAGCAAGCTGAACATCTTAAGACAGCAGTACAAATGGCAGTATTCATTCACAATTTTAAAAGAAAAGGGGGGATTGGGGGATACAGTGCAGGGGAAAGAATAATAGACATAATAGCAACAGACATACAAACTAAAGAATTACAAAAACAAATTATAAAAATTCAAAATTTCCGGGTTTATTACAGGGACAGCAGAGACCCAGTTTGGAAAGGACCAGCAAAGCTACTCTGGAAAGGTGAAGGGGCAGTAGTCATACAAGAAAATAGTGAAATAAAGGTAGTACCAAGAAGAAAAGCAAAAATTATTAGGGATTATGGAAAACAGATGGCAGGTGATGATTGTGTGGCAAGTAGACAGGATGAGGAT---
38974|02CM.0013|AY371125-IS,TTCTTAGATGGCATAGATAAAGCCCAAGAAGAGCATGAAAGATATCACAGCAATTGGAGAGCAATGGCTAGTGATTTTAATCTACCACCTGTAGTAGCAAAAGAAATAGTGGCCAGCTGTGATAAATGCCAGCTAAAAGGGGAAGCCATGCATGGACAAGTAGACTGTAGTCCAGGAATATGGCAATTAGATTGTACACATTTAGAAGGAAAAGTTATCATGGTAGCAGTCCATGTAGCCAGTGGCTATATAGAAGCAGAAGTTATCCCAGCAGAAACAGGACAGGACACAGCATACTTTATATTAAAATTAGCAGGAAGATGGCCAGTGAGAGTAATACACACAGACAATGGCAGCAACTTCACCAGTGCTACAGTAAAGGCAGCATGTTGGTGGGCAAATGTCACACAAGAATTTGGAATTCCCTACAATCCCCAAAGCCAAGGAGTAGTGGAATCTATGAATAAAGAATTAAAGAAAATTATAGGGCAGGTCAGGGATCAAGCTGAACATCTTAAGACAGCAGTACAGATGGCAGTATTCATACACAATTTTAAAAGAAAAGGGGGGATTGGGGGGTACAGTGCAGGGGAAAGAATAATAGACATAATAGCATCAGATATACAAACTAAAGAACTACAAAAACAAATTACAAAAATTCAAAATTTTCGGGTTTATTACAGGGACAGCAGAGATCCAATTTGGAAAGGACCAGCAAAACTACTCTGGAAAGGTGAAGGGGCAGTAGTAATACAGGACAATAGTGATATAAAAGTAGTACCAAGAAGAAAAGCAAAAATCATTAAGGACTATGGAAAACAGGTGGCAGGTGATGATTGTGTGGCAAGTAGACAGAATGAAGAT---
69876|INT-318|GU217165-IS,TTTTTAGATGGAATAGATAAGGCCCAAGAAGATCATGAGAATTACCACAGTAATTGGAGAGCAATGGCTAGTGATTTTAACCTGCCACCAGTAATAGCAAAGGAAATAGTAGCCAGCTGTGATAAATGTCAGCTAAAAGGAGAAGCCATGCATGGACAAGTAGACTGTAGTCCAGGAATATGGCAATTAGATTGTACACATTTAGAAGGAAAAATTATCCTGGTAGCAGTTCATGTAGCCAGTGGATACATAGAAGCAGAAGTTATTCCAGCAGAGACAGGGCAGGACACAGCATACTTCATACTAAAATTAGCAGGAAGATGGCCAGTAAAAACAATACATACAGACAATGGCCCCAATTTCACCAGTACTACAGTTAAGGCCGCCTGCTGGTGGGCGGGGATCAAGCAGGAATTTGGCATTCCCTACAATCCCCAAAGTCAAGGAGTAGTAGAATCTATGAATAAAGAATTAAAGAAAATTATAGGGCAAGTAAGAGATCAGGCTGAACATCTTAAGACAGCAGTACAAATGGCAGTATTCATCCACAATTTTAAAAGAAAAGGGGGGATTGGGGGATACAGTGCAGGGGAAAGAATAGTAGACATAATAGCATCAGACATACAAACTAAAGAATTACAAAAACAAATTACAAAAATTCAAAATTTTCGGGTTTATTACAGGGACAGCAGAAATCCACTTTGGAAAGGACCAGCAAAGCTCCTCTGGAAAGGTGAAGGGGCAGTAGTAATACAAGACAATAGTGAAATAAAAGTAGTGCCAAGAAGAAAAGTAAAAATCATTAGGGATTATGGAAAACAGATGGCAGGTGATGATTGTGTGGCAAGTAGACAGGAT---------
153783|9631|LC022328-IS,TTCTTAGATGGAATAGATAAGGCCCAAGAAGAGCATGAGAAATATCACAGTAATTGGAGAGCAATGGCTAGTGATTTTAACCTACCACCTGTAGTTGCAAAAGAAATAGTAGCCAGCTGTGATAAATGTCAGCTAAAAGGAGAAGCMATGCATGGACAAGTAGACTGTAGTCCAGGAATATGGCAACTAGATTGTACACACTTAGAAGGGAAARTTATCMTGGTAGCAGTACATGTAGCCAGTGGATATATAGAAGCAGARGTCATTCCAGCAGAAACAGGACAGGAAACAGCATACTTTCTCTTAAAATTAGCAGGAAGATGGCCAGTAAAAACARTACATACAGATAATGGCAGCAATTTCACCAGTACTGCAGTAAAAGCTGCCTGCTGGTGGGCAGGGATCAAACAGGAATTTGGCATTCCCTACAATCCYCAAAGTCAGGGAGTAGTAGAATCTATGAATAATGARTTAAAGAAAATTATAGGGCAAGTAAGAGATCAGGCTGAACATCTKAAAACAGCATTACAAATGGCAGTATTCATCCACAATTTTAAAAGAAAAGGGGGGATTGGGGGATACAGTGCAGGGGAAAGGATAGTRGACATAATATCAACAGACATACAAACTAAAGAATTACAAAAACAAATTACAAAAATTCAAAATTTTCGGGTTTATTACAGGGACAGCAGAGATCCACTTTGGAAAGGACCAGCAAAGCTTCTCTGGAAAGGTGAAGGGGCAGTAGTAATTCARGAYAATAGTGACATAAAAGTAGTGCCAAGAAGAAAAGCAAAGATCATTAGGGATTATGGAAAACAGATGGCAGGTGATGATTGTGTGGCAAGTAGACAGGATGAGGAT---
56828|4599-11|EU618196-IS,TTTTTAGATGGCATAGATAAAGCCCAAGAAGATCATGAAAGATATCACAGCAATTGGAGAGCAATGGCTAGTGATTTTAATCTGCCACCTATAGTAGCAAAAGAAATAGTGGCCAGCTGTGATAAATGTCAATTAAAAGGGGAAGCCATGCATGGACAAGTAGATTGTRGTCCAGGAATATGGCAATTAGATTGTACACATTTAGAAGGAAAAATTATCATGGTAGCAGTCCATGTAGCCAGTGGCTACATAGAAGCAGAAGTAATCCCAGCAGAAACAGGACAAGAGGCAGCATACTTTATATTAAAATTAGCAGGAAGATGGCCAGTAAAAATAATACACACAGACAATGGCAGCAATTTCACCAGTGCTGCAGTAAAGGCAGCATGCTGGTGGGCAAACGTCACACAAGAATTTGGAATTCCCTACAATCCCCAAAGCCAAGGAGTAGTGGAATCAATGAATAAAGAATTAAAGAAAATTATAGGGCAGGTCAGGGATCAAGCTGAACACCTTAAAACAGCAGTACAGATGGCAGTATTCATTCACAATTTTAAAAGAAAAGGGGGGATTGGGGGGTACAGTGCAGGGGAAAGAATAATAGACATAATAGCATCAGACATACAAACTAAAGAACTACAAAAACAAATTATAAAAGTTCAAAATTTTCGGGTTTATTACAGGGACAGCAGAGACCCCATTTGGAAAGGACCAGCAAAACTACTCTGGAAAGGTGAAGGGGCAGTAGTAATACAGGACAATAGTGATATAAAGGTAGTTCCAAGGAGAAAAGCAAAAATCATTAAGGATTATGGAAAACAGATGGCAGGTGATGATTGTGTGGCAAGTAGACAGGATGAGGAT---
57932|H6-D0|FJ538983-IS,TTTTTAGATGGAATAGATAAGGCCCAAGAAGATCATGAGAAATATCACAGTAATTGGAGAGCAATGGCTAGTGATTTTAACCTGCCACCTATAGTAGCAAAAGAAATAGTAGCCAGCTGTGATAAATGTCAGCTAAAAGGAGAAGCCATGCATGGACAAGTAGACTGTAGTCCAGGAATATGGCAACTAGATTGTACACATTTAGAAGGAAAAATTATCCTGGTAGCAGTTCATGTAGCCAGTGGATATATAGAAGCAGAAGTTATTCCAGCAGAAACAGGGCAGGAAACAGCATATTTTATCTTAAAATTAGCAGGAAGATGGCCAGTAACAACAGTACATACTGACAATGGCACCAATTTCACCAGTAATGCAGTTAAGGCCGCCTGTTGGTGGGCGGGAATCAAGCAGGAATTTGGAATTCCCTACAATCCCCAAAGTCAAGGAGTAGTAGAATCTATGAATAAAGAATTAAAGAAAATTATAGGACAGGTAAGAGATCAGGCTGAACATCTTAAGACAGCAGTACAAATGGCAGTATTCATCCACAATTTTAAAAGAAAAGGGGGGATTGGGGGGTACTGTCCAGGGGAAAGAATAGTAGACATAATAACAACAGACATACAAACTAAAGAATTACAAAAACAAATTTCAAAAATTCAAAATTTTCGGGTTTATTACAGGGACAGCAGAAATCCACTTTGGAAAGGACCAGCAAAGCTCCTCTGGAAAGGTGAAGGGGCAGTAGTAATACAAGATAATAGTGACATAAAAGTAGTGCCAAGAAGAAAAGCAAAGATCATTAGGGATTATGGAAAACAGATGGCAGGTGATGATTGTGTGGCAAGTAGACAGGATGAGGAT---
77035|569M|GQ477441-IS,TTTTTAGATGGGATAGATAAAGCTCAGGAAGAACATGAAAGATATCATAGCAATTGGAAAGCAATGGCTAGTGATTTTAATTTGCCACCTGTAGTAGCAAAGGAAATAGTAGCCAACTGTGATAAATGTCAACTAAAAGGGGAAGCTATGCATGGACAAGTAGAYTGTAGTCCAGGGATATGGCAATTAGATTGCACACATCTAGAAGGAAAAATCATCATGGTAGCAGTCCACGTGGCCAGTGGATATATAGAAGCAGAAGTTATCCCAGCAGAAACAGGACAGGAGACAGCATACTTTCTGCTGAAATTAGCAGGAAGATGGCCAGTAAAAGTAATACACACAGACAACGGAAGCAATTTCACCAGCGCTGCAGTTAAAGCAGCCTGTTGGTGGGCCAATGTCCGACAGGAATTTGGGATCCCCTACAATCCCCAAAGTCAAGGAGTAGTAGAATCTATGAATAAGGAGTTAAAGAAAATCATAGGGCAGGTAAGAGAGCAAGCTGAACACCTTAAGACAGCAGTACAAATGGCAGTATTCATTCACAATTTTAAAAGAAAAGGGGGGATTGGGGGGTACAGTGCAGGGGAAAGAATAATAGACATGATAGCAACAGACATACAAACTAAAGAATTACAGAAACAAATTATAAACATTCAAAATTTTCGGGTTTATTACAGGGACAGCAGAGACCCAATTTGGAAAGGACCAGCAAAACTACTCTGGAAAGGTGAAGGGGCAGTAGTAATACAAGACAATAGTGAAATAAAAGTAGTACCAAGAAGAAAAGCAAAGATTATTAGGGATTATGGAAAACAGATGGCAGGTGATGATTGTGTGGCAGGTAGACAGGATGAGGAT---
7727|LV3|AJ286133-IS,TTTTTAGATGGCATAGATAAAGCCCAAGAAGAGCATGAAAGATATCACAGCAATTGGAGAGCAATGGCTAGTGATTTTAATCTGCCACCTATAGTAGCAAAAGAAATAGTGGCCAGCTGTGATAAATGCCAGCTAAAAGGGGAAGCCATGCATGGACAAGTAGACTGTAGTCCAGGAATATGGCAATTAGATTGTACACACTTAGAAGGAAAAATTATCATGGTAGCAGTCCATGTAGCCAGTGGCTATATAGAAGCAGAAGTAATCCCAGCAGAAACAGGACAGGAGACAGCATACTTTATATTAAAATTAGCAGGAAGATGGCCAGTGAAAGTAATACACACAGACAATGGCAGTAATTTCACCAGTGCTGCAGTAAAGGCAGCATGTTGGTGGGCAAATGTCACACAAGAATTTGGAATTCCCTACAATCCCCAAAGCCAAGGAGTAGTGGAATCTATGAATAAAGAATTAAAGAAAATTATAGGGCAGGTCAGGGATCAAGCTGAACACCTTAAGACAGCAGTACAGATGGCAGTATTCATTCACAATTTTAAAAGAAAAGGGGGGATTGGGGGGTACAGTGCAGGGGAAAGAATAATAGACATAATAGCATCAGATATACAAACTAAAGAACTACAAAAACAAATTACAAAAATTCAAAATTTTCGGGTTTATTACAGGGACAGCAGAGATCCAATTTGGAAAGGACCAGCAAAACTACTCTGGAAAGGTGAAGGGGCAGTAGTAATACAGGACAATAGTGATATAAAGGTAGTACCAAGAAGAAAAGTAAAAATCATTAGAGATTATGGAAAACAGATGGCAGGTGATGATTGTGTGGCAAGTAGACAGGATGAGGAT---
112054|08MB73ZA|HM569338-IS,TTTCTAGATGGAATAGATAAGGCTCAAGAAGAACATGAAAAGTATCACAGCAATTGGAGAGCAATGGCTAATGAATTTAATCTGCCACCAGTAGTAGCAAGAGAAATAGTAGCTAGCTGTGATAAATGTCAGCTAAAAGGGGAAGCCATGCATGGGCAAGTAGACTGCAGTCCAGGGATATGGCAATTAGATTGTACACATTTAGAAGGAAAAGTCATCATGGTAGCAGTTCATGTAGCCAGTGGCTACATAGAAGCAGAGGTTATCCCAGCAGAAACAGGACAAGAAACAGCATACTATATACTAAAATTAGCAGGAAGATGGCCAGTCAAAGTAATACATACAGACAATGGCACTAATTTCACCAGTACTGCAGTTAAGGCAGCCTGTTGGTGGGCAGGTATCCAACAGGAATTTGGAATTCCCTACAATCCCCAAAGTCAGGGAGTAGTAGAATCCATGAATAAAGAATTAAAGAAAATCATAGGGCAGGTAAGAGATCAAGCTGAGCACCTTAAGACAGCAGTACAAATGGCAGTATTCATTCACAATTTTAAAAGAAGAGGGGGGATTGGGGGGTATAGTGCAGGGGAAAGAATAATAGACATAATAGCAACAGACATACAAACTAAAGAATTACAAAAACAAATTATAAAAATTCAAAATTTTCGGGTTTATTACAGAGACAGCAGAGACCCTATTTGGAAAGGACCAGCCAAACTACTCTGGAAAGGTGAAGGGGCAGTAGTAATACAAGATAACAGTGAAATAAAGGTAGTACCAAGGAGGAAAGCAAAAATCATTAGGGACTATGGAAAACAGATGGCAGGCGCTGATTGTGTGGCAGGTAGACAGGATGAAGAT---
167086|DEMG09KE001|KF716477-IS,TTTTTAGATGGCATAGATAAAGCCCAAGAAGAGCATGAAAGATATCACAGCAATTGGAGAGCAATGGCTAGTGATTTTAATCTGCCACCTATAGTAGCAAAAGAAATAGTGGCCAGCTGTGATAAATGTCAGCTAAAAGGAGAAGCTATGCATGGTCAAGTAGACTGTAGTCCAGGAATATGGCAATTAGATTGTACACATTTAGAAGGAAAAGTTATCATGGTAGCAGTACATGTAGCCAGTGGCTATATAGAAGCAGAAGTCATCCCAGCAGAGACAGGACAGGAAGCAGCATACTTTATACTAAAACTGGCAGGAAGGTGGCCAGTGAAAGTAATACATACAGACAATGGCAGCAATTTCATCAGTGCTGCAGTAAAAGCAGCATGTTGGTGGGCAAATATCACACAAGAATTTGGAATTCCCTACAATCCCCAAAGCCAAGGAGTAGTGGAGTCTATGAATAAAGAATTAAAGAAAATCATTGGGCAGGTTAGGGATCAAGCTGAACACCTTAGGACAGCAGTACAAATGGCAGTATTCATTCACAATTTTAAAAGAAAAGGGGGGATTGGGGGGTACAGTGCAGGGGAAAGAATGATAGACATAATAGCATCAGATATACAAACTAAAGAACTACAAAAACAAATTACAAAAATTCAAAATTTTCGGGTTTATTACAGGGACAGCAGAGACCCAATTTGGAAAGGACCAGCAAAACTACTCTGGAAAGGTGAAGGGGCAGTAGTAATACAAGATAACAACGACATAAAAGTAGTACCAAGAAGAAAAGCAAAGATCATTAGGGATTATGGAAAACAGATGGCAGGTGATGATTGTGTGGCAGGTAGACAGGATGAGGAT---
57153|ABB34-96|EU618521-IS,TTTTTAGATGGCATAGATAAAGCCCAAGAAGAGCATGAAAGATATCACAGTAATTGGAGAGCAATGGCTAGTGATTTTAATCTGCCACCTATAGTAGCAAAAGAAATAGTGGCCAGCTGTGATAAATGCCAGCTAAAAGGGGAAGCCATGCATGGACAAGTAGACTGTAGTCCAGGAATATGGCAACTAGATTGTACACATTTAGAAGGAAAAATTATCATGGTAGCAGTCCATGTAGCCAGTGGCTATATAGAAGCAGAAGTTATCCCAGCAGAAACAGGACAGGAGACAGCATACTTTATATTAAAACTAGCAGGAAGATGGCCAGTGAAAGTAATACACACAGACAATGGCAGCAATTTCACCAGTGCTGCAGTAAAGGCAGCATGTTGGTGGGCAAATGTCACACAAGAATTTGGAATTCCCTACAATCCCCAAAGCCAAGGAGTAGTGGAATCTATGAATAAAGAATTAAAGAAAATCATAGGGCAGGTCAGGGATCAAGCTGAACACCTTAAGACAGCTGTACAGATGGCAGTAYTCATTCACAATTTTAAAAGAAAAGGGGGGATTGGGGGGTACAGTGCAGGAGAAAGAATAATAGACATAATAGCATCAGATATACAAACTAAAGAACTACAAAAACAAATTACAAAAATTCGAAATTTTCGGGTTTATTACAGGGACAGCAGAGATCCAATTTGGAAAGGACCAGCAAAACTACTCTGGAAAGGTGAAGGGGCAGTAGTAATACAGGACAATAGTGATATAAAGGTAGTACCAAGAAGAAAAGYAAAAATCATTAGGGATTATGGAAAACAGATGGCAGGTGATGATTGTGTGGCAAGTAGACAGGATGAGGAT---
58869|3796|FJ183506-IS,TTTTTAGATGGAATAGATAAGGCCCAAGATGAACATGAAAAATATCACAGTAATTGGAGAGCAATGGCTAGTGACTTTAACCTGCCACCTATAGTWGCAAAAGAAATAGTAGCCAGCTGTGACAAATGTCAGCTAAAAGGRGAAGCCATGCATGGACAAGTAGACTGTAGTCCAGGAATATGGCAGCTAGATTGTACACATTTAGAAGGAAAAGTTATCCTGGTAGCAGTTCATGTAGCCAGTGGATACATAGAGGCAGAAGTTATTCCAGCAGAGACAGGRCAAGAAACAGCATACTTTCTCTTAAAACTAGCAGGAAGATGGCCAGTAAAAACAATACATACAGACAATGGCAGCAATTTCACCAGTAATGCACTTAAGGCCGCCTGTTGGTGGGCGGGGATCAAACAGGAATTTGGTATTCCCTACAATCCCCAAAGCCARGGAGTAATAGAATCTATGAATAAAGAATTAAAGAAAATTATAGGACAGGTAAGAGATCAGGCTGAACATCTTAAGACAGCAGTACAAATGGCAGTATTCATTCACAATTTTAAAAGAAAAGGGGGGATTGGGGGGTACAGTGCAGGRGAAAGAATAGTAGACATAATAGCAACAGACATACAAACTAGAGAATTACAAAAACAAATTACAAAAATTCAAAATTTTCGGGTTTATTACAGGGACAGCAGARATCCACTTTGGAAAGGACCAGCAAAACTTCTCTGGAAAGGTGAAGGGGCAGTAGTAATACAAGATAATAGTGACATAAAGGTAGTGCCAAGAAGAAAAGCAAAGATCATTAGGGATTATGGAAAACAGATGGCAGGTGATGATTGTGTGGCAAGTAGACAGGATGAGGAT---
31244|02UZ694|AY829205-IS,TTTTTAGAAGGGATAGATAAGGCTCAAGAAGAACATGAAAAATATCACAGCAATTGGAAAGCAATGGCTAGTGATTTTAATCTGCCACCTATAGTAGCAAAGGAAATAGTAGCCAGCTGTGATAAATGTCAATTAAAAGGGAAAGCTATGCATGGACAGGTAGACTGTAGTCCAGGGATATGGCAATTAGATTGCACACATCTAGAAGGAAAAATAATCATGGTAGCAGTCCATGTAGCCAGTGGCTATATAGAAGCAGAAGTTATCCCAGCAGAAACAGGACAGGAGACAGCATACTTTCTGCTAAAATTAGCAGGAAGATGGCCAGTAAAAGTAGTACACACAGATAATGGCCCCAATTTCACCAGCAGTGCAGTTAAGGCTGCCTGTTGGTGGGCAAATATCCAACAGGAATTTGGGATTCCCTACAATCCCCAAAGTCAAGGAGTAGTGGAGTCTATGAATAAGGAATTAAAGAAAATCATAGGGCAGGTAAGAGAGCAAGCTGAACACCTTAAGACAGCAGTACAAATGGCAGTATTCATTCACAATTTTAAAAGAAAAGGGGGGATTGGGGGGTACAGTGCAGGGGAAAGAATAATAGACATAATAGCAACAGACATACAAACTAAAGAATTACAAAAACAAATTATAAAAATTCAAAATTTTCGGGTTTATTACAGAGACAGCAGAGATCCAATTTGGAAAGGACCAGCAAAACTACTCTGGAAAGGTGAAGGGGCAGTGGTAATACAGGACAATAACGATATAAAAGTAGTACCAAGAAGAAAAGCAAAGATCATTAGGGATTATGGAAAACAGATGGCAGGTGATGATTGTGTGGCAAGTAGACAGGATGAGGAT---
57225|ABB117-98|EU618593-IS,TTTTTAGATGGCATAGATAAAGCCCAAGAAGAGCATGAAAGATATCACAGCAATTGGAGAGCAATGGCTAGTGATTTTAATCTGCCACCTATAGTAGCAAAAGAAATAGTGGCCAGCTGTGATAAATGCCAGCTAAAGGGGGAAGCCATGCATGGACAAGTAGACTGTAGTCCAGGAATATGGCAATTAGATTGTACACATTTAGAAGGAAAAATTATCATGGTAGCAGTCCATGTAGCCAGTGGATATATAGAAGCAGAAGTTATCCCAGCAGAAACAGGACAGGAGACAGCATACTTTATATTAAAATTAGCAGGAAGATGGCCAGTGAAAGTAATACACACAGACAATGGCAGCAATTTCACCAGTGCTACAGTAAAAGCAGCATGTTGGTGGGCAAATGTCACACAAGAATTTGGAATTCCCTACAATCCCCAAAGCCAAGGAGTAGTGGAATCTATGAATAAAGAATTAAAGAAAATTATAGGGCAGGTCAGGGATCAAGCTGAACACCTTAAGACAGCAGTACAGATGGCAGTATTCATTCACAATTTTAAAAGAAAAGGGGGGATTGGGGGGTACAGTGCAGGGGAAAGAATAATAGACATAATAGCATCAGATATGCAAACTAAGGAATTACAAAAACAAATTATAAAAATTCAAAATTTTCGGGTTTATTACAGGGACAGCAGAGATCCAATTTGGAAAGGACCAGCAAAACTACTCTGGAAAGGTGAAGGGGCAGTAGTAATACAGGACAATAGTGATATAAAGGTAGTACCAAGAAGAAAAGTAAAAATCATTAAGGATTATGGAAAACAGATGGCAGGTGATGATTGTGTGGCAAGTAGACAGGATGAGGAT---
58687|W75|FJ554748-IS,TTTCTGGATGGCATTGATAAAGCGCAGGAAGAACATGAAAAATATCATAGCAACTGGCGTGCGATGGCGAGCGATTTTAACCTGCCGCCGGTGGTGGCGAAAGAAATTGTGGCGAGCTGCGATAAATGCCAGCTGAAAGGCGAAGCGATGCATGGCCAGGTGGATTGCAGCCCGGGCATTTGGCAGCTGGATTGCACCCATCTGGAAGGCAAAATTATTATGGTGGCGGTGCATGTGGCGAGCGGCTATATTGAAGCGGAAGTGATTCCGGCGGAAACCGGCCAGGAAACCGCGTATTTTATTCTGAAACTGGCGGGCCGTTGGCCGGTGAAAATTATTCATACCGATAACGGCAGCAACTTTATTAGCAACACCGTGAAAGCGGCGTGCTGGTGGGCGGGCATTAAACAGGAATTTGGCATTCCGTATAACCCGCAGAGCCAGGGCGTGGTGGAAAGCATGAACAAAGAACTGAAAAAAATTATTGGCCAGGTGCGTGATCAGGCGGAACATCTGAAAACCGCGGTGCAGATGGCGGTGTTTATTCATAACTTTAAACGTAAAGGCGGCATTGGCGGCTATAGCGCGGGCGAACGTATTATTGATATTATTAGCACCGATATTCAGACCAAAGAACTGCAGAAACAGATTACCAAAATTCAGCATTTTCGTGTGTATTATCGTGATAGCCGTGATCCGCTGTGGAAAGGCCCGGCGAAACTGCTGTGGAAAGGCGAAGGCGCGGTGGTGATTCAGGATAACAGCGATATTAAAGTGGTGCCGCGTCGTAAAGCGAAAATTATTCGTGATTATGGCAAACAGATGGCGGGCGATGATTGCGTGGCGAGCCGTCAGGATGAAGAT---
151142|KE398838V4|KT022402-IS,TTTTTAGATGGGATAGATAAGGCTCAAGAAGAACATGAAAGATATCACAGTAACTGGAGAGCAATGGCTCATGACTTTAATCTGCCACCTATAGTAGCAAAAGAAATAGTAGCTAGCTGTGATAAATGTCAGTTAAAAGGGGAAGCCATGCATGGACAAGTAGACTGCAGTCCAGGAATATGGCAACTAGATTGCACACATCTAGAAGGAAAAGTTATCATGGTAGCAGTCCATGTAGCCAGTGGCTATATAGAAGCAGAAGTCATCCCAGCAGAAACAGGACATGAGACAGCATACTTTCTATTAAAACTAGCAGGAAGATGGCCAGTAAAAGTAATACATACAGACAATGGGCCTAATTTCATCAGTACACCAGTTAAGGCAGCCTGTTGGTGGGCAGGTGTCAAACAGGAATTTGGAATTCCATACAATCCCCAAAGTCAAGGAGTAGTGGAATCTATGAATAAAGAATTAAAGAAAATCATAGGGCAGGTAAGAGATCAAGCTGAACACCTTAAGACAGCAGTGCAAATGGCAGTACTCATCCACAATTTTAAAAGAAAAGGGGGGATTGGGGGATACAGTGCAGGGGAAAGAATAATAGACATAATAGCAACAGATATACAAACTCAAGAATTACAAAGACAAATTATAAAAATTCAAAATTTTCGGGTTTATTACAGGGACAGCAGAGATCCAGTTTGGAAAGGACCAGCAAAACTGCTCTGGAAAGGTGAAGGGGCAGTAGTAATACAGGACAATAGTGAGATAAAGGTAGTGCCCAGAAGAAAAGCAAAGATCATTAGGGATTATGGAAAACAGATGGCAGGTGATGATTGTGTGGCAGGTAGACAGGATGAGGAT---
105923|AA002a_LH13|JX446668-IS,TTTTTAGATGGAATAGATAAGGCTCAAGAAGAACATGAAAGATATCATAGCAATTGGAGAGCAATGGCTAGTGATTTTAATTTGCCACCTATAGTAGCAAAGGAAATAGTAGCCAACTGTAATAAATGTCAATTAAAAGGGGAAGCTATGCATGGACAAGTAGACTGTAGTCCAGGAATATGGCAATTAGATTGCACACATCTAGAAGGAAAAGTCATCATGGTAGCAGTCCACGTGGCCAGTGGATATATAGAAGCAGAAGTTATCCCAGCAGAAACAGGACAGGAGACAGCATACTTTCTGCTAAAATTAGCAGGAAGATGGCCAGTAAAAGTAATACACACAGACAATGGTAGCAATTTCACCAGCGCTGCAGTTAAAGCAGCCTGTTGGTGGGCCAATGTCCAACAGGAATTTGGGGTCCCCTACAATCCCCAAAGTCAAGGAGTAGTAGAATCTATGAATAAAGAATTAAAACAAATCATAGGGCAGGTAAGAGAGCAAGCTGAACACCTTAAGACAGCAGTACAAATGGCAGTATTCATTCACAATTTTAAAAAGAAAGGGGGGATTGGGGGGTACAGTGCAGGGGAAAGAATAATAGACATAATAGCAACAGACATACAAACTAAAGAATTACAAAAACAAATTACAAAAATTCAAAATTTTCGGGTTTATTACAGGGACAGCAGAGACCCAATTTGGAAAGGACCAGCAAAACTACTTTGGAAAGGTGAAGGGGCAATAGTAATACAAGACAATAGTGATATAAAGGTAGTACCAAGAAGAAAAGCAAAGATCATTAGGGATTATGGAAAACAGATGGCAGGTGATGCTTGTGTGGCAGGTGGACAGAATGAGGAT---
38985|01CM.1237|AY371136-IS,TTCTTAGATGGCATAGATAAAGCCCAAGAAGAGCATGAAAGATATCACAGCAATTGGAGAGCAATGGCTAGTGATTTTAATCTGCCACCTATAGTAGCAAAAGAAATAGTAGCCAGCTGTGATAAATGCCAGCTAAAAGGGGAAGCCATGCATGGACAAGTAGACTGTAGTCCAGGAATATGGCAATTAGATTGTACACATTTAGAAGGAAAAATTATCATGGTAGCAGTCCATGTAGCCAGTGGCTATATAGAAGCAGAAGTTATCTCAGCAGAAACAGGACAGGAGACAGCATACTTTATATTAAAATTAGCAGGAAGATGGCCAGTGAAAATAATACACACAGACAATGGCAGCAATTTCACCTGTGCTGCAGTAAAGGCAGCATGTTGGTGGGCAAATGTCACACAAGAATTTGGAATTCCCTACAATCCCCAAAGCCAAGGAGTAGTGGAATCTATGAATAAAGAATTAAAGAAAATTATAGGGCAGGTCAGGGATCAAGCTGAACACCTTAAGACAGCAGTACAAATGGCAGTATTCATTCACAATTTTAAAAGAAAAGGGGGGATTGGGGGGTACAGTGCAGGGGAAAGAATAATAGACATAATAGCATCAGATATACAAACTAAAGAACTACAAAAACAAATTACAAAAATTCAAAATTTTCGGGTTTAGTACAGGGACAGCAGAGATCCAATTTGGAAAGGACCAGCCAAGCTACTCTGGAAAGGTGAAGGGGCAGTAGTAATACAGGACAATAGTGATATAAAGGTAGTACCAAGAAGGAAAGCAAAAATCATTAAGGATTATGGAAAACAGATGGCAGGTGATGATTGTGTGGCAAGTAGACAGGATGAGGAT---
56695|1012-28|EU618063-IS,TTTTTAGATGGCATAGATAAGGCCCAAGAAGAACATGAAAGATATCATAGCAATTGGAGAGCAATGGCTAGTGATTTTAATCTGCCACCTATAGTAGCAAAAGAGATAGTGGCCAGCTGTGATAAATGCCAGCTAAAAGGGGAAGCCATGCATGGACAAGTAGACTGTAGTCCAGGAATATGGCAATTAGATTGTACACATTTAGAAGGAAAAATTATCATGGTGGCAGTCCATGTAGCCAGTGGCTATATAGAAGCAGAAGTTATCCCAGCAGAAACAGGACAGGAGGCAGCATACTTCATATTAAAACTAGCAGGAAGATGGCCAGTGAAGATAATACACACAGACAATGGCAGCAATTTCACCAGTGCTGCAGTAAAGGCAGCATGTTGGTGGGCAAATGTCACACAAGAATTTGGAATTCCCTACAATCCCCAAAGCCAAGGAGTAGTGGAATCTATGAATAAGGAATTAAAGAAAATTATAGCGCAGGTCAGGGATCAAGCTGAACACCTTAAGACAGCAGTACAGATGGCAGTATTCATTCACAATTTTAAAAGAAAAGGGGGGATTGGGGGGTACAGTGCAGGGGAAAGAATAATAGACATAATAGCATCAGATATACAAACTAAAGAACTACAAAAACAAATTATAAAAATTCAAAATTTTCGGGTTTATTACAGGGACAGCAGAGATCCAATTTGGAAAGGACCAGCAAAACTACTCTGGAAAGGTGAAGGGGCAGTAGTAATACAGGATAATAGTGATATAAAGGTAGTGCCAAGAAGAAAAGCAAAGATCATTAGAGATTATGGAAAACAGATGGCAGGTGATGATTGTGTGGCAAGTAGACAGGATGAGGAT---
56899|626-2|EU618267-IS,TTTTTAGATGGCATAGATAAAGCCCAAGAAGAGCATGAAAAATATCACMGYAATTGGAGRGCAATGGCTAGTGATTTTAATCTGCCACCTATAGTAGCAAAAGAAATAGTGGCCAGCTGTGATAAATGCCAGCTAAAAGGGGAAGCCATGCATGGACAAGTAGACTGTAGTCCGGGAATATGGCAATTAGATTGTACACATTTAGAAGGAAAARTTATCATGGTAGCAGTCCATGTAGCCAGTGGCTATATAGAAGCAGAAGTTATCCCAGCAGAAACAGGACAGGAGGCAGCATACTTTATATTAAAATTAGCAGGAAGATGGCCAGTGAAAGTAATACACACAGACAATGGCAGCAATTTCACCAGTGCTRCAGTAAAGGCAGCATGTTGGTGGGCARATRTCACACAAGAATTTGGAATTCCCTACAATCCCCAAAGCCAAGGAGTAGTGGAATCTATGAATAAAGAATTAAAGAAAATTATAGGACAGGTCAGGGATCAAGCTGAACATCTTAARACAGCAGTACAGATGGCAGTATTCATTCACAATTTTAAAAGAAAAGGGGGGATTGGGGGGTACAGTGCAGGAGAAAGAATAATAGACATAATAGCATCAGATCTACAAACAAAAGAACTACAAAAACAAATTATAAAAATTCAAAATTTTCGGGTTTATTACAGGGACAGCAGAGATCCAATTTGGAAAGGACCAGCAAAACTACTCTGGAAAGGTGAAGGGGCAGTAGTATTACAGGACAATAGTGATATAAAGGTAGTACCAAGAAGAAAAGTAAAAATCATTAAGGATTATGGAAAACAGATGGCAGGTGATGATTGTGTGGCAAGTAGACAGAATGAGGAT---
106042|AA131a01L|JX448311-IS,TTTTTAGATGGAATAGATAAGGCTCAAGAAGAACATGAAAGATATCACAGTAATTGGAGAACAATGGTTAGTGATTTTAATTTGCCACCTATAGTAGCAAAGGAAATAGTAGCCAGCTGTGATAAATGTCAACTAAAAGGGGAAGCCATACATGGAAAAGTAGACTGTAGTCCAGGGATATGGCAATTAGATTGCACACATCTAGAAGGAAAAGTTATCATGGTAGCAGTCCACGTGGCCAGTGGATATATAGAAGCAGAAGTTATCCCAGCAGAAACAGGACAGGAGACAGCATACTTTCTGCTAAAATTAGCAGGAAGGTGGCCAGTAAAAGTAATACACACAGATAATGGTAGCAATTTCACCAGCGCTGCAGTTAAAGCAGCCTGTTGGTGGGCCAATGTCCGACAGGAATTTGGGATCCCCTACAATCCTCAAAGTCAAGGAGTAGTAGAGTCTATGAATAAGGAATTAAAGAAAATCATAGGGCAGGTAAGAGAGCAAGCTGAACATCTGAAGACAGCAGTGCAAATGGCAGTATTCATTCACAATTTTAAAAGAAAAGGGGGGATTGGGGGGTACAGTGCAGGGGAAAGAATAATAGACATAATAGCAACAGACATACAAACTAAAGAATTACAAAAACAAATTACAAAAATTCAAAATTTTCGGGTTTATTACAGGGACAGCAGAGATCCAATTTGGAAAGGACCAGCAAAACTACTCTGGAAAGGTGAAGGGGCAGTAGTAATACAAGATAATAGTGATATAAAAGTAGTACCAAGAAGAAAAGCAAAAATCATTAGGGATTATGGAAAACAGATGGCAGGTGATGATTGTGTGGCAGGTAGACAGGATGAGGAT---
112676|SK3052|JQ250519-IS,TTTCTAGATGGRATAGATAAGGCTCAAGAAGAACATGARARGTATCAYAGCAAYTGGAGRGCAATGGCTAGTGATTTTAATCTGCCACCTRTAGTAGCAARGGAAATAGTAGCCAGCTGTGATAAATGTCAAYTAAAAGGGGAAGCCATGCATGGACAAGTAGACTGTAGTCCAGGAATATGGCAATTAGATTGCACACATCTAGAAGGRAAARTAATCCTRGTAGCAGTCCATGTAGCCAGTGGCTATATAGAAGCMGAGGTTATCCCAGCAGAAAYAGGACAGGAARCAGCATACTTYMTATTAAAATTRGCAGGAAGATGGCCAGTAAAARTAATACATACAGACAATGGCAGCAATTTCACCAGCGCTGCAGTYAAAGCAGCCTGTTGGTGGGCAGRTATCCAACAGGAATTTGGGATTCCCTACAATCCCCAAAGTCAAGGAGTGGTGGAATCTATGAATAAGGAATTAAAGAAAATCATAGGGCAGGTAAGRGARCAAGCTGARCACCTTAAGACAGCAGTACAAATGGCAGTATTCATTCACAATTTTAAAAGAAAAGGGGGGATTGGGGGGTACAGTGCAGGGGAAAGAATARTAGACATAATAGCAACAGACTTACAAACTAAAGAAYTACAAAAAMAYATCACAAAAATTYAAAAWTTTCGGGTTTATTACAGGGACAGCAGARACCCAATYTGGAAAGGACCAGCAAAACTACTCTGGAAAGGTGAAGGGGCAGTAGTAATACAGGAYAAYAGTGAYATAAAGGTAGTACCAAGAAGAAAAGCAAAGATCATTAGGGATTATGGAAAACAGRTGGCAGGTGATGATTGTGTGGCAGGTAGACAGGATGAGGAT---
113237|306|JX425427-IS,TTCTTGGATGGGATAGATAAAGCTCAGGAAGAACATGAAAAATATCACAGTAATTGGAGAGCAATGGCTAGTGATTTTAACCTGCCACCTGTGATAGCAAAAGAAATAGTAGCCAGCTGTGATAAATGTCAAGTAAAAGGGGAAGCCATACATGGTCAAGTAGACTGCAGTCCAGGGATATGGCAATTAGATTGTACACATTTAGAAGGAAAAGTTATCATGGTAGCAGTCCATGTAGCTAGTGGCTATATAGAAGCAGAAGTTATCCCAGCAGAAACAGGGCAGGAAACAGCCTACTTCTTACTAAAATTAGCAGGAAGATGGCCAGTAAAAATAATACATACAGACAATGGCAGCAATTTCACCAGTACCACGGTTAAGGCAGCCTGTTGGTGGGCAGGTATCCAACAGGAATTTGGGATTCCCTACAATCCCCAAAGTCAAGGAGTAGTAGAATCCATGAACAAAGAATTAAAGAAAATCATAAATCAGATAAGAGATCAAGCTGAACATCTTAAGACAGCAGTGCAGATGGCAGTATTCATTCACAATTTTAAAAGAAAAGGGGGGATTGGGGGATACAGTGCAGGGGAAAGAATAATAGACATAATAGCAACAGACATACAAACTAAAGAATTACAAAAACAGATTTCAAAAATTCAAAACTTTCGGGTTTATTTCAGGGACAGCAGAGACCCAATTTGGAAAGGACCAGCAAAGCTACTCTGGAAAGGTGAAGGGGCAGTAGTCATACAAGACAACAATGAAATAAAGGTAGTGCCAAGAAGAAAGGCAAAGATCATTAGGGATTATGGAAAACAGATGGCAGGTGATGATTGTGTGGCAGGTGGACAGGATGAGAAT---
57197|ABB80-96|EU618565-IS,TTTTTAGATGGCATAGATAAGGCCCAAGAAGAACATGAAAAATATCACAGCAATTGGAGAGCAATGGCTAGTGATTTTAATCTGCCACCTATAGTAGCAAAAGAAATAGTGGCCAGCTGTGATAAATGCCAGCTAAAAGGGGAAGCCATGCATGGACAAGTAGACTGTAGTCCAGGAATATGGCAATTAGATTGTACACATCTAGAAGGAAAAGTTATCATGGTAGCAGTCCATGTAGCCAGTGGCTATATAGAAGCAGAAGTTATCCCAGCAGAAACAGGACAGGAGACAGCATACTTTATATTAAAATTAGCAGGAAGATGGCCAGTGAAAGTAATACACACAGACAATGGCAGCAATTTCACCAGTGCTACAGTAAAGGCAGCATGTTGGTGGGCAAATGTCACACAAGAATTTGGAATTCCCTACAATCCCCAAAGCCAAGGAGTAGTGGAATCTATGAATAAAGAATTAAAGAAGATTATAGGGCAGGTCAGGGATCAAGCTGAACATCTTAAGACAGCAGTACAGATGGCAGTATTCATACACAATTTTAAAAGAAAAGGGGGGATTGGGGGGTACAGTGCAGGGGAAAGAATAATAGACATAATAGCATCAGATATACAAACTAAAGAACTACAAAAACAAATTACAAAAATTCAAAATTTTCGGGTTTATTACAGGGACAGCAGAGATCCAATTTGGAAAGGACCAGCAAAACTACTTTGGAAAGGTGAAGGGGCAGTAGTAATACAGGACAATAGTGATATAAAGGTAGTACCAAGAAGAAAAGTAAAAATCATTAAGGATTATGGAAAACAGATGGCAGGTGATGATTGTGTGGCAAGTAGACAGAATGAGGAT---
56786|346-13|EU618154-IS,TTTTTAGATGGCATAGATAAAGCCCAAGAGGAACATGAAAGATATCATAGCAATTGGAGAGCAATGGCTAGTGATTTTAATCTGCCACCTATAGTAGCAAAAGAAATAGTGGCCAGCTGYGATAAATGCCAGCTAAAAGGGGAAGCCATGCATGGACAAGTAGACTGTAGTCCAGGAATATGGCAATTAGATTGTACACATTTAGAAGGAAAAATTATCATGGTAGCAGTCCATGTAGCCAGTGGCTATATAGAAGCAGAAGTTATCCCAGCAGAAACAGGACAGGAGACAGCATACTTCATATTAAAACTAGCAGGAAGATGGCCAGTGAAAATAATACACACAGACAATGGCAGCAATTTCACCAGTGCTGCAGTAAAGGCAGCATGTTGGTGGGCAAATGTCACACAAGAATTTGGAATTCCCTACAATCCCCAAAGCCAAGGAGTAGTGGAATCTATGAATAAAGAATTAAAGAAAATYATAGCGCAGGTCAGGGATCAAGCTGAACACCTTAAGACAGCAGTACAGATGGCAGTATTCATTCACAATTTTAAAAGAAAAGGGGGGATTGGGGGGTACAGTGCAGGGGAACGAATAGTAGACATAATAGCATCAGATATACAAACTAAAGAACTACAAAAACAAATTATAAAAATTCAAAATTTTCGGGTTTATTACAGGGACAGCAGAGATCCAATTTGGAAAGGACCAGCAAAACTACTCTGGAAAGGTGAAGGGGCAGTAGTAATACAGGATAATAGTGAAATAAAGGTAGTACCAAGAAGAAAAGCAAAGATCCTTAGAGATTATGGAAAACAGATGGCAGGTGATGCTTGTGTGGCAAGTAGACAGGATGAGGAT---
57833|ABB01-96|FJ480262-IS,TTTTTAGATGGCATAGATAAAGCCCAAGAAGATCATGAAAAATATCACAGCAATTGGAGAGCAATGGCTAATGATTTTAATCTGCCACCTATAGTAGCAAAAGAAATAGTGGCCAGCTGTGATAAATGCCAGCTAAAAGGGGAAGCCATGCATGGACAAGTAGACTGTAGTCCAGGAATATGGCAATTAGATTGTACACATTTAGAGGGAAAAATTATCATGGTAGCAGTCCATGTAGCCAGTGGCTATATAGAAGCAGAGGTTATCCCAGCAGAAACAGGACAGGAGACAGCATACTTTATATTAAAATTAGCAGGAAGATGGCCAGTGAAAGTAATACACACAGATAATGGCAGCAATTTCACCAGTGCAACAGTAAAGGCAGCATGTTGGTGGGCAAATATCACACAAGAATTTGGAATTCCCTACAATCCCCAAAGCCAAGGAGTAGTGGAATCTATGAATAAAGAATTAAAGAAAATTATAGGGCAGGTCAGGGATCAAGCTGAACACCTTAAGACAGCAGTACAGATGGCAGTATTCATTCACAATTTTAAAAGAAAAGGGGGGATTGGGGGGTACAGTGCAGGAGAAAGAATAATAGACATAATAGCATCAGATATACAAACTAAAGAACTACAAAAACAAATTACAAAAATTCAAAATTTTYGGGTTTATTACAGGGACAGCAGAGATCCAATTTGGAAAGGACCAGCCAAGCTACTCTGGAAAGGTGAAGGGGCAGTAGTAATACAGGACAATAGTGATATAAAGGTAGTGCCAAGAAGAAAAGTAAAAATCATTAGGGATTATGGAAAACAGATGGCAGGTGATGATTGTGTGGCAAGTAGACAGGRTGAAGAT---
114613|PT_5_BL|JN544083-IS,TTTTTAGATGGGATAGATAAAGCACAGGAAGAGCATGAAAAATATCACAACAATTGGAAAGCAATGGCTAGTGATTTTAATCTGCCACCTGTAGTAGCAAAAGAAATAGTAGCTAGCTGTGATAAGTGTCAGCTAAAAGGGGAAGCCATGCATGGACAAGTAGATTGTAGYCCAGGGATATGGCAATTAGATTGTACACAYTTAGAAGGAAAAATTATCCTGGTAGCRGTCCATGTAGCTAGTGGGTACATAGAAGCAGAAGTTATCCCAGCAGAAACAGGACAAGACACAGCCTACTTCATACTAAAGTTAGCAGGAAGGTGGCCAGTAAAAACAATACATACAGACAATGGCACCAATTTCACCAGTGCCGCGGTTAAGGCAGCCTGTTGGTGGGCAGGTATCAAGCAGGAATTTGGAATTCCCTACAATCCCCAAAGTCAAGGAGTAGTAGAATCTATGAATAATGAGCTAAAGAAGATCATAAAACAAGTAAGAGATCAAGCTGAACATCTTAAGACAGCAGTACAAATGGCAGTATTCATYCACAATTTTAAAAGAAAAGGGGGGATTGGGGGATACAGTGCAGGGGAAAGAATAATAGATATAATAGCAACAGAYATACAAACTARAGAATTACAAAAACARATTATAAAAATTCAAAATTTCCGGGTTTATTACAGGGACAGCAGAGACCCAGTTTGGAAAGGACCAGCAAAGCTACTCTGGAAAGGTGAAGGGGCAGTAGTCATACAAGACAATAGTGAAATAAAAGTAGTACCAAGAAGAAAAGCAAAGATCATTAGGGATTATGGA---------------------------------------------------
139381|PIC1888PFY51|-IS,TTCTTAGATGGAATAGATAAGGCCCAAGAAGAYCATGACAAATATCACAGTAATTGGAGAGCAATGGCTAGTGATTTTAACCTGCCACCTGTAGTAGCAAAAGAAATAATAGCCAGTTGTGATAAATGTCAGCTAAAAGGAGAAGCCATGCATGGACAAGTAGACTGTAGTCCAGGAATATGGCAACTAGATTGTACACATTTAGAAGGAAAAGTTATCATGGTAGCAGTTCATGTAGCCAGTGGATATATAGAAGCAGAAGTTATCCCAGCAGAGACAGGGCAGGAAACAGCATATTTTCTCTTAAAATTAGCAGGAAGATGGCCAGTAAAAACAATACATACAGATAATGGCCCCAATTTCATCAGTACTACAGTTAAGGCCGCTTGTTGGTGGGCAGGAATCAAGCAGGAATTTGGCATTCCCTACAATCCCCAAAGTCAAGGAGTAGTAGAATCTATGAATAAAGAATTAAAGAAAATTATAGGACAGGTAAGAGATCAAGCTGAACATCTTAGGACAGCAGTACAAATGGCAGTATTCATCCACAATTTTAAAAGAAAAGGGGGGATTGGGGGATACAGTGCAGGGGAAAGAATAATAGACATAATAGCATCAGACATACAAACTAAAGAATTACAAAAACAAATTACAAAAATTCAACATTTTCGGGTTTATTACAGGGACAGCAGAGACCCCCTTTGGAAAGGACCAGCAAAGCTTCTCTGGAAAGGTGAAGGGGCAGTAGTGATACAAGATAATAGTGAAATAAAAGTAGTGCCAAGAAGAAAAGCAAAGATCATTAGGGATTATGGAAAACAGATGGCAGGTGATGATTGTGTGGCAAGTAGACAGGATGAGGAT---
153631|9377|LC022369-IS,TTTTTGGATGGCATAGATAAAGCCCAAGAAGAACATGARAAATATCAYAATAATTGGAGAGCAATGGCTAGTGATTTTAAYCTGCCACCTATAGTAGCAAAAGAAATAGTAGCCAGCTGTGATAAATGTCAGCTAAAAGGGGAAGCCATGCATGGACAAGTAGACTGCAGTCCAGGAATATGGCAACTAGATTGTACACATTTAGAAGGAAAAATTRTCATDGTAGCAGTACATGTAGCCAGTGGCTAYMTAGAAGCAGAAGTTATCCMAKCAGAAACARGGCAGGAAACAGCATACTTTCTCTTAAAATTAGCAGGAAGATGGCCAGTAAAAACAGTACATACAGACAATGGCAGCAATTTCACCAGTGCTGCAGTYAAGGCCGCCTGTTGGTGGGCAGGGATCAAACAGGAATTTGGAATTCCCTACAATCCCCAAAGTCAAGGAGTAGTAGAATCTATRAATAAAGAATTAAAGAAAATTATAGAACAAGTAAGAGATCAGGCTGARCATCTTAAGACAGCAGTACAAATGGCAGTATTCATCCACAATTTTAAAAGAAAAGGGGGGATTGGGGGGTACAGTGCAGGAGAAAGAATAATAGACATAATATCATCAGACATACAAACTAAAGAATTACAAAAACAWATTACAAAAATTCAAAATTTTCGGGTTTATTACAGGGACAGCAGAGATCCACTTTGGAAAGGACCAGCAAAACTTCTTTGGAAAGGTGAAGGGGCAGTAGTAATACAAGATAATAGTGACATAAAAGTGGTGCCAAGAAGAAAAGCAAAGATYATTAGRGATTATGGAAAACAGATGGCAGGGGATGATTGTGTGGCAAGTAGACAGGATGARGAT---
56824|449-38|EU618192-IS,TTTTTAGATGGCATAGATAAAGCCCAAGAAGATCATGAAAGATATCACAGCAATTGGAAAGCAATGGCTAGTGATTTTAATCTGCCACCTATAGTAGCAAAAGAAATAGTGGCCAGCTGTGATAAATGTCAGCTAAAGGGGGAAGCCATGCATGGACAAGTAGACTGTAGTCCAGGAATATGGCAATTAGATTGTACACATTTAGAAGGAAAAATTATCATGGTAGCAGTCCATGTAGCCAGTGGCTATATAGAAGCARAAGTTATCCCAGCAGAAACAGGACAGGAGACAGCATACTTTATATTAAAATTAGCAGGAAGATGGCCAGTGACAGTAATACACACAGACAATGGCCCCAATTTCATCAGTGCTGCAGTAAAGGCAGCATGTTGGTGGGCAAATGTCACACAAGAATTTGGAATTCCCTACAATCCCCAAAGCCAAGGAGTAGTGGAATCTATGAATAAACAATTAAAGAAAATTATAGGACAGGTCAGGGATCAAGCTGAACACCTTAAGACAGCAGTACAGATGGCAGTATTCATTCACAATTTTAAAAGAAAAGGGGGGATTGGGGGGTACAGTGCAGGAGAAAGAATAATAGACATAATAGCATCAGATATACAAACTAAAGAACTACAAAAACAAATTATAAAAATTCAAAATTTTCGGGTTTATTACAGGGACAGCAGAGATCCAATTTGGAAAGGACCAGCAAAACTACTCTGGAAAGGTGAAGGGGCAGTAGTAATACAGGACAATAGTGATATAAAAGTAGTACCAAGAAGAAAAGCAAAAATCATTAAGGATTATGGAAAACAGATGGCAGGTGATGATTGTGTGGCAAGTAGACAGGATGAGAAT---
77030|07BR_FPS625|HM026456-IS,TTTTTAGATGGGATAGATAAGGCACAGGACGAACATGAAAAATATCACAGCAATTGGAGAGCAATGGCTAGTGATTTTAATCTACCACCTGTAGTAGCAAAAGAAATAGTAGCTGCCTGTGATAAGTGTCAGCTAAAAGGGGAAGCCATGCATGGACAAGTAGATTGTAGTCCAGGGATATGGCAATTAGATTGTACACATCTAGAAGGAAAAATTATCCTGGTAGCAGTCCATGTAGCTAGTGGGTACCTAGAAGCAGAAGTTATCCCAGCAGAAACAGGACAAGAAACAGCCTACTTCATATTAAAGTTAGCAGGAAGATGGCCAGTAAAAACAATACATACAGACAATGGCACTAATTTCACCAGTGCCGCGGTTAAGGCAGCCTGTTGGTGGGCAGGTATTCAGCAGGAATTTGGAATTCCCTACAACCCCCAAAGTCAAGGAGTGGTAGAGTCTATGAATAAAGAGCTAAAGAAGATCATAAAACAGGTAAGAGATCAAGCTGAACATCTTAAGACAGCAGTACAAATGGCAGTATTCATTCACAATTTTAAAAGAAAAGGGGGGATTGGGGGATACAGTGCAGGGGAAAGAATCATAGACATAATATCAACAGACATACAAACTAGAGAATTACAAAAACAAATTATAAAAATTCAAAATTTCCGGGTTTATTACAGGGACAGCAGAGACCCAGTTTGGAAAGGACCAGCAAAGCTACTCTGGAAAGGTGAAGGGGCAGTAGTCATACAAGACAATAGTGAAATAAAGGTAGTACCAAGAAGAAAAGCAAAGATCATTAGGGATTATGGAAAACAGATGGCAGGTGATGATTGTGTGGCAGGTAGACAGGATGAGGAT---
58726|W114|FJ554787-IS,TTTCTGGATGGCATTGATAAAGCGCAGGAAGAACATGAAAAATATCATAGCAACTGGCGTGCGATGGCGAGCGATTTTAACCTGCCGCCGGTGGTGGCGAAAGAAATTGTGGCGAGCTGCGATAAATGCCAGCTGAAAGGCGAAGCGATGCATGGCCAGGTGGATTGCAGCCCGGGCATTTGGCAGCTGGATTGCACCCATCTGGAAGGCAAAATTATTCTGGTGGCGGTGCATGTGGCGAGCGGCTATATTGAAGCGGAAGTGATTCCGAGCGAAACCGGCCAGGAAACCGCGTATTTTATTCTGAAACTGGCGGGCCGTTGGCCGGTGAAAACCATTCATACCGATAACGGCAGCAACTTTACCAGCGCGACCGTGAAAGCGGCGTGCTGGTGGGCGGGCATTAAACAGGAATTTGGCATTCCGTATAACCCGCAGAGCCAGGGCGTGGTGGAAAGCATGAACAAAGAACTGAAAAAAATTATTGGCCAGGTGAAAGATCAGGCGGAACATCTGAAAACCGCGGTGCAGATGGCGGTGTTTATTCATAACTTTAAACGTAAAGGCGGCATTGGCGGCTATAGCGCGGGCGAACGTATTGTGGATATTGTGGCGACCGATATTCAGACCAAAGAACTGCAGAACCAGATTACCAAAATTCAGAACTTTCGTGTGTATTATCGTGATAGCAAAAACCCGCTGTGGAAAGGCCCGGCGAAACTGCTGTGGAAAGGCGAAGGCGCGGTGGTGATTCAGGATAACAGCGATATTAAAGTGGTGCCGCGTCGTAAAGCGAAAATTATTCGTGATTATGGCAAACAGATGGCGGGCGATGATTGCGTGGCGAGCCGTCAGGATGAAGAT---
57822|2393960|FJ480251-IS,TTTCTAGATGGAATAGATAAGGCTCAAGAAGAGCATGAAAAATATCACAACAATTGGAGAGCAATGGCTAGTGATTTCAATCTGCCACCCATAGTAGCAAAAGAAATAGTAGCTAGCTGTGATAAATGTCAGCTAAAAGGGGAAGCCATACATGGGCAAGTAGACTGTAGTCCGGGGATATGGCAATTAGATTGTACACATTTAGAAGGAAAAGTCATTATGGTAGCAGTCCATGTAGCCAGTGGCTACATAGAAGCAGAGGTTATCCCAGCAGAGACAGGACAAGAAACAGCATATTTCATACTAAAATTAGCAGGAAGATGGCCAGTCAAAGTAATACATACAGATAATGGCAGTAATTTCACCAGTGCTGCAGTTAAGGCAGCCTGTTGGTGGGCAGGTCTCCAACAGGAATTTGGAATTCCCTACAATCCCCAAAGTCAGGGAGTAGTAGAATCCATGAATAAAGAATTAAAGAAAATCATAGGGCAGGTAAGAGATCAAGCTGAGCACCTTAAGACAGCAGTACAAATGGCAGTATTCATTCACAATTTTAAAAGAAAAGGGGGGATTGGGGGGTACAGTGCAGGGGAAAGAATAATAGACATAATAGCAACAGACATACAAACTAAAGAATTACAAAAACAAATTATAAAAATTCAAAATTTTCGGGTTTATTACAGAGACAGCAGAGACCCTATTTGGAAAGGACCAGCCAAACTACTCTGGAAAGGTGAAGGGGCAGTAGTAATACAAGATAACAGTGACATAAAGGTAGTACCAAGGAGGAAAGTAAAAATCATTAAGGACTATGGAAAACAGATGGCAGGCGCTGATTGTGTGGCAGGTAGACAGGATGAAGAT---
