113756|100700|JX451935-SI,TTTTTGGATGGAATAGATAAGGCTCAAGAAGAACATGAGAAATATCACAKTAATTGGAGAGCAATGGCTAGTGATTTTAACCTRCCACCTGTRGTAGCAARAGAAATAGTAGCCAGCTGTGATAAATGTCARCTAAAGGGAGAAGCAATGCATGGACAGGTAGACTGTAGTCCAGGAATATGGCAACTAGAYTGTACACATTTAGAAGGAAAAGTYATTCTGGTAGCAGTTCATGTAGCCAGTGGATATATAGAAGCAGAAGTTATCCCAGCAGAGACAGGGCAAGAAACAGCTTACTTTATCTTAAAATTAGCAGGAAGGTGGCCAGTAAAAACAATACATACAGACAATGGCAGYAATTWCACCAGTACTACTGTCAAGGCCGCCTGTTGGTGGGCGGGGATCAAGCAGGAATTTGGTATTCCCTACAATCCCCAAAGTCAAGGAGTAGTAGAATCTATGAATAAAGAATTAAAGAAAATTATAGGACAAGTAAGAGAKCAGGCKGAACATCTTAAGACAGCAGTACAAATGGCAGTTTTCATCCACAATTTTAAAAGAAAAGGGGGGATTGGGGGGTACAGTGCAGGGGAAAGAATAATAGACATAATAGCAACAGACATACAAACTAAAGAATTACAAAAACAAATTACAAAAATTCAAAATTTTCGGGTTTATTACAGGGACAGCAGAGATCCACTTTGGAAAGGACCAGCAAAACTTCTTTGGAAAGGTGAAGGGGCAGTAGTRATACAAGATAATAGTGACATAAAAGTAGTGCCAAGGAGAAAAGTAAAGATCATTAAGGATTATGGAAAACAGATGGCAGGTGATGATTGTGTGGCAAGTAGACAGGATGAGGAT---
57868|ABB99-97|FJ480297-SI,TTTTTAGATGGCATAGATAAAGCCCAAGAAGAGCATGAAAGATATCACAGCAATTGGAGAGCAATGGCTAGCGATTTTAATCTGCCACCTATAGTAGCAAAAGAAATAGTGGCCAGCTGTGATAAATGTCAGCTAAAAGGGGAAGCCATGCATGGACAAGTAGACTGTAGTCCAGGAATATGGCAATTAGATTGTACACATTTAGAAGGAAAAATTATCCTGGTAGCAGTCCATGTAGCCAGTGGTTATATAGAAGCAGAAGTTATCCCAGAAGAAACAGGACAGGAGGCAGCATACTTTATATTAAAATTAGCAGGAAGATGGCCAGTGAAAGTAATACATACAGACAATGGCCGTAATTTCACCAGTGCTGCAGTAAAGGCAGCATGTTGGTGGGCAAATGTCACACAAGAATTTGGAATTCCCTACAATCCCCAAAGCCAAGGAGTAGTGGAATCTATGAATAAACAATTAAAGAAAATTATAGGGCAGGTCAGAGATCAAGCTGAACACCTTAAGACAGCAGTACAGATGGCAGTATTCATTCACAATTTTAAAAGAAAAGGGGGGATTGGGGGGTACAGTGCAGGAGAAAGAATAATAGACATAATAGCATCAGACATACAAACTAAAGAACTACAAAAACAGATTACAAAAATTCAAAATTTTCGGGTTTATTACAGGGACAGCAGAGACCCCATTTGGAAAGGACCAGCAAAACTACTTTGGAAAGGTGAAGGGGCAGTAGTAATACAGGACAACAGTGATATAAAGGTAGTACCAAGAAGAAAAGCAAAAATAATTAGGGATTATGGAAAACAGATGGCAGGTGATGATTGTGTGGCAGGTAGACAGGATGAGGAT---
56985|A1149|EU618353-SI,TTTTTAGATGGCATAGATAAAGCCCAAGAAGACCATGAAAAATATCACAGCAATTGGAGAGCAATGGCTAGTGATTTTAATCTGCCACCTATAGTAGCAAAAGAAATAGTGGCCAGCTGTGATAAATGTCAGCTAAAAGGGGAAGCCATGCATGGACAAGTAGACTGTGGTCCAGGAATATGGCAATTAGATTGTACACATTTAGAAGGAAAAGTTATCCTGGTAGCAGTCCATGTAGCCAGTGGCTATATAGAAGCAGAAGTTATCCCAGCAGAAACAGGACAGGAGACAGCATACTTTATATTAAAGTTAGCAGGAAGATGGCCAGTGAAAGTAATACACACAGACAATGGCAGCAATTTCACCAGTGCTGCAGTAAAAGCAGCATGTTGGTGGGCAAATGTCACACAAGAATTTGGAATTCCCTACAATCCCCAAAGCCAAGGAGTAKTGGAATCTATGAATAAAGAATTAAAGAAAATTATAGGGCAGGTCAGGGATCAAGCTGAACATCTTAAGACAGCAGTACAGATGGCAGTATTCATTCACAATTTTAAAAGAAAAGGGGGGATTGGGGGGTACAGTGCAGGGGAAAGAATAATAGACATAATAGCATCAGATATACAAACTAAGGAACTACAAAAACAAATTATAAAAATTCAAAATTTTCGGGTTTATTACAGGGACAGCAGAGACCCCATTTGGAAAGGACCAGCAAAACTACTTTGGAAAGGTGAAGGGGCAGTAGTAATACAGGACAATAGTGATATAAAGGTAGTACCAAGAAGAAAAGCAAAAATCATTAAGGATTATGGAAAACAGATGGCAGGTGATGATTGTGTGGCAGGTAGACAGGATGAGGAT---
113901|CY252|JF683795-SI,TTTTTAGATGGCATAGATAAAGCCCAAGAAGAGCATGAAAGATACCACAGCAATTGGAGAGCAATGGCTAGCGATTTTAATCTGCCACCTATAGTAGCAAAAGAAATAGTGGCCAGCTGTGATAAATGTCAGCTAAAAGGGGAAGCCATGCATGGCCAAGTAGACTGTAGTCCAGGAATATGGCAATTAGACTGTACACATTTAGAAGGAAAAATTATCTTGGTAGCAGTCCATGTAGCCAGTGGTTATATAGAAGCAGAAGTAATCCCAGAAGAAACAGGGCAGGAGGCAGCATACTTTATATTAAAATTAGCAGGAAGATGGCCAGTGAAAATAATACACACAGATAATGGCCGTAATTTCACCAGTAGTGCAGTAAAGGCAGCATGTTGGTGGGCAAATGTCACACAAGAATTTGGAATTCCCTACAATCCCCAAAGTCAAGGAGTAGTGGAATCTATGAATAAACAATTAAAGAAAATTATAGGGCAGGTCAGGGATCAAGCTGAACACCTTAAGACAGCAGTACAGATGGCAGTATTCATTCACAATTTTAAAAGAAAAGGGGGGATTGGGGGGTACAGTGCAGGAGAAAGAATAATAGACATAATAGCATCAGATATACAAACTAAAGAACTACAAAAACATATTACAAAAATTCAAAATTTTCGGGTTTATTACAGAGACAGCAGAGACCCCATTTGGAAAGGACCAGCAAAACTACTTTGGAAAGGTGAAGGGGCAGTAGTAATACAAGACAACAGTGATATAAAGGTAGTACCAAGAAGAAAGGCAAAAATCCTTAGGGATTATGGAAAACAGATGGCAGGTGATGATTGTGTGGCAAGTAGACAGGATGATGAT---
72158|D4506|GQ371821-SI,TTTCTAGATGGAATAGATAAAGCCCAAGAAGAACATGAGAAATATCAYAATAATTGGAGAGCAATGGCTAGTGATTTTAACATACCACCTGTGGTAGCAAAAGAAATAGTAGCCTGCTGTGATAAATGTCAGCTAAAAGGAGAAGCCATGCATGGACAAGTAGAYTGTAGTCCAGGAATATGGCAACTAGATTGTACACATTTAGAAGGAAAAATTATCCTGGTAGCAGTCCATGTAGCCAGTGGATATATAGAAGCAGAAGTTATTCCAGCAGAGACAGGACAGGAAACAGCATACTTTATTTTAAAATTGGCAGGAAGATGGCCAGTAAAAACAATACATACAGACAAYGGCAGCAATTTCACCAGTGCTGCRGTTAAGGCCGCCTGTTGGTGGGCGGGGGTCAAGCAGGACTTTGGCATTYCCTACAATCYCCAAAGTCAAGGAGCASTAGAATCTATGAATAAAGAGTTAAAGAARATTATAGGACAGGTAAGAGATCAGGCTGAACATCTTARGACAGCAGTACAAATGGCAGTATTCATCCATAATTTTAAAAGAAAAGGGGGGATTGGGGGGTACAGTGCAGGGGAAAGAATAGTAGACATAATAGCAACAGACATACAAACTAAAGAATTACAAAAACAAATTACAAAACTTCAAAATTTTCGGGTTTATTTCAGGGACAGCAGAGATCCACTTTGGAAAGGACCAGCAAAGCTCCTCTGGAAAGGTGAAGGGGCAGTAGTAATACARGATAATAGTGACATAAAAGTAGTRCCAAGAAGAAAAGCAAAGATCATTAGAGATTATGGAAAACAGATGGCAGGTGATGATTGTGTGGCAAGTAGACAGGATGAGGAT---
56985|A1149|EU618353-SI,TTTTTAGATGGCATAGATAAAGCCCAAGAAGACCATGAAAAATATCACAGCAATTGGAGAGCAATGGCTAGTGATTTTAATCTGCCACCTATAGTAGCAAAAGAAATAGTGGCCAGCTGTGATAAATGTCAGCTAAAAGGGGAAGCCATGCATGGACAAGTAGACTGTGGTCCAGGAATATGGCAATTAGATTGTACACATTTAGAAGGAAAAGTTATCCTGGTAGCAGTCCATGTAGCCAGTGGCTATATAGAAGCAGAAGTTATCCCAGCAGAAACAGGACAGGAGACAGCATACTTTATATTAAAGTTAGCAGGAAGATGGCCAGTGAAAGTAATACACACAGACAATGGCAGCAATTTCACCAGTGCTGCAGTAAAAGCAGCATGTTGGTGGGCAAATGTCACACAAGAATTTGGAATTCCCTACAATCCCCAAAGCCAAGGAGTAKTGGAATCTATGAATAAAGAATTAAAGAAAATTATAGGGCAGGTCAGGGATCAAGCTGAACATCTTAAGACAGCAGTACAGATGGCAGTATTCATTCACAATTTTAAAAGAAAAGGGGGGATTGGGGGGTACAGTGCAGGGGAAAGAATAATAGACATAATAGCATCAGATATACAAACTAAGGAACTACAAAAACAAATTATAAAAATTCAAAATTTTCGGGTTTATTACAGGGACAGCAGAGACCCCATTTGGAAAGGACCAGCAAAACTACTTTGGAAAGGTGAAGGGGCAGTAGTAATACAGGACAATAGTGATATAAAGGTAGTACCAAGAAGAAAAGCAAAAATCATTAAGGATTATGGAAAACAGATGGCAGGTGATGATTGTGTGGCAGGTAGACAGGATGAGGAT---
21625|99USTWLA|AY169814-SI,TTCCTAGAAGGAATAGATCAGGCGCAGGAAGATCATGAAAAGTATCATAGCAATTRGAGAGCATTAGCCAGTGATTTTGGATTACCACCAGTAGTAGCCAAGGAAATCATTGCTAGTTGTCCTAAATGTCATATAAGAGAGGAACCAATGCATRGTCAGGTAGACTGTAGTCCAGAAATATGGCAAATGGACTGCACACATTTAGAAGGCAAGATCATAATAGTTGCTGTCCATGTAGCAAGTGGATTCATAGAAGCAGAAGTGATACCAGCAGAAACAGGACAAGAAACTGCCTATTTCCTGTTAAAATTAGCAGCAAGATGGCCTGTTAAAATCATACATACAGATAATAGGCCTAATTTTACAAGTGCAACCATGAAAGCTGCATGTTGGTGGACAGGCATACAACATGAGTTTRGAATACCATACAATCCACAAAGTCAAGRAGTAGTAGAAGCCATGAATAAGGAATTAAAATCAATTATACAACAGGTGAGGGACCAAGCAGAGCACTTAAAAACAGCAGTACAAATGGCAGTATTTGTTCACAATTTTAAAAGAAAAGGGGGGATTGGGGGGTACACTGCAGGAGAGAGATTAATAGACATATTAGCATCACAAATACAAACAACAGAACTACAAAAACAAATTTTAAAAATTCAAAATTTTCGGGTCTATTACAGAGACAGCAGAGACCCTATTTGGAAAGGACCGGCACAGCTCCTGTGGAAAGGTGAGGGAGCAGTAGTCATACAAGATAAAGGAGAAATTAAGGTAGTACCAAGAAGAAAGGCAAAAATAATTAGGGATTATGGAAAACAGATGGCAGGTACTGATTGTATGGCAAGTGGACAGACAGAAAGT---
21625|99USTWLA|AY169814-SI,TTCCTAGAAGGAATAGATCAGGCGCAGGAAGATCATGAAAAGTATCATAGCAATTRGAGAGCATTAGCCAGTGATTTTGGATTACCACCAGTAGTAGCCAAGGAAATCATTGCTAGTTGTCCTAAATGTCATATAAGAGAGGAACCAATGCATRGTCAGGTAGACTGTAGTCCAGAAATATGGCAAATGGACTGCACACATTTAGAAGGCAAGATCATAATAGTTGCTGTCCATGTAGCAAGTGGATTCATAGAAGCAGAAGTGATACCAGCAGAAACAGGACAAGAAACTGCCTATTTCCTGTTAAAATTAGCAGCAAGATGGCCTGTTAAAATCATACATACAGATAATAGGCCTAATTTTACAAGTGCAACCATGAAAGCTGCATGTTGGTGGACAGGCATACAACATGAGTTTRGAATACCATACAATCCACAAAGTCAAGRAGTAGTAGAAGCCATGAATAAGGAATTAAAATCAATTATACAACAGGTGAGGGACCAAGCAGAGCACTTAAAAACAGCAGTACAAATGGCAGTATTTGTTCACAATTTTAAAAGAAAAGGGGGGATTGGGGGGTACACTGCAGGAGAGAGATTAATAGACATATTAGCATCACAAATACAAACAACAGAACTACAAAAACAAATTTTAAAAATTCAAAATTTTCGGGTCTATTACAGAGACAGCAGAGACCCTATTTGGAAAGGACCGGCACAGCTCCTGTGGAAAGGTGAGGGAGCAGTAGTCATACAAGATAAAGGAGAAATTAAGGTAGTACCAAGAAGAAAGGCAAAAATAATTAGGGATTATGGAAAACAGATGGCAGGTACTGATTGTATGGCAAGTGGACAGACAGAAAGT---
105961|AA040a_WG13|JX447158-SI,TTTTTAGATGGAATAGATAAGGCCCAAGAAGAACATGAGAAATATCACAGTAACTGGAGAGCAATGGCTAGTGATTTTAACCTACCACCGGTAGTAGCAAAAGAAATAGTAGCCAGCTGTGATAAGTGTCAGCTAAAAGGAGAAGCCATGCATGGACAAGTAGATTGTAGCCCAGGAATATGGCAACTAGATTGTACACATTTAGAAGAAAAAATTATCCTGGTAGCAGTTCATGTAGCCAGTGGATATATAGAAGCAGAAGTTATTCCAGCAGAGACAGGGCAGGAAGCAGCATACTTTATCCTAAAGTTAGCAGGAAGATGGCCAGTAAAAACAATACATACAGACAATGGCAGAAATTTCACCAGTAACTCGGTTAAGGCCGCCTGTTGGTGGGCGGGGATCAAGCAGAAATTTGGCATTCCCTACAATCCCCAAAGTCAAGGAGTAGTAGAATCTATAAATAAAGAATTAAAGAAAATTATAGGACAGGTAAGAGATCAAGCTGAACATCTTAAGACAGCCGTACAAATGGCAGTGTTCATTCACAATTTTAAAAGAAAAGGGGGGATTGGGGGGTACAGTGCAGGGGAAAGAATAGTAGACATAATAGCAACAGACATACAAACCAGAGAATTGCAAAAACAAATTACAAAAATTCAAAATTTTCGGGTTTATTACAGGGACAGCAGAGATCCACTTTGGAAAGGACCAGCAAAGCTTCTTTGGAAAGGTGAAGGGGCAGTAGTAATACAAGATAATAGTGACATAAAAGTAGTGCCAAGAAGAAAAGCAAAGATCATTAGAGACTATGGAAAACAGATGGCAGGTGATGATTGTGTGGCAAGTAGACAGGATGAGGAT---
56985|A1149|EU618353-SI,TTTTTAGATGGCATAGATAAAGCCCAAGAAGACCATGAAAAATATCACAGCAATTGGAGAGCAATGGCTAGTGATTTTAATCTGCCACCTATAGTAGCAAAAGAAATAGTGGCCAGCTGTGATAAATGTCAGCTAAAAGGGGAAGCCATGCATGGACAAGTAGACTGTGGTCCAGGAATATGGCAATTAGATTGTACACATTTAGAAGGAAAAGTTATCCTGGTAGCAGTCCATGTAGCCAGTGGCTATATAGAAGCAGAAGTTATCCCAGCAGAAACAGGACAGGAGACAGCATACTTTATATTAAAGTTAGCAGGAAGATGGCCAGTGAAAGTAATACACACAGACAATGGCAGCAATTTCACCAGTGCTGCAGTAAAAGCAGCATGTTGGTGGGCAAATGTCACACAAGAATTTGGAATTCCCTACAATCCCCAAAGCCAAGGAGTAKTGGAATCTATGAATAAAGAATTAAAGAAAATTATAGGGCAGGTCAGGGATCAAGCTGAACATCTTAAGACAGCAGTACAGATGGCAGTATTCATTCACAATTTTAAAAGAAAAGGGGGGATTGGGGGGTACAGTGCAGGGGAAAGAATAATAGACATAATAGCATCAGATATACAAACTAAGGAACTACAAAAACAAATTATAAAAATTCAAAATTTTCGGGTTTATTACAGGGACAGCAGAGACCCCATTTGGAAAGGACCAGCAAAACTACTTTGGAAAGGTGAAGGGGCAGTAGTAATACAGGACAATAGTGATATAAAGGTAGTACCAAGAAGAAAAGCAAAAATCATTAAGGATTATGGAAAACAGATGGCAGGTGATGATTGTGTGGCAGGTAGACAGGATGAGGAT---
57216|ABB99-97|EU618584-SI,TTTTTAGATGGCATAGATAAAGCCCAAGAAGAGCATGAAAGATATCACAGCAATTGGAGAGCAATGGCTAGCGATTTTAATCTGCCACCTATAGTAGCAAAAGAAATAGTGGCCAGCTGTGATAAATGTCAGCTAAAAGGGGAAGCCATGCATGGACAAGTAGACTGTAGTCCAGGAATATGGCAATTAGATTGTACACATTTAGAAGGAAAAATTATCCTGGTAGCAGTCCATGTAGCCAGTGGTTATATAGAAGCAGAAGTTATCCCAGAAGAAACAGGACAGGAGGCAGCATACTTTATATTAAAATTAGCAGGAAGATGGCCAGTGAAAGTAATACATACAGACAATGGCCGTAATTTCACCAGTGCTGCAGTAAAGGCAGCATGTTGGTGGGCAAATGTCACACAAGAATTTGGAATTCCCTACAATCCCCAAAGCCAAGGAGTAGTGGAATCTATGAATAAACAATTAAAGAAAATTATAGGGCAGGTCAGAGATCAAGCTGAACACCTTAAGACAGCAGTACAGATGGCAGTATTCATTCACAATTTTAAAAGAAAAGGGGGGATTGGGGGGTACAGTGCAGGAGAAAGAATAATAGACATAATAGCATCAGACATACAAACTAAAGAACTACAAAAACAGATTACAAAAATTCAAAATTTTCGGGTTTATTACAGGGACAGCAGAGACCCCATTTGGAAAGGACCAGCAAAACTACTTTGGAAAGGTGAAGGGGCAGTAGTAATACAGGACAACAGTGATATAAAGGTAGTACCAAGAAGAAAAGCAAAAATAATTAGGGATTATGGAAAACAGATGGCAGGTGATGATTGTGTGGCAGGTAGACAGGATGAGGAT---
102991|573_2|KC409177-SI,TTTYTGGATGGAATAGATAAGGCCCAAGAAGAGCATGAAAAATATCACAATAATTGGAGAGCAATGGCTAGTGATTTTAACCTGCCACCTGTGGTAGCAAAAGAAATAGTAGCCAGCTGTGATAAATGTCAAYTAAAAGGAGAAGCCATGCATGGACAAGTAGACTGTAGTCCAGGAATATGGCAATTAGATTGTACACATTTAGAAGGAAAAGTTATCCTGGTAGCAGTTCATGTAGCCAGTGGATATATAGAAGCAGAAGTTATTCCAGCAGAGACAGGACAGGAGRCAGCATACTTTGTYTTAAAACTAGCAGGAAGATGGCCAGTAAAAATAATACATACAGACAACGGTAGCAATTTCACCAGTACTGCGGTGAAGGCCGCCTGTTGGTGGGCAGGGATCAAGCAGGAATTTGGCATTCCYTACAATCCCCAAAGTCAAGGAGTAGTAGAATCTATGAATAAACAATTAAAACAAATTATAGGACAAGTAAGAGATCAGGCTGAACATCTTAAGACAGCAGTACAAATGGCAGTATTCATTCACAATTTTAAAAGAAAAGGGGGGATTGGGGGGTACAGTGCAGGGGAAAGAATAATAGACATAATAGCAACAGACATACAAACTCAAGAACTACAAAAACAAGTTACAAAAATTCAAAATTTTCGGGTTTATTACAGGGACAACAGAGATCCAATTTGGAAAGGACCAGCAAAACTTCTCTGGAAAGGTGAAGGGGCAGTAGTAATACAAGATAATAGTGACATAAAAGTAGTGCCAAGAAGAAAAGTAAAGATCATTAGGGATTATGGAAAACAAATGGCAGGTGATGATTGTGTGGCAAGTAGACAGGATGAGGAT---
72158|D4506|GQ371821-SI,TTTCTAGATGGAATAGATAAAGCCCAAGAAGAACATGAGAAATATCAYAATAATTGGAGAGCAATGGCTAGTGATTTTAACATACCACCTGTGGTAGCAAAAGAAATAGTAGCCTGCTGTGATAAATGTCAGCTAAAAGGAGAAGCCATGCATGGACAAGTAGAYTGTAGTCCAGGAATATGGCAACTAGATTGTACACATTTAGAAGGAAAAATTATCCTGGTAGCAGTCCATGTAGCCAGTGGATATATAGAAGCAGAAGTTATTCCAGCAGAGACAGGACAGGAAACAGCATACTTTATTTTAAAATTGGCAGGAAGATGGCCAGTAAAAACAATACATACAGACAAYGGCAGCAATTTCACCAGTGCTGCRGTTAAGGCCGCCTGTTGGTGGGCGGGGGTCAAGCAGGACTTTGGCATTYCCTACAATCYCCAAAGTCAAGGAGCASTAGAATCTATGAATAAAGAGTTAAAGAARATTATAGGACAGGTAAGAGATCAGGCTGAACATCTTARGACAGCAGTACAAATGGCAGTATTCATCCATAATTTTAAAAGAAAAGGGGGGATTGGGGGGTACAGTGCAGGGGAAAGAATAGTAGACATAATAGCAACAGACATACAAACTAAAGAATTACAAAAACAAATTACAAAACTTCAAAATTTTCGGGTTTATTTCAGGGACAGCAGAGATCCACTTTGGAAAGGACCAGCAAAGCTCCTCTGGAAAGGTGAAGGGGCAGTAGTAATACARGATAATAGTGACATAAAAGTAGTRCCAAGAAGAAAAGCAAAGATCATTAGAGATTATGGAAAACAGATGGCAGGTGATGATTGTGTGGCAAGTAGACAGGATGAGGAT---
72158|D4506|GQ371821-SI,TTTCTAGATGGAATAGATAAAGCCCAAGAAGAACATGAGAAATATCAYAATAATTGGAGAGCAATGGCTAGTGATTTTAACATACCACCTGTGGTAGCAAAAGAAATAGTAGCCTGCTGTGATAAATGTCAGCTAAAAGGAGAAGCCATGCATGGACAAGTAGAYTGTAGTCCAGGAATATGGCAACTAGATTGTACACATTTAGAAGGAAAAATTATCCTGGTAGCAGTCCATGTAGCCAGTGGATATATAGAAGCAGAAGTTATTCCAGCAGAGACAGGACAGGAAACAGCATACTTTATTTTAAAATTGGCAGGAAGATGGCCAGTAAAAACAATACATACAGACAAYGGCAGCAATTTCACCAGTGCTGCRGTTAAGGCCGCCTGTTGGTGGGCGGGGGTCAAGCAGGACTTTGGCATTYCCTACAATCYCCAAAGTCAAGGAGCASTAGAATCTATGAATAAAGAGTTAAAGAARATTATAGGACAGGTAAGAGATCAGGCTGAACATCTTARGACAGCAGTACAAATGGCAGTATTCATCCATAATTTTAAAAGAAAAGGGGGGATTGGGGGGTACAGTGCAGGGGAAAGAATAGTAGACATAATAGCAACAGACATACAAACTAAAGAATTACAAAAACAAATTACAAAACTTCAAAATTTTCGGGTTTATTTCAGGGACAGCAGAGATCCACTTTGGAAAGGACCAGCAAAGCTCCTCTGGAAAGGTGAAGGGGCAGTAGTAATACARGATAATAGTGACATAAAAGTAGTRCCAAGAAGAAAAGCAAAGATCATTAGAGATTATGGAAAACAGATGGCAGGTGATGATTGTGTGGCAAGTAGACAGGATGAGGAT---
56985|A1149|EU618353-SI,TTTTTAGATGGCATAGATAAAGCCCAAGAAGACCATGAAAAATATCACAGCAATTGGAGAGCAATGGCTAGTGATTTTAATCTGCCACCTATAGTAGCAAAAGAAATAGTGGCCAGCTGTGATAAATGTCAGCTAAAAGGGGAAGCCATGCATGGACAAGTAGACTGTGGTCCAGGAATATGGCAATTAGATTGTACACATTTAGAAGGAAAAGTTATCCTGGTAGCAGTCCATGTAGCCAGTGGCTATATAGAAGCAGAAGTTATCCCAGCAGAAACAGGACAGGAGACAGCATACTTTATATTAAAGTTAGCAGGAAGATGGCCAGTGAAAGTAATACACACAGACAATGGCAGCAATTTCACCAGTGCTGCAGTAAAAGCAGCATGTTGGTGGGCAAATGTCACACAAGAATTTGGAATTCCCTACAATCCCCAAAGCCAAGGAGTAKTGGAATCTATGAATAAAGAATTAAAGAAAATTATAGGGCAGGTCAGGGATCAAGCTGAACATCTTAAGACAGCAGTACAGATGGCAGTATTCATTCACAATTTTAAAAGAAAAGGGGGGATTGGGGGGTACAGTGCAGGGGAAAGAATAATAGACATAATAGCATCAGATATACAAACTAAGGAACTACAAAAACAAATTATAAAAATTCAAAATTTTCGGGTTTATTACAGGGACAGCAGAGACCCCATTTGGAAAGGACCAGCAAAACTACTTTGGAAAGGTGAAGGGGCAGTAGTAATACAGGACAATAGTGATATAAAGGTAGTACCAAGAAGAAAAGCAAAAATCATTAAGGATTATGGAAAACAGATGGCAGGTGATGATTGTGTGGCAGGTAGACAGGATGAGGAT---
153314|VI-067|LC101200-SI,TTTTTAGATGGGATAGATAAGGCCCAAGAAGAACATGAAAGATATCACAGYAATTGGAGAACAATGGTTAGTGATTTTAATTTGCCACCTATAGTAGCAAARGAAATAGTAGCCARCTGTGATAAATGTCAACTAAAAGGGGAAGCTATGCATGGACAAGTGGACTGTAGTCCAGGAATATGGCAATTAGATTGTACACATCTAGAAGGAAAAGTCATCCTGGTAGCAGTCCACGTGGCCAGTGGATATATAGAAGCAGAAGTTATCCCAGCAGAAACAGGACAGGAGACAGCATACTTTATACTAAAATTAGCAGGAAGATGGCCAGTAAAAGTAATACACACAGACAATGGTAGCAATTTCACTAGCGCGGCAGTTAAAGCAGCCTGTTGGTGGGCCAATGTCCGACAGGAATTTGGGATCCCCTACAATCCCCAAAGTCAAGGAGTAGYAGAATCTATGAATAAAGAATTAAAGAAAATTATTGGGCAGGTAAGAGAGCAAGCTGAACACCTTAAGACAGCAGTACAAATGGCAGTATTCATTCACAATTTTAAAAGAAAAGGGGGGATTGGGGGGTACAGTGCAGGGGAAAGAATAATAGACATAATAGCAACAGACATACAAACTAAAGAATTACAAAAACAAATTACAAAAATTCAAAATTTTCGGGTTTATTACAGGGACAGCAGAGACCCAATTTGGAAAGGACCAGCAAAACTACTCTGGAAAGGTGAAGGGGCAGTAGTGATACAAGACAATAGTGATATAAAAGTAGTRCCAAGAAGAAAAGCAAAGATCATTAGGGATTATGGAAAACAGATGGCAGGTGATGATTGTGTGGCAGGTAGACAGGATGAGGAT---
72158|D4506|GQ371821-SI,TTTCTAGATGGAATAGATAAAGCCCAAGAAGAACATGAGAAATATCAYAATAATTGGAGAGCAATGGCTAGTGATTTTAACATACCACCTGTGGTAGCAAAAGAAATAGTAGCCTGCTGTGATAAATGTCAGCTAAAAGGAGAAGCCATGCATGGACAAGTAGAYTGTAGTCCAGGAATATGGCAACTAGATTGTACACATTTAGAAGGAAAAATTATCCTGGTAGCAGTCCATGTAGCCAGTGGATATATAGAAGCAGAAGTTATTCCAGCAGAGACAGGACAGGAAACAGCATACTTTATTTTAAAATTGGCAGGAAGATGGCCAGTAAAAACAATACATACAGACAAYGGCAGCAATTTCACCAGTGCTGCRGTTAAGGCCGCCTGTTGGTGGGCGGGGGTCAAGCAGGACTTTGGCATTYCCTACAATCYCCAAAGTCAAGGAGCASTAGAATCTATGAATAAAGAGTTAAAGAARATTATAGGACAGGTAAGAGATCAGGCTGAACATCTTARGACAGCAGTACAAATGGCAGTATTCATCCATAATTTTAAAAGAAAAGGGGGGATTGGGGGGTACAGTGCAGGGGAAAGAATAGTAGACATAATAGCAACAGACATACAAACTAAAGAATTACAAAAACAAATTACAAAACTTCAAAATTTTCGGGTTTATTTCAGGGACAGCAGAGATCCACTTTGGAAAGGACCAGCAAAGCTCCTCTGGAAAGGTGAAGGGGCAGTAGTAATACARGATAATAGTGACATAAAAGTAGTRCCAAGAAGAAAAGCAAAGATCATTAGAGATTATGGAAAACAGATGGCAGGTGATGATTGTGTGGCAAGTAGACAGGATGAGGAT---
