140298|IN_2470|-IR,TTTTTAGATGGAATAGAWAAAGCCCAAGAGGAACATGAGARATATCACAGTAATTGGAGARCAATGGCTAGTGATTTTAACCTGCCACCTGTAGTAGCAAAAGAAATAGTAGCCAGCTGTGATAAATGTCAGTTAAAAGGAGAAGCCATACATGGACAAGTAGACTGTAGTCCAGGAATATGGCAACTAGACTGTACCCATTTAGAAGGAAAAATTATTCTGGTAGCAGTTCATGTAGCCAGTGGATATATAGAAGCAGAAGTTATTCCAGCAGAGACAGGACAGGAAGCAGCATACTTCATCTTGAAACTAGCAGGAAGATGGCCAGTAAAAACAATACATACAGACAATGGCAGAAATTTCACCAGTACTACAGTTAAGGCCGCCTGTTGGTGGGCAGGGATCAAGCAGGAATTTGGGATTCCCTGCAATCCCCAAAGTCAAGGAGTAATAGAGTCCATGAACAAGGAATTAAAGAAAATTATAGGACAGGTAAGAGATCAAGCTGAACATCTTAAGACAGCAGTACAAATGGCAGTATTCATCCACAATTTTAAAAGAAAAGGGGGGATTGGGGGGTACAGTGCAGGGGAAAGAATAGTAGACATAATAGCAACAGACATACAAACTAAAGAACTACAAAAACAAATTACAAAAATTCAAAATTTTCGGGTTTATTACAGGGACAGCAGAGATCCAGTTTGGAAAGGACCAGCAAAGCTTCTCTGGAAAGGTGAAGGGGCAGTAGTAATACAAGATAATAGTGACATAAAGGTAGTGCCAAGAAGAAAAGCAAAGATCATCAGGGATTATGGAAAACAGATGGCAGGTGATGATTGTGTGGCAAGTAGACAGGATGAGGAT---
113918|Pt2W24|JN163881-IR,TTTCTAGATGGAATAGATAAAGCCCAAGAAGAACATGAGAAATATCACAGTAATTGGAGAGCAATGGCTAGTGATTTTAACCTGCCACCTGTGGTAGCAAAAGAAATAGTAGCCAGCTGTGATAAATGTCAGCTAAAAGGAGAAGCCATGCATGGACAAGTAGACTGTAGTCCAGGAATATGGCAACTAGATTGTACACATTTAGAAGGAAAAATTATCCTGGTAGCAGTTCATGTAGCCAGTGGATATATAGAAGCAGAAGTTATCCCAGCAGAAACAGGGCAAGAAGCAGCATACTTTATATTAAAATTAGCAGGAAGATGGCCAGTAAAAACAATACATACAGACAATGGCAGAAATTTCACAAGTAATGCAGTTAAGGCCGCCTGTTGGTGGGCGGGGATCAAGCAGGAATTTGGCATTCCCTGCAATCCCCAAAGTCAAGGGGTAGTAGAATCTCTAAATAAGGAATTAAAGAAAATTATAGGGCAGATAAGAGATCAGGCTGAACATCTTAAGACAGCAGTACAAATGGCAGTATTCATTCATAATTTTAAAAGAAAAGGGGGGATTGGAGGGTACAGTGCAGGGGAAAGAATAGTAGACATAATAGCAACAGACATACAAACTAAAGAACTACAAAAACAAATTACAAAAATTCAAAATTTTCGGGTTTATTACAGGGACAGCAGAGATCCACTTTGGAAAGGACCAGCAAAGCTTCTCTGGAAAGGTGAAGGGGCAGTAGTAATACAAGATAATAGTGAAATAAAAGTAGTGCCAAGAAGAAAAGCAAAGATCATTAGGGATTATGGAAAACAGATGGCATGTGATGATTGTGTGGCAAGTAGACAGGATGAGGAT---
140326|IN_1820|-IR,TTTYTAGATGGAATAGATAAAGCCCAAGAAGAACATGAGAAATATCACAGTAATTGGAGAGCAATGGCTAGTGACTTTAACCTGCCACCTGTGGTAGCAAAGGAAATAGTAGCAAGCTGTGATAAATGTCAACTAAAAGGAGAAGCYATGCATGGACAAGTAGACTGTAGTCCAGGAATATGGCAASTAGATTGTACACATTTAGAAGGAAAAATTATCATGGTAGCAGTTCATGTAGCCAGTGGATATATAGAAGCAGAAGTTATTCCAGCAGAAACAGGGCAGGAAGCAGCATACTTTCTCTTAAAATTAGCAGGAAGGTGGCCAGTAAAAACAATACATACAGACAATGGCACCAATTTCACCAGCGCTACRGTTAAGGCTGCCTGTTGGTGGGCAGGGATCAAGCAGGAATTTGGTATTCCCTGCAATCCCCAAAGTCAAGGAGTAGTAGAATCCATGAATAAAGAATTAAAGAAAATCATAAGACAGGTAAGAGATCAGGCTGAACATCTTAAGACAGCAGTACAAATGGCAGTATTCATCCACAATTTTAAAAGAAAAGGGGGGATTGGGGGGTACAGTGCAGGGGAAAGAATAGTAGACATRATAGCAACAGACATACARACTARAGAATTACAAAARCAAATTACAAAAATTCAAAATTTTCGGGTCTATTACAGGGACCGCAGAGACCCCCTTTGGAAAGGACCAGCAAAGCTTCTCTGGAAAGGTGAAGGGGCAGTAGTAATACAAGATAATAGTGACATAAAAGTAGTGCCAAGAAGAAAAGCAAAGATCATTAGGGATTATGGAAAACAGATGGCAGGTGATGATTGTGTGGCAAGTAGACAGGATGAGGAT---
70364|6_M3|GU358398-IR,TTTCTAGATGGAATAGAYARGGCCCAAGAAGAACATGAGAAATATCACAATAATTGGAGAGCAATGGCTAGTGATTTTAATCTGCCACCTATAGTAGCAAAAGAAATAGTAGCCAGCTGTGACAAATGTCAGTTAAAAGGAGAAGCCATGCATGGACAAGTAGACTGCAGTCCAGGGATATGGCAATTAGATTGTACACATCTAGAAGGAAAAATTATCMTGGTAGCAGTTCATGTAGCCAGTGGATACATAGAAGCAGAAGTTATACCAGCAGAGACAGGGMAGGAAMCAGCATACTTTCTCTTAAAATTAGCAGGAAGATGGCCAGTAACAACAGTACATACAGACAATGGCAGCAATTTCACCAGTCAGGCAGTTAAGGCCGCCTGCTGGTGGGCAGGGATCAAGCAGGAATTTGGTATTCCCTGCAATCCCCAAAGTCAAGGAGTARTAGAATCTATGAATAAAGAATTAAAGAAAATTATAGGACAGGTAAGAGATCAGGYTGAACATCTTAAAACAGCAGTACAAATGGCAGTATTCATCCACAATTTTAAAAGAAAAGKGGGGATTGGGGGGTACAGTGCAGGAGAAAGAATAGTAGACATGATAGCAACAGACATACAAACTAAAGAACTACAGAAACAAATTACAAAAATTCAAAATTTTCGGGTTTATTACAGGGACCGCAGAGATCCACTTTGGAAAGGACCAGCAAAGCTCCTCTGGAAAGGTGAAGGGGCAGTAGTRATACAAGATAATAGTGACATAAAAGTAGTGCCAAGGAGAAAAGCAAAGATCATTAGAGATTATGGAAAACAGATGGCAGGTGATGATTGTGTGGCAAGTAGACAGGATGAGGAT---
113926|Pt10w32|JN163907-IR,TTTCTAGATGGAATAGATAAGGCTCAAGAAGAGCATGAAAAATATCACAGTAATTGGAGGGCAATGGCTAATGATTTTAATCTGCCACCTGTGGTAGCAAAAGAAATAGTAGCCAGCTGTAATAAATGTCAGCTAAAAGGAGAAGCCATGCATGGACAAGTAGACTGTAGTCCAGGAATATGGCAACTAGATTGTACACATTTAGAAGGAAAAATTATAATAGTAGCAGTTCATGTAGCCAGTGGCTATATAGAAGCAGAAGTTATTCCAACAGAAACAGGGCAGGAAACAGCATACTTTATCTTAAAATTAGCAGGAAGATGGCCAGTAAAAACAATACATACAGACAATGGCAGTAATTTCACCAGTACTGCGGTTAAGGCCGCCTGTTGGTGGGCGGGGATCAAGCAGGAATTTAGCATTCCCTACAATCCCCAAAGTCATGGGGTAGTAGAATCTATGAATAAAGAATTAAAGAAAATTATAGGACAGGTAAGAGATCAGGCTGAACATCTTAAGACAGCAGTACAAATGGCAGTATTCATCCACAATTTTAAAAGAAAAGGGGGGATTGGGGGGTACAGTGCAGGGGAAAGAATAATAGACATAATAGCAACAGACATACAAACTAAAGAATTACAAAAACACATTACAAAAATTCAAAATTTTCGGGTTTATTACAGGGACAGCAGAGATCCACTTTGGAAAGGACCAGCAAAACTTCTCTGGAAAGGTGAAGGGGCAGTAGTAATACAAGACAGTAGTGACATAAAAGTAGTGCCAAGAAGAAAAGCAAAGATCATTAGGGATTATGGAAAACAGATGGCAGGTGATGATTGTGTGGCAAGTAGACAGGATGAGGAT---
57910|pt4w36|EU908764-IR,TTTTTACAAGGAATAGATAAAGCCCAAGAAGAACATGAGAAATATCACAGTAATTGGAGAGCAATGGCTAGTGATTTTAACCTGCCACCTGTGGTAGCAAAAGAAATAGTAGCCAGCTGTGATAAATGTCAGCTAAAAGGAGAAGCCATGCATGGACAAGTAGACTGTAGTCCAGGAATATGGCAACTAGATTGTACACATTTAGAAGGAAAAATTATCATGGTAGCAGTTCATGTAGCCAGTGGATATATAGAAGCAGAAGTTATCCCAGCAGAAACAGGGCAAGAAGCAGCATACTTTATATTAAAATTAGCAGGAAGATGGCCAGTAAAAACAATACATACAGACAATGGCAGAAATTTCACAAGTAATGCAGTTAAGGCCGCCTGTTGGTGGGCGGGGATCAAGCAGGAATTTGGCATTCCCTGCAATCCCCAAAGTCAAGGGGTAGTAGAATCTCTAAATAAGGAATTAAAGAAAATTATAGGGCAGATAAGAGATCAGGCTGAACATCTTAAGACAGCAGTACAAATGGCAGTATTCATTCATAATTTTAAAAGAAAAGGGGGGATTGGAGGGTACAGTGCAGGGGAAAGAATAGTAGACATAATAGCAACAGACATACAAACTAGAGAACTACAAAAACAAATTACAAAAATTCAAAATTTTCGGGTTTATTACAGGGACAGCAGAGATCCACTTTGGAAAGGACCAGCAAAGCTTCTCTGGAAAGGTGAAGGGGCAGTAGTAATACAAGATAATAGTGAAATAAAAGTAGTGCCAAGAAGAAAAGCAAAG---------------------------------------------------------------------
153919|D9269|LC022726-IR,TTTTTAGATGGAATAGATAAGGCCCAGGAAGAACATGAGAARTATCACAATAATTGGAGAGCAATGGCTAGTGATTTTAACCTGCCGCCTGTAGTAGCAAAAGAAATAGTAGCCAGCTGTGATAAATGCCAACTAAAAGGAGAAGCCATGCATGGACAAGTAGACTGTAGTCCAGGAATATGGCAACTAGATTGTACACATTTAGAAGGAAAAATTATCATAGTAGCAGTTCATGTAGCCAGTGGATACCTAGAAGCAGAAGTTATTCCAGCAGAGACAGGACAGGAAACAGCATACTTTCTCTTAAAACTAGCAGGAAGATGGCCAGTAAAAATAATACATACAGACAATGGCAGCAATTTCACCAGCACTACAGTGAAGGCCGCCTGCTGGTGGGCGGGGATAAAACAGGAATTTAGCATTCCCTACAATCCCCAAAGTCGAGGAGTAGTAGAATCTATGAATAAACAATTAAAGCAAATTATAGGACAGGTAAGAGATCAGGCTGAGCATCTTAAGACAGCAGTACAAATGGCAGTATTCATTCACAATTTTAAAAGAAAAGGGGGGATTGGGGGATACAGTGCAGGGGAAAGAATAATAGACATAATATCTACAGACATACAAACTAAAGAACTACAAAAACAAATTACAAAAATTCAAAAYTTTCGGGTTTATTACAGGGACAGCAGAGACCCCTTGTGGAAAGGACCAGCAAAGCTTCTCTGGAAAGGTGAAGGGGCAGTAGTAATACAAGACAATAGTGAAATAAAAATAGTGCCAAGAAGGAAAGCAAAGATCATTAGGGACTATGGAAAACAGATGGCAGGTGATGATTGTGTGGCAAGTAGACAGGATGAGGAT---
73503|Virus8|GU121684-IR,TTTTTGGATGGAATAGATAAGGCCCAAGAAGAACATGAGAAATATCACAGTAATTGGAGAGCAATGGCTAGTGATTTYAACCTGCCACCTGTAGTAGCAAAAGAAATAGTAGCCAGCTGYGATAAGTGYCAGCTAAAAGGAGAAGCCATGCATGGACAAGTAGACTGTAGCCCAGGAATATGGCAAATAGATTGTACACATTTAGAAGGAAARATTGTCATAGTAGCAGTCCATGTAGCTAGTGGATATATAGAAGCAGAAGTTATTCCAGCAGAGACAGGRCAAGACACAGCATACTTTATCCTRAAATTAGCAGGAAGATGGCCAGTAAAAATAATACATACAGACAATGGCAGCAATTTCACTAGTACTACAGTYAARGCCGCCTGTTGGTGGGCAGGGATCAAACAGGAATTTAGTATTCCCTACAATCCCCAAAGTCACGGAGTAGTAGAATCTATGAATAAAGAATTAAAGAAAATTATAGGACAGGTAAGAGATCAGGCTGAACATCTTAAGACAGCAGTACAAATGGCAGTATTCATMCACAATTTTAAAAGAAAAGGGGGGATTGGGGGGTACAGTGCAGGGGAAAGAATAGTAGACATAATAGCTACAGACCTACAAACTAAAGAACTACAGAAACAAATTACAAAAATTCAAAATTTTCGGGTTTATTACAGAGACAGCAGAGAACCACTTTGGAAAGGACCAGCAAAGCTYCTCTGGAAAGGTGAAGGGGCAGTAGTAATACAAGATAACAGTGACATAAAAGTAGTGCCAAGAAGAAAAGCAAAGATCATTAGGGATTATGGAAAACAGATGGCAGGTGATGATTGTGTGGCAAGTAGACAGGATGAGGAT---
140055|IN_2493|-IR,TTTTTAGATGGAATAGACAAAGCCCAGGAAGAACATGAGAAATATCACAATAATTGGAGAGCAATGGCTAGTGATTTTAACCTGCCACCTATAGTAGCTAAAGAAATAGTAGCCAGCTGTAATAAGTGTCAGCTAAAAGGAGAAGCCATGCATGGACAAGTAGACTGTAGTCCAGGAATATGGCAAATAGATTGTACACATTTAGAAGGAAAAATTATCATGGTAGCAGTTCATGTAGCCAGTGGCTATATAGAAGCAGAAGTTATTCCAGCAGAAACAGGGCAGGAAGCAGCATACTTCATCTTAAAATTAGCAGGAAGATGGCCAGTAAAAACAATACATACAGACAATGGCAGAAATTTTACCAGTGCTACAGTTAAGGCCGCCTGTTGGTGGGCAGGAATCAAGCAGGAATTTGGTATTCCCTGCAATCCCCAAAGTCAAGGAGTAGTGGAATCTATGAATAAAGAATTAAAGAAAATTATAACACAGGTAAGAGATCAGGCCGAACATCTTAAAACAGCAGTACAAATGGCAGTATTCATCCATAATTTTAAAAGAAAAGGGGGGATTGGGGGGTACAGTGCAGGGGAAAGAATAGTAGACATAATAGCAACAGACATACAAACTAAAGAGTTACAAAAACAAATTTCAAATATTCAAAAATTTCGGGTTTATTACAGGGRCCGCAGAGATCCACTTTGGAAAGGACCAGCAAAGCTTCTCTGGAAAGGTGAAGGGGCAGTAGTAATACAAGATAATAGTGATATAAAAGTAGTGCCAAGAAGAAAAGCAAAGATCATTAGGGACTATGGAAAACAGATGGCAGGTGATGATTGTGTGGCAGGTAGACAGGATGAGGAT---
139867|IN_1160|-IR,TTTCTGGATGGAATAGATAAAGCCCAAGAAGAGCATGAGAAATATCACAACAATTGGAGAGCAATGGCTAGTGACTTTAACTTGCCACCTATAGTAGCAAGAGAAATAGTAGCTCGCTGTGACAAATGCCAGTTAAAGGGAGAAGCCATGCATGGACAAGTAGACTGTAGTCCAGGAATATGGCAGCTAGATTGTACACATCTAGAAGGAAAAATCATCATGGTAGCAGTTCATGTAGCCAGTGGATATATAGAAGCAGAAGTTATTCCAGCAGAGACAGGGCAAGAAGCAGCGTACTTTCTCTTAAAACTAGCAGGAAGATGGCCAGTAAAAACAATACATACAGACAATGGCACCAATTTCACCAGTGCTACAGTTAAGGCCGCCTGTTGGTGGGCRGGAATCAAGCAGGAATTTGGTATTCCCKCCAATCCCCAAAGCCAAGGGGTAGTAGAATCTATGAATAAAGAATTAAAGAAAATTATAGGGCAGGTAAGAGATCAGGCAGAGCATCTTAAGACAGCAGTACAAATGGCAGTATTCATCCACAATTTTAAAAGAAAAGGGGGGATTGGGGGATACAGTGCAGGGGAAAGAATAGTAGACATAATAGCATCAGACATACAAACTAAAGAATTACAAAAGCAAATTACAAAAATTCAAAATTTTCGGGTTTATTACAGGGAACGCAGAGATCCACTTTGGAAAGGACCAGCAAAGCTTCTCTGGAAAGGTGAAGGGGCAGTAGTAATACAAGATAATAGTGACATAAAAGTAGTGCCAAGAAGAAAAGCAAAGATCATTAGGGATTATGGAAAACAGATGGCAGGTGATGATTGTGTGGCAAGTAGACAGGATGAGGAT---
140323|IN_928|-IR,TTTTTAGATGGAATAGATAAAGCCCAAGAAGAACATGAAAAATATCACAGTAATTGGAGAGCAATGGCTAGTGATTTTAACCTACCACCTATAGTAGCAAAAGAAATAGTAGCCAGCTGTGATAAATGCCAGTTAAAAGGAGAAGCCATGCATGGACARGTAGACTGTAGTCCAGGAATATGGCAGCTAGATTGTACACATGTAGAAGGAAAAATTATCCTGGTAGCAGTCCATGTAGCCAGTGGATATATAGAAGCAGAAGTTATTCCAGCACAGACAGGGCAGGAAACAGCATACTTTCTCTTAAAATTAGCAGGGAGATGGCCAGTAAAARCAATACATACAGACAATGGCACCAATTTCACCAGTACTACGGTTAAGGCCGCCTGCTGGTGGGCAGGGATCAAGCAGGAATTTGGTATTCCCCACAATCCTCAAAGTCAAGGAGTAGTAGAATCTATGAATAAAGAATTAAAGAAAATTATAGGACAGGTAAGAGATCAGGCTGAACATCTTAAGACAGCAGTACAAATGGCAGTATTCATCCACAATTTTAAAAGAAAAGGGGGGATTGGGGGGTACAGTGCAGGGGAAAGAATAATAGACATAATAGCATCAGACATACAAACTAAAGAACTACAAAAACAAATTACAAAAATTCAAAATTTTCGGGTTTATTACAGGGACAGCAGAGATCCACTTTGGAAAGGACCAGCAAAGCTCCTCTGGAAAGGTGAAGGGGCAGTAGTGATACAGGATAATAGTGACATAAAAGTAGTGCCAAGAAGAAAAGCAAAGATCATTAGGGATTATGGAAAACAGRTGGCAGGTGATGATTGTGTGGCAGGTAGACAGGATGAGGAT---
113918|Pt2W64|JN163885-IR,TTTCTAGATGGAATAGATAAAGCCCAAGAAGAACATGAGAAATATCACAGTAATTGGAGAGCAATGGCTAGTGATTTTAACCTGCCACCTGTGGTAGCAAAAGAAATAGTAGCCAGCTGTGATAAATGTCAGCTAAAAGGAGAAGCCATGCATGGACAAGTAGACTGTAGTCCAGGAATATGGCAACTAGATTGTACACATTTAGAAGGAAAAATTATCATGGTAGCAGTTCATGTAGCCAGTGGATATATAGAAGCAGAAGTTATCCCAGCAGAAACAGGGCAAGAAGCAGCATACTTTATATTAAAATTAGCAGGAAGATGGCCAGTAAAAACAATACATACAGACAATGGCAGAAATTTCACAAGTAATGCAGTTAAGGCCGCCTGTTGGTGGGCGGGGATCAAGCAGGCATTTGGCATTCCCTGCAATCCCCAAAGTCAAGGGGTAGTAGAATCTCTAAATAAGGAATTAAAGAAAATTATAGGGCAGATAAGAGATCAGGCTGAACATCTTAAGACAGCAGTACAAATGGCAGTATTCATTCATAATTTTAAAAGAAAAGGGGGGATTGGAGGGTACAGTGCAGGGGAAAGAATAGTAGACATAATAGCAACAGACATACAAACTAGAGAACTACAAAAACAAATTACAAAAATTCAAAATTTTCGGGTTTATTACAGGGACAGCAGAGATCCACTTTGGAAAGGACCAGCAAAGCTTCTCTGGAAAGGTGAAGGGGCAGTAGTAATACAAGATAATAGTGAAATAAAAGTAGTGCCAAGAAGAAAAGCAAAGATCATTAGGGATTATGAAAAACAGATGGCACGTGATGATTGTGTGGCAAGTAGACAGGATGAGGAT---
140190|IN_341|-IR,TTTTTGGATGGAATAGATAAGGCCCAAGATGAACATGAAAAATATCATAGTAATTGGAGAGCAATGGCCAGTGATTTTAACCTGCCACCTATAGTAGCAAAAGAAATAGTAGCCAGCTGTGATAAATGCCAGCTAAAAGGAGAAGCCATACATGGACAAGTAGACTGTAGTCCAGGAATATGGCAGCTAGATTGTACACATGTGGAAGGAAAAATTGTCATGGTAGCAGTTCATGTAGCCAGTGGATATATAGAAGCAGAAGTTATTCCAGCACAAACAGGGCAAGACGCAGCATACTTTATCTTAAAATTAGCAGGAAGATGGCCAGTAAAAACAATACATACAGACAATGGCACCAATTTCACCAGTAATGCAGTTAAAGCCGCCTGCTGGTGGGCAGGGGTCAAGCAGGAATTTGGAATTCCCTACAATCCCCAAAGTCAAGGAGTGGTGGAATCTATGAATAAACAGTTAAAGACAATTATAGGACAGGTAAGAGAYCAGGCTGAACATCTTAAAACAGCAGTACAAATGGCAGTATTCATCCACAATTTTAAAAGAAAAGGGGGGATTGGAGGGTACAGTGCAGGGGAAAGAATAGTAGACATAATAGCAACAGACATGCAAACTAAAGAATTACAAAAACAAATTACAAAAATTCAAAATTTCCGGGTTTATTACAGAGACAACAGAGAGCCATTTTGGAAAGGACCAGCAAAACTTCTCTGGAAAGGTGAAGGGGCAGTAGTAATACAAGAAAATAGTGAAATAAAAGTAGTACCAAGAAGAAAAGCAAAGATCATTAGGGATTATGGAAAACAGATGGCAGGTGATGATTGTGTGGCAAGTAGACAGGATGMGGAT---
57910|pt4W24|EU908762-IR,TTTTTACAAGGAATAGATAAAGCCCAAGAAGAACATGAGAAATATCACAGTAATTGGAGAGCAATGGCTAGTGATTTTAACCTGCCACCTGTGGTAGCAAAAGAAATAGTAGCCAGCTGTGATAAATGTCAGCTAAAAGGAGAAGCCATGCATGGACAAGTAGACTGTAGTCCAGGAATATGGCAACTAGATTGTACACATTTAGAAGGAAAAATTATCCTGGTAGCAGTTCATGTAGCCAGTGGATATATAGAAGCAGAAGTTATCCCAGCAGAAACAGGGCAAGAAGCAGCATACTTTATATTAAAATTAGCAGGAAGATGGCCAGTAAAAACAATACATACAGACAATGGCAGAAATTTCACAAGTAATGCAGTTAAGGCCGCCTGTTGGTGGGCGGGGATCAAGCAGGAATTTGGCATTCCCTGCAATCCCCAAAGTCAAGGGGTAGTAGAATCTCTAAATAAGGAATTAAAGAAAATTATAGGGCAGATAAGAGATCAGGCTGAACATCTTAAGACAGCAGTACAAATGGCAGTATTCATTCATAATTTTAAAAGAAAAGGGGGGATTGGAGGGTACAGTGCAGGGGAAAGAATAGTAGACATAATAGCAACAGACATACAAACTAAAGAACTACAAAAACAAATTACAAAAATTCAAAATTTTCGGGTTTATTACAGGGACAGCAGAGATCCACTTTGGAAAGGACCAGCAAAGCTTCTCTGGAAAGGTGAAGGGGCAGTAGTAATACAAGATAATAGTGAAATAAAAGTAGTGCCAAGA---------------------------------------------------------------------------------
140319|IN_2368|-IR,TTTCTAGATGGAATAGACAAGGCTCAAGATGAACATGAAAAATATCACAGTAATTGGAGAGCAATGGCTAGTGATTTTAACCTGCCACCAATAGTAGCAAAAGAAATAGTAGCCAGCTGTGATAAATGCCAGCTAAAAGGAGAAGCCATGCATGGACAAGTAGATTGTAGTCCAGGAATATGGCAGTTAGAYTGTACACATCTAGAAGGAAAGATYATCCTGGTAGCAGTCCATGTAGCCAGTGGCTATATAGAAGCAGAAGTTATTCCAGCAGAGACAGGRCAGGAAACAGCATATTTTCTCTTAAAACTAGCAGGAAGATGGCCAGTAAAAKCAGTACATACAGACAATGGCAGMAATTTCACCAGTAATGCAGTTAAGGCCGCCTGTTGGTGGGCAGGGATCAAGCAGGAATTTGGCATTCCCTRCAATCCCCAAAGTCAAGGAGTAGTAGAATCTATGAATAAGGAATTAAAGAAAATTATAGGACAGGTAAGAGATCAGGCTGAACATCTTAAGACAGCAGTACARATGGCAGTATTCATCCACAATTTTAARAGAAAAGGGGGGATTGGGGGGTACAGTGCAGGGGAAAGAATAGTAGACATAATAGCAACAGACATACAAACTAAAGAATTACAAAAACAAATTACAAAAATTCAAAATTTTCGGGTTTATTACAGGGACAGCAGAGATCCACTTTGGAAAGGACCAGCAAAGCTTCTCTGGAAAGGTGAAGGGGCAGTAGTAATACAAGATAATAGTGACATAAAAGTAGTGCCAAGAAGRAAGGCAAAAATCATTAGGGATTATGGAAAACAGATGGCAGGTGATGATTGTGTGGCAAGTAGACAGGATGAGGAT---
70364|6_M6|GU358399-IR,TTTCTAGATGGAATAGAYARGGCCCAAGAAGAACATGARAAATATCACAATAATTGGAGAGCAATGGCTAGTGATTTTAATCTGCCACCTATAGTAGCAAAAGAAATAGTAGCCAGCTGTGACAAATGTCAGTTAAAAGGAGAAGCCATGCATGGACAAGTAGACTGCAGTCCAGGGATATGGCAATTAGATTGTACACATCTAGAAGGAAAAATTATCMTGGTAGCAGTTCATGTAGCCAGTGGATACATAGAAGCAGAAGTTATACCAGCAGAGACAGGGCAGGAAACAGCATACTTTCTCTTAAAATTAGCAGGAAGATGGCCAGTAACAACAGTACATACAGACAATGGCAGCAATTTCACCAGTCAGGCAGTTAAGGCYGCCTGCTGGTGGGCAGGGATCAAGCAGGAATTTGGTATTCCCTRCAATCCCCAAAGTCAAGGAGTAGTAGAATCTATGAATAAAGAATTAAAGAAAATTATAGGACAGGTAAGAGATCAGGCTGAACATCTTAAGACAGCAGTACAAATGGCAGTATTCATCCACAATTTTAAAAGAAAAAGGGGGATTGGGGGGTACAGTGCAGGAGAAAGAATAGTAGACATGATAGCAACAGACATACAAACTAAAGAACTACAGAAACAAATTACAAAAATTCAAAATTTTCGGGTTTATTACAGGGACAGCAGAGATCCACTTTGGAAAGGACCAGCAAAGCTCCTCTGGAAAGGTGAAGGGGCAGTAGTRATACAAGATAATAGTGACATAAAAGTAGTGCCAAGRAGAAAAGCAAAGATCATTAGAGATTATGGAAAACAGATGGCAGGTGATGMTTGTGTGGCARGTAGACAGGATGAGGAT---
139936|IN_1391|-IR,TTTTTAGATGGGATAGATAAGGCCCAAGAAGAACATGAGAGATATCACAGTAATTGGAGAGCAATGGCTAGTGATTTTAACCTGCCACCAATAGTAGCAAAAGAAATAGTAGCCAGCTGTGACAAATGTCAGCTAAAAGGAGAAGCCATGCATGGACAAGTAGACTGTAGTCCAGGAATATGGCAAYTAGATTGTACACACTTAGAAGGAAAAATTATCCTGGTAGCAGTGCATGTAGCCAGTGGATATATAGAAGCAGAAGTTATCCCAGCAGAGACGGGGGCTGAAGCAGCATACTTTATCTTAAAATTAGCAGGGAGATGGCCAGTAAAAACAATACATACAGACAATGGCACCAATTTCACCAGTGCTACAGTTAAGGCCGCCTGTTGGTGGGCAGGGATCAAGCAAGAATTTGGCATTCCCTGCAATCCCCAAAGTCAAGGAGTAGTAGAATCTCTAAATAAAGAATTAAAGAAAATTATAGGACAGGTAAGAGATCAGGCTGAACATCTTAAGACAGCAGTACAAATGGCAGTATTCATTCACAATTTTAAAAGAAAAGGGGGGATTGGGGGGTACAGTGCAGGGGAAAGAATAATAGACATAATAGCAACAGACATACAAACTAAAGAACTACAAAAACAAATTACAAAAATTCAAAACTTYCGGGTTTATTACAGGGAYAGAAGAGATCCACTTTGGAARGGACCAGCAAAACTTCTCTGGAAAGGTGAAGGGGCAGTAGTAATACAGGATAACAGTGACATAAAAGTAGTGCCAAGAAGAAAAGCAAAGATCATTAGGGATTATGGAAAACAGATGGCAGGTGATGATTGTGTGGCAAGTAGACAGGATGAGGAT---
140221|IN_2250|-IR,TTCTTAGATGGAATAGACAAAGCCCAAGAAGAGCATGAGAAATATCACAATAATTGGAGAGCAATGGCCAGTGATTTTAACCTGCCACCTGTGGTAGCAAAAGAAATAGTAGCCAGCTGTGATAAATGCCAGCTAAAAGGAGAAGCCATGCATGGACAAGTAGACYGTAGTCCAGGAATATGGCAACTAGATTGTACACATCTAGAAGGAAAAGTTATCCTGGTAGCAGTTCATGTAGCCAGTGGATATATAGAAGCAGAAGTTATTCCAGCAGAGACAGGGCAGGAAGCAGCATACTATATCTTAAAATTAGCAGGAAGATGGCCAGTAACAACACTACATACAGACAATGGCAGCAATTTCACCAGTAGAGCGGTTAAGGCCGCCTGTTGGTGGGCAGGAATCAAGCAAGAGTTTGGTATTCCCTGCAATCCTCAAAGTCAAGGAGTAGTAGAATCTATGAATAAAGAATTAAAGAAAATTATAGGACAGGTAAGAGATCAGGCTGAACATCTTAAAACAGCAGTACAAATGGCAGTATTCATTCACAATTTTAAAAGAAAAGGGGGGATTGGGGGATACAGTGCAGGGGAAAGAATAGTAGACATGATAGCATCAGACCTACAAACTAAACTATTACAAAAGCAAATTTCAAAAATTCAAAATTTTCGGGTTTATTACAGGGACAGAAGAGATCCACTTTGGAAAGGACCAGCAAAGCTTCTTTGGAAAGGTGAAGGGGCAGTAGTAATACAGGATAATAGTGACATAAAAGTAGTGCCAAGGAGAAAAGCAAAAATCATTAGGGATTATGGAAAACAGATGGCAGGTGATGATTGTGTGGCAAGTAGACAGGATGAGGAT---
57910|pt4w32|EU908763-IR,TTTTTACAAGGAATAGATAAAGCCCAAGAAGAACATGAGAAATATCACAGTAATTGGAGAGCAATGGCTAGTGATTTTAACCTGCCACCTGTGGTAGCAAAAGAAATAGTAGCCAGCTGTGATAAATGTCAGCTAAAAGGAGAAGCCATGCATGGACAAGTAGACTGTAGTCCAGGAATATGGCAACTAGATTGTACACATTTAGAAGGAAAAATTATCCTGGTAGCAGTTCATGTAGCCAGTGGATATATAGAAGCAGAAGTTATCCCAGCAGAAACAGGGCAAGAAGCAGCATACTTTATATTAAAATTAGCAGGAAGATGGCCAGTAAAAACAATACATACAGACAATGGCAGAAATTTCACAAGTAATGCAGTTAAGGCCGCCTGTTGGTGGGCGGGGATCAAGCAGGAATTTGGCATTCCCTGCAATCCCCAAAGTCAAGGGGTAGTAGAATCTCTAAATAAGGAATTAAAGAAAATTATAGGGCAGATAAGAGATCAGGCTGAACATCTTAAGACAGCAGTACAAATGGCAGTATTCATTCATAATTTTAAAAGAAAAGGGGGGATTGGAGGGTACAGTGCAGGGGAAAGAATAGTAGACATAATAGCAACAGACATACAAACTARAGAACTACAAAAACAAATTACAAAAATTCAAAATTTTCGGGTTTATTACAGGGACAGCAGAGATCCACTTTGGAAAGGACCAGCAAAGCTTCTCTGGAAAGGTGAAGGGGCAGTAGTAATACAAGATAATAGTGAAATAAAAGTAGTGCCAAGAAGAAAAGCAAAG---------------------------------------------------------------------
139839|IN_2898|-IR,TTCTTAGATGGRATAGATAAGGCCCAAGAAGAACATGAGAAATATCACAGTAATTGGAGAGCAATGGCTAGTGAYTTTAACCTGCCACCTGTAGTAGCAAAAGAAATAGTGGCCAGYTGTGATAAATGTCAGCTAAAAGGAGAAGCCATGCATGGACAAGTAGACTGTAGTCCAGGAATATGGCAACTAGAYTGTACCCACTTAGAAGGAAAAATTATCCTGGTAGCAGTTCATGTTGCCAGTGGATATATAGAAGCAGAAGTYATCCCAGCAGAGACAGGACAGGAAACAGCATACTTTCTCTTAAAACTRGCAGGAAGATGGCCAGTAAAAACAATACATACAGACAATGGCAGTAATTTTACCAGTGCCACGATGAAGGCCGCCTGTTGGTGGGCGGGGATCAAACAGGAATTTGGAATCCCCYACAATCCTCAAAGTCAAGGAGTAGTAGAATCTATGAATAATGAATTAAAGAAAATTATAGGACAAGTAAGAGATCAGGCTGAACATCTTAAAACAGCAGTACAAATGGCAGTATTCATCCACAATTTTAAAAGAAAAGGGGGGATTGGGGGATACTGTGCAGGGGAAAGAATAGTAGACATAATAGCAACAGACATACRAACTAAAGAATTACAAAAACAAATTACAAAAATTCAAAATTTTCGGGTCTATTACAGGGACAGCAGAGATCCACTTTGGAAAGGACCAGCAAAGCTTCTCTGGAAAGGTGAAGGGGCAGTAGTAATACAAGATAATAGTGACATAAAAGTAGTGCCAAGAAGAAAAGCAAAGATCATTAGGGATTATGGAAAACAGATGGCAGGTGATGATTGTGTGGCAAGTAGACAGGATGAGGAT---
139856|IN_2414|-IR,TTTTTAGATGGAATAGATAAGGCCCAAGAAGAGCATGAGAAATACCACAATAATTGGAGAGCAATGGCTAGTGATTTTAACCTGCCACCTRTAGTAGCAAAAGAAATAGTAGCCAGCTGTGATAAATGTCAGCTAAAAGGAGAAGCCATGCATGGACAAATAGACTGTAGTCCAGGAATATGGCAACTAGATTGTACACATTTAGAAGGAAAAATTATCATAGTAGCAGTTCATGTAGCCAGTGGATACATAGAAGCAGAAGTCATTCCAGCAGAGACAGGACAGGAAGCAGCATACTTTATCTTAAAATTAGCAGGCAGATGGCCAGTAAAAGCAATACATACAGACAATGGCACCAATTTCACCAGTGCCACAGTTAAGGCCGCCTGTTGGTGGGCGGGGATCAAGCAAGAATTTGGCATTCCCTGCAATCCCCAAAGTCAGGGAGTAGTAGAATCAATGAATAAAGAATTAAAGAAAATTATAGGACAGGTAAGAGAYCAGGCTGAACATCTTAAAACAGCAGTACAAATGGCAGTATTCATYCACAATTTTAAGAAAAGAGGGGGGATTGGGGGGTACAGTGCAGGGGAAAGAATAGTAGACATAATAGCAACAGACATACAGACTAGAGAACTACAAAAACAAATTACAAAAATTCAAAATTTTCGGGTTTATTACAGGGACAGAAGAGATCCACTTTGGAARGGACCAGCWAAGCTTCTCTGGAAAGGTGAAGGGGCAGTAGTAATACAGGATAATAGTGAAATAAAAGTAGTGCCAAGAAGAAAAGCAAAGATCATTAGGGATTATGGAAAACAGATGGCAGGTGATGATTGTGTGGCAAGTAGACAGGATGAGGAT---
140300|IN_2519|-IR,TTTTTAGATGGAATAGATAAGGCCCAAGAAGAYCATGAAAGATATCACAGTAATTGGAGAACAATGGCTGGTGAATTTAACCTGCCACCTGTGGTAGCAAAAGAAATAGTAGCCTGCTGTGATAAATGTCAGGTAAAAGGAGAAGCTATGCATGGACAAGTAGACTGTAGTCCAGGAATATGGCAACTAGATTGTACACATTTAGAAGGAAAAATTATCATGGTAGCAGTTCATGTAGCCAGTGGATATATAGAAGCAGAAGTTATTCCAGCAGAGACAGGGCAGGAAGCAGCATACTTTATCTTAAAATTAGCAGGAAGATGGCCAGTAAAAACAATACATACAGACAATGGCGGCAATTTCATCAGTACTGCAGTTAAGGCCGCCTGTTGGTGGGCAGGGATCAAGCAGGAATTTGGCATTCCCCACAATCCCCAAAGTCAAGGAGTAGTAGAATCTATGAATAAAGAATTAAAGAAAATTATAAGACARGTAAGAGATCAGGCTGRACAYCTTAAGACAGCAGTACAAATGGCAGTATTCATYCACAATTTTAAAAGAAAAGGGGGGATTGGGGGGTACAGTGCAGGGGAAAGAATAGTAGACATAATAGCAWCAGACATACAAACTAAAGAACTACAAAAACACATTACAAAAATTCAAAATTTTCGGGTTTATTACAGGGACAGCAGAGATCCACTTTGGAAAGGACCAGCAAAGCTCCTCTGGAAAGGTGAAGGGGCAGTAGTAATACAAGATAATAGTGATATAAAAGTAGTGCCAAGAAGAAAAGCAAAGATCATTAGGGATTATGGAAAACAGATGGCAGGTGATGATTGTGTGGCAARYAGACAGGATGAGGAT---
140073|IN_215|-IR,TTTTTAGATGGAATAGATAAGGCCCAAGAAGAACATGARAAATATCAYAATAATTGGAGAGCAATGGCYAGTGATTTTAACCTGCCACCTRTAGTAGCAAAAGAAATAGTAGCCAGCTGTGACAAATGTCAGCTAAAAGGAGAAGCCATGCATGGACAAGTAGACTGTAGTCCAGGAATATGGCARCTAGATTGYACACATTTAGAAGGAAAARTTATCCTGGTAGCAGTACATGTAGCCAGTGGATATATAGAAGCAGAAGTYATCCCAGCTGAGACAGGRCAGGAAACAGCATACTTTATCTTAAAGYTAGCAGGAAGATGGCCAGTAAAAATAATACATACAGACAATGGCAGCAATTTCATCAGCAACACAGTTAAGGCCGCCTGTTGGTGGGCGGGAATCAAACAGGAATTTGGYATTCCCTRCAATCCCCAAAGTCAGGGAGTAGTAGAATCWATGAATAAAGAATTAAAGAAAATTATAGGACARGTAAGAGATCAGGCTGAACATCTTAARACAGCAGTACAAATGGCAGTATTCRTYCATAATTTTAAAAGAAAAGGGGGGATTGGGGGGTACAGTGCAGGGGAAAGAATAATAGACATAATAGCAACAGACCTACAAACTAAAGAATTACAGAAACAAATTACAAAAATTCAAAATTTYCGGGTTTATTACAGGGACMGCAGAGATCCACTTTGGAAAGGACCAGCAAAGCTTCTCTGGAAAGGTGAAGGGGCAGTAGTAATACAAGATAATAGTGAAATAAAAGTAGTGCCAAGAAGAAAAGCAAAAATTATTAGGGATTATGGAAAACAGATGGCAGGTGATGATTGTGTGGCAAGTGGACAGGATGAGGAT---
57908|pt6w20|EU908751-IR,TTTTTAGATGGAATAGATAAAGCCCAAGAAGAACATGAGAAATATCACAGTAATTGGAGAGCAATGGCTAGTGATTTTAACCTGCCACCTGTGGTAGCAAAAGAGATAGTAGCCAGCTGTGATAAATGTCAGCTAAAAGGAGAAGCCATGCATGGACAAGTAGACTGTAGTCCAGGAATATGGCAACTAGATTGTACACATCTAGAAGGAAAAATTATCCTGGTAGCAGTTCATGTAGCCAGTGGATATATAGAAGCAGAAGTTATTCCAGCAGAAACAGGGCAGGAAGCAGCATACTTTATCTTAAAGTTAGCAGGAAGATGGCCAGTAAAAACAATACATACAGACAATGGCCGCAATTTCACCAGTACTACTGTTAAGGCCGCCTGTTGGTGGGCGGGGATCAAGCAGGCATTTGGCATTCCCAAAAATCCCCAAAGTCAAGGAGTAGTAGAATCCATGAATAATGAATTAAAGAAAATTATAGGACAGGTAAGAGATCAGGCTGAACATCTTAAGACAGCAGTACAGATGGCAGTTTTCATCCACAATTTTAAAAGAAAAGGGGGGATTGGGGGGTACAGTGCAGGGGAAAGAATAGTAGACATAATAGCAACAGACCTACAAACTAAGGAACTACAAAAACAAATTACAAAAATTCAAAATTTTCGGGTTTATTACAGGGACAGCAGAGATCCACTTTGGAAAGGACCAGCAAAACTTCTTTGGAAAGGTGAAGGGGCAGTAGTAATACAAGATAATAGTGACATAAAAGTAGTACCAAGAAGAAAAGCAAAG---------------------------------------------------------------------
140096|IN_224|-IR,TTTTTAGATGGAATAGAKAARGCCCAAGAAGACCATGAMAAATATCACAGTAATTGGAGAGCAATGGCTAGTGATTTTAACATACCACCTGTGGTAGCAAAAGARATAATAGCCAGCTGTGATAAATGTCAGCTAAAAGGAGAAGCCATACATGGACAGGTAGACTGYAGTCCAGGAATATGGCAACTAGATTGTACACATTTAGAAGGAAAAATTATCCTGGTAGCAGTTCATRTAGCCAGTGGATATATAGAAGCAGAAGTTATTCCAGCAGAGACAGGGCAGGAAACAGCATACTTTCTCTTAAAATTAGCAGGGAGATGGCCAGTAAAAACAATACATACAGACAATGGCAGCAATTTCACCAGTACTACAGTTAAGGCCGCCTGTTGGTGGGCAGGGATCAAGCAGGAATTTGGCATTCCCTGCAATCCCCAAAGTCAAGGAGTAGTAGAATCTATGAATAAAGAATTAAAGAAAATTATAGGACAGGTTAGAGATCAGGCTGAACATCTTAAGACAGCRGTACAAATGGCAGTATTCATCCACAATTTTAAAAGAAAAGGGGGGATTGGGGGGTACAGTGCAGGAGAAAGAATAATAGACATAATAGCAACAGACATACAAACTAAAGAATTACAAAACCAAATTTCAAAAATTCAAAATTTTCGGGTTTATTACAGGGACAGAAGAGATCCACTTTGGAAAGGACCAGCAAAGCTTCTCTGGAAAGGTGAAGGGGCAGTAGTAATACAAGATAATAGTGACATAAAAGTAGTGCCAAGAAGAAAAGCAAAGATTATTAGGGATTATGGAAAACAGATGGCAGGTGMTGATTGTGTGGCAAGTAGACAGGATGAGGAT---
139867|IN_1160|-IR,TTTCTGGATGGAATAGATAAAGCCCAAGAAGAGCATGAGAAATATCACAACAATTGGAGAGCAATGGCTAGTGACTTTAACTTGCCACCTATAGTAGCAAGAGAAATAGTAGCTCGCTGTGACAAATGCCAGTTAAAGGGAGAAGCCATGCATGGACAAGTAGACTGTAGTCCAGGAATATGGCAGCTAGATTGTACACATCTAGAAGGAAAAATCATCATGGTAGCAGTTCATGTAGCCAGTGGATATATAGAAGCAGAAGTTATTCCAGCAGAGACAGGGCAAGAAGCAGCGTACTTTCTCTTAAAACTAGCAGGAAGATGGCCAGTAAAAACAATACATACAGACAATGGCACCAATTTCACCAGTGCTACAGTTAAGGCCGCCTGTTGGTGGGCRGGAATCAAGCAGGAATTTGGTATTCCCKCCAATCCCCAAAGCCAAGGGGTAGTAGAATCTATGAATAAAGAATTAAAGAAAATTATAGGGCAGGTAAGAGATCAGGCAGAGCATCTTAAGACAGCAGTACAAATGGCAGTATTCATCCACAATTTTAAAAGAAAAGGGGGGATTGGGGGATACAGTGCAGGGGAAAGAATAGTAGACATAATAGCATCAGACATACAAACTAAAGAATTACAAAAGCAAATTACAAAAATTCAAAATTTTCGGGTTTATTACAGGGAACGCAGAGATCCACTTTGGAAAGGACCAGCAAAGCTTCTCTGGAAAGGTGAAGGGGCAGTAGTAATACAAGATAATAGTGACATAAAAGTAGTGCCAAGAAGAAAAGCAAAGATCATTAGGGATTATGGAAAACAGATGGCAGGTGATGATTGTGTGGCAAGTAGACAGGATGAGGAT---
139889|IN_668|-IR,TTTCTAGATGGAATAGATAAGGCCCAAGARGAGCATGAAAAATATCACAATAATTGGAGAGCAATGGCTAGTGATTTTAACCTGCCGCCTGTAGTAGCAAAAGAAATAGTAGCCAGCTGTGATAAATGYCAGCTAAAAGGAGAAGCCATGCATGGACAAGTAGAYTGTAGTCCAGGAATATGGCAACTAGATTGYACACATTTAGARGGAAAAATTATCCTGGTAGCAGTACATGTAGCCAGTGGATATATAGAAGCAGAAGTTATTCCAGCAGAGACAGGGCAGGAAGCAGCATACTTCCTCTTAAAATTAGCAGGGAGATGGCCAGTAAAGACAATACATACAGACAATGGCAGCAATTTTACCAGTGCTGCGGTCAAGGCCGCATGTTGGTGGGCAGGGATCAAGCAGGAATTCGGCATTCCCTGCAATCCCCAAAGTCAAGGGGTAGTAGAATCTATGAATAAAGAATTAAAGAAAATTATAAGACAGGTAAGAGATCAGGCAGAACATCTTAAGACAGCAGTGCAAATGGCAGTATTCATCCACAATTTTAAAAGAAAAGGGGGGATTGGGGGATACAGTGCAGGGGAAAGAATAGTAGACATAATAGCAACAGACATACAAACTCAAGAACTACAAAAACAAATTACAAAAATTCAAAATTTTCGGGTTTATTACAGGGACAGAAGAGATCCACTTTGGAAAGGACCAGCAAAGCTTCTCTGGAAAGGTGAAGGGGCAGTAGTAATACAAGATAATAGTGACATAAAAGTAGTRCCAAGGAGAAAAGCAAAGATCATTAGGGATTATGGAAAACAGATGGCAGGTGATGATTGTGTGGCARGTAGACAGGATGAGGAT---
1556|CA124202|-IR,TTCCTGGATGGAATAGATAGGGCCCAAGAGGAACATGAGAAATATCACAATAATTGGAGAGCAATGGCTAGTGATTTTAACCTACCACCTGTAGTAGCAAAAGAAATAGTGGCCAGCTGTGACAAATGTCAGCTAAAAGGAGAAGCCATGCATGGACAAGTAGACTGTAGTCCAGGAATATGGCAGTTAGATTGTACACATTTAGAAGGAAAAATTATCATGGTAGCAGTTCATGTAGCCAGTGGCTATATAGAAGCAGAAGTTATTCCAGCAGAGACAGGGCAAGAAGCAGCATACTTTATCTTAAAATTAGCAGGAAGATGGCCAGTACAAAAAATACATACAGACAATGGCCGCAATTTTACCAGTACTACAGTTAAAGCCGCCTGTTGGTGGGCAGGGATCAAGCAGGAATTTGGCATTCCCTGCAATCCCCAAAGTCAAGGAGTAGTAGAATCTATGAATAAAGAATTAAAGAAAATTATAGGGCAAGTAAGAGATCAGGCTGAACATCTCAAGACAGCAGTACAAATGGCAGTATTCATCCACAATTTTAAAAGAAAAGGGGGGATTGGGGGGTACAGTGCAGGGGAAAGAATAGTAGACATAATAGCATCAGACATACAAACTAGAGAACTACAAAAACAAATTACAAAGATTCAAAATTTTCGGGTTTATTACAGGGACAGAAGAGATCCACTTTGGAAAGGACCAGCAAAACTTCTCTGGAAAGGTGAAGGGGCAGTAGTAATACAAGATAATAGTGAAATAAAAGTAGTGCCAAGAAGAAAAGCAAAGATCATTAGGGATTATGGAAAACAGATGGCAGGTGATGATTGTGTGGCAAGTAGACAGGATGAGGAT---
153941|N241|LC022658-IR,TTTTTAGATGGAATAGATAAGGCCCAAGAAGAACATGAAAAATATCATAGTAATTGGAGAGCAATGGCTAGTGACTTCAACCTGCCACCTGTGGTAGCAAAAGAAATAGTAGCCTGCTGTGATAAATGTCAGCTAAAAGGAGAAGCCATGCATGGACAAGTAGACTGCAGTCCAGGAATATGGCAACTAGATTGTACACATTTAGAGGGGAAAATTATCGTGGTAGCAGTTCATGTTGCCAGTGGATATATAGAGGCAGAAGTTATCCCAGCAGAGACAGGGCAGGAAGCAGCATACTTTATCTTAAAATTAGCAGGGAGATGGCCAGTAAAAACAATACATACAGACAATGGCAGAAATTTCACCAGTGCTGCGGTAAAGGCCGCCTGTTGGTGGGCGGGGGTCAAGCAGGAATTTGGCATTCCCTGCAATCCCCAAAGTCAAGGAGTAGTAGAATCTATGAACAAAGAATTAAAGAAAATTATAGGACAAGTAAGAGATCAGGCTGAGCATCTTAAAACAGCAGTACAGATGGCAGTACTCATCCACAATTTTAAGAGAAAAGGGGGGATTGGGGGGTACAGTGCAGGGGAAAGAATAATAGATATAATAGCAACAGACATACAAACTAAAGAACTACAAAAACAAATTACAAAAATTCAAAATTTTCGGGTTTATTACAGAGACAGCAGAAACCCACTTTGGAAAGGACCAGCAAAGCTTCTCTGGAAAGGTGAAGGGGCAGTAGTAATACAAGATAACAGTGATATAAAAGTAGTGCCAAGAAGAAAAGCAAAGATCATTAGAGATTATGGAAAACAGATGGCAGGTGATGATTGTGTGGCAAGTAGACAGGATGAGGAT---
73544|Virus122|GU121798-IR,TTTTTAGATGGAATAGATAAAGCACAAGARGAACATGAGAAATATCACAGTAATTGGAAAGCAATGGCTAGTGATTTTAACCTGCCCCCTGTGGTAGCRAAAGAAATAGTRGCCAGCTGTGATAAATGTCAGCTAAAAGGAGAAGCCATGCATGGACAAGTAGAYTGTAGCCCAGGAATATGGCAACTAGATTGTACACATTTAGAAGGAAAAATTATCYTGGTAGCAGTTCATGTAGCCAGTGGATATATAGAAGCAGAAGTTATTCCAGCAGAAACAGGGCAGGAARCAGCATACTTTCTCTTAAAATTAGCAGGAAGATGGCCAGTAAAAGTRGTACATACAGACAATGGCAGCAATTTCACCAGTACAGCAGTTAAGGCCGCCTGTTGGTGGGCAGGGATCAAGCAGGAATTTGGCATTCCCTRCAATCCCCARAGTCAAGGRGTAGTAGAATCTATGAATAAAGAATTAAAGAAAATTATAGGACAGGTAAGAGATCAGGCTGAACAGCTTAAGACAGCAGTACAAATGGCAGTATTCATCCACAATTTTAAAAGAAAAGGGGGGATTGGGGGATACAGTGCAGGGGAAAGAATGGTAGACATRATAGCAACAGACATACAAACTAAAGAACTACAGAAACAAATTACAAAAATTCAAAATTTTCGGGTYTATTACAGGGACMGCAGAGATCCACTTTGGAARGGACCAGCAAAGCTCCTCTGGAAAGGYGAAGGGGCAGTAGTAATACAAGATAATAGTGACATAAAAGTAGTGCCAAGAAGAAAAGCAAAGATCATTAGGGATTATGGAAAACAGATGGCAGGTGATGATTGTGTGGCAAGTAGACAGGATGAGGAT---
73544|Virus139|GU121815-IR,TTTTTAGATGGAATAGATAAAGCACAAGARGAACATGAGAAATATCACAGTAATTGGAAAGCAATGGCTAGTGATTTTAACCTGCCCCCTGTGGTAGCRAAAGAAATAGTRGCCAGCTGTGATAAATGTCAGCTAAAAGGAGAAGCCATGCATGGACAAGTAGAYTGTAGCCCAGGAATATGGCAACTAGATTGTACACATTTAGAAGGAAAAATTATCMTGGTAGCAGTTCATGTAGCCAGTGGATATATAGAAGCAGAAGTTATTCCAGCAGAAACAGGGCAGGAARCAGCATACTTTCTCTTAAAATTAGCAGGAAGATGGCCAGTAAAAGTAGTACATACAGACAATGGCASCAATTTCACCAGTACAGCAGTTAAGGCCGCCTGTTGGTGGGCAGGGATCAAGCAGGAATTTGGCATTCCCTRCAATCCCCARAGTCAAGGRGTAGTAGAATCTATGAATAAAGAATTAAAGAAAATYATAGGACAGGTAAGAGATCAGGCTGAACAGCTTAAGACAGCAGTACAAATGGCAGTATTCATCCACAATTTTAAAAGAAAAGGGGGGATTGGGGGATACAGTGCAGGGGAAAGAATGGTAGACATRATAGCAACAGACATACAAACTAAAGAACTACAGAAACAAATTWCAAAAATTCAAAATTTTCGGGTYTATTACAGGGACMGCAGAGATCCACTTTGGAARGGACCAGCAAAGCTCCTYTGGAAAGGTGAAGGGGCAGTAGTAATACAAGATAATAGTGACATAAAAGTAGTGCCAAGAAGAAAAGCAAAGATCATTAGGGATTATGGAAAACAGATGGCAGGTGATGATTGTGTGGCAAGTAGACAGGATGAGGAT---
140113|IN_3306|-IR,TTTTTAGATGGAATAGATAAGGCCCAAGAAGAACATGAGAAATATCACAATAATTGGAGAGCAATGGCTAGTGATTTTAACCTGCCACCTATAGTAGCAAAAGAAATAGTGGCCAGCTGTGATAAATGTCAGCTAAAAGGAGAAGCCATGCATGGACAAGTAGACTGTAGTCCAGGAATATGGCAAATAGATTGCACACATTTAGAAGGGAAAATTATCATAGTGGCAGTTCATGTAGCCAGTGGATATATAGAAGCAGAAGTCATTCCAGCAGAAACAGGGCAGGAAACAGCATACTTTATCTTAAAATTAGCAGGAAGATGGCCAGTAAAARCAWTACATACAGACAATGGCAGCAATTTCACCAGTACCACGGTTAARGCCGCCTGTTGGTGGGCAGGGATCAAACAGGAATTTAGCATTCCCTACAATCCCCAAAGTCGAGGAGTAGTAGAATCTATGAATAATGAATTAAARAAAATTATAGGGCAGGTAAGAGATCAGGCTGAACATCTTAAAACAGCAGTGCAAATGGCAGTCTTCATTCACAATTTTAAAAGAAAAGGGGGGATTGGGGGATACAGTGCAGGGGAAAGAATAGTAGACATAATAGCAACAGACATACAAACTAAAGAACTACAAAAACACATTACAAAAATTCAAAATTTTCGGGTTTATTACAGGGACAGCAGAGATCCASTTTGGAAAGGACCAGCAAAGCTTCTCTGGAAAGGTGAAGGGGCAGTAGTAATACAAGATAACAGTGAAATAAAAGTAGTGCCAAGAAGAAAAGCAAAGATCATTAGGGATTATGGAAAACAGATGGCAGGTGATGATTGTGTGGCAAGTAGACAGGATGAGGAT---
140293|IN_994|-IR,TTTTTAGATGGAATAGAYAAAGCCCAAGAAGAACATGAGAGATATCACAGTAATTGGAGAGCAATGGCTAGTGATTTTAACCTGCCACCTATAGTAGCAAAAGAAATAGTAGCCAGCTGTGATARATGTCAGCTAAAAGGAGAAGCCACGCATGGACAAGTAGACTGTAGTCCAGGAATATGGCAAKTAGATTGTACACATTTAGAAGGAAAAATTATCATAGTAGCAGTYCATGTAGCCAGTGGATATATAGAAGCAGAAGTTATTCCAGCAGAGACAGGGCAGGAAACAGCATACTTCCTCTTAAAATTAGCAGGAAGATGGCCAGTAACAACAATACATACAGACAATGGMAGCAATTTCACCAGCACTACRGTCAAGGCCGCCTGTTGGTGGGCAGGGATCAAACAGGAATTTAGTATTCCCTACAATCCCCAAAGTCGAGGAGTAGTAGAATCTATGAATAAAGAATTAAAGAAAATTATAGGGCAGGTAAGAGATCAGGCTGAACATCTTAAGACAGCAGTACAAATGGCAGTATTCATCCACAATTTTAAAAGAAAAGGGGGGATTGGGGGATACAGTGCAGGGGAAAGAATAGTAGACATAATAGCATCAGACATACAAACTAAAGAATTACAAAAACAAATTACAAAAATTCAAAATTTTCGGGTTTATTACAGGGACAGCAGAGATCCACTTTGGAAAGGACCAGCAAAGCTYCTCTGGAAAGGTGAAGGGGCAGTAGTAATACAAGATAATAGTGAMATAAAARTAGTGCCAAGGAGAAAAGCAAAAATCATTAGGGATTATGGAAAACAGATGGCAGGTGATGATTGTGTGGCAAGTAGACAGGATGAGGAT---
140190|IN_341|-IR,TTTTTGGATGGAATAGATAAGGCCCAAGATGAACATGAAAAATATCATAGTAATTGGAGAGCAATGGCCAGTGATTTTAACCTGCCACCTATAGTAGCAAAAGAAATAGTAGCCAGCTGTGATAAATGCCAGCTAAAAGGAGAAGCCATACATGGACAAGTAGACTGTAGTCCAGGAATATGGCAGCTAGATTGTACACATGTGGAAGGAAAAATTGTCATGGTAGCAGTTCATGTAGCCAGTGGATATATAGAAGCAGAAGTTATTCCAGCACAAACAGGGCAAGACGCAGCATACTTTATCTTAAAATTAGCAGGAAGATGGCCAGTAAAAACAATACATACAGACAATGGCACCAATTTCACCAGTAATGCAGTTAAAGCCGCCTGCTGGTGGGCAGGGGTCAAGCAGGAATTTGGAATTCCCTACAATCCCCAAAGTCAAGGAGTGGTGGAATCTATGAATAAACAGTTAAAGACAATTATAGGACAGGTAAGAGAYCAGGCTGAACATCTTAAAACAGCAGTACAAATGGCAGTATTCATCCACAATTTTAAAAGAAAAGGGGGGATTGGAGGGTACAGTGCAGGGGAAAGAATAGTAGACATAATAGCAACAGACATGCAAACTAAAGAATTACAAAAACAAATTACAAAAATTCAAAATTTCCGGGTTTATTACAGAGACAACAGAGAGCCATTTTGGAAAGGACCAGCAAAACTTCTCTGGAAAGGTGAAGGGGCAGTAGTAATACAAGAAAATAGTGAAATAAAAGTAGTACCAAGAAGAAAAGCAAAGATCATTAGGGATTATGGAAAACAGATGGCAGGTGATGATTGTGTGGCAAGTAGACAGGATGMGGAT---
139919|IN_2478|-IR,TTTTTAGATGGAATAGATAAGGCCCAAGAAGAACATGAAAAATACCACAGTAATTGGAGAGCAATGGCTAGTGATTTTAAYCTRCCACCTATAGTAGCAAAAGAGATAGTAGCCAGCTGTGATAAATGTCAGCTAAAAGGAGAAGCCATACATGGACAAGTRGACTGTAGTCCAGGAATATGGCAACTAGACTGTACACAYTTRGAAGGAAAAATTATCCTGGTAGCAGTTCATGTAGCCAGTGGATATATAGAAGCAGAAGTTATTCCAGCAGAAACAGGRCAAGAAACAGCATACTTYCTCTTAAAATTAGCAGGMAGATGGCCAGTAAAAACAATACATACAGATAATGGCAGCAATTTCACCAGTACMACGGTTAAGGCTGCCTGTTGGTGGGCAGGGATCAAGCAGGAATTTGGCATTCCCTGCAATCCCCAAAGTCAAGGGGTAGTAGAATCTATGAATAAAGAATTAAAGAAAATTATAACACAAGTAAGAGATCAAGCTGAACATCTTARGACAGCAGTACAAATGGCAGTATTCATCCACAATTTTAAAAGAAAAGGGGGGATTGGGGGGTACAGTGCAGGGGAAAGAATAGTAGACATAATAGCATCAGACATACAAACTAAAGAACTACAAAAACAAATTTCAAAAATGCAAAATTTTCGGGTTTATTACAGGGACAGAAGAGATCCACTTTGGAAGGGACCAGCAAAGCTTCTGTGGAAAGGTGAAGGGGCAGTAGTAATACAAGATAATAGTGACATAAAAGTAGTGCCAAGGAGAAAAGCAAAAATCATTAGGGATTATGGAAAACAGATGGCAGGTGATGATTGTGTGGCAAGTAGACAGGATGAGGAT---
140286|IN_286|-IR,TTTCTGGATGGAATAGATAAGGCCCAAGAAGACCATGAAAAATATCACAGTAATTGGARAGCAATGGCTAGTGAGTTTAACCTGCCACCTGTGGTAGCAAAAGAAATAGTAGCCAGCTGTGATAAATGYCAGCTAAAAGGRGARGCCATGCATGGACAGGTAGACTGTAGTCCAGGAATATGGCAACTAGATTGTACACATTTAGAAGGAAAAATTATTCTGGTAGCAGTTCATGTAGCCAGTGGATACATAGAAGCAGAAGTTATCCCAGCAGAAACAGGAAATGAAACAGCATACTTTATTTTAAAATTAGCAGCAAGATGGCCAGTAAAAACAATACACACAGACAATGGCACCAATTTCACCAGCACTACAGTTAAGGCCGCCTGTTGGTGGGCAGGGGTCAAGCAGGAATTTGGCATTCCCTGCAATCCCCAAAGTCAAGGAGTAGTAGAATCTATGAATAAACAATTAAAACAGATTATAGGACAGGTAAGAGATCAAGCTGAACATCTTAAGACAGCAGTACAAATGGCAGTATTCATCCATAATTTTAAAAGAAAAGGGGGGATTGGGGAGTACAGTGCAGGGGAAAGAATAGTAGACATGATAGCAACAGACCTACAAACTAAAGAATTACAGAAACAAATTACAAAAATTCAAAATTTTCGGGTTTATTACAGGGACAGAAGAGACCCCCTTTGGAAAGGACCAGCAAAGCTCCTCTGGAAAGGTGAAGGAGCAGTAGTGATACAAGACAATAGTGAAATAAAAGTAGTGCCAAGGAGAAAAGCAAAGATCATTAGGGATTATGGAAAACAGATGGCAGGTGATGATTGTGTGGCAAGTAGACAGAATGAGGAT---
140325|IN_1191|-IR,TTCTTAGATGGAATAGATAAGGCTCAGGAAGAACATGAAAAATATCACAGTAATTGGAGAGCAATGGCCAGTGACTTTAACCTGCCACCTATAGTAGCAAGGGAGATAGTAGCCAGCTGTGACAAATGTCAGCTAAAAGGAGAAGCCATGCATGGACAGGTAGAYTGTAGTCCAGGAATATGGCAACTAGAYTGTACCCATTTAGAAGGAAAGATCATCCTGGTAGCAGTTCATGTAGCCAGTGGGTACATAGAAGCAGAAGTTATCCCAGCAGAGACAGGAMAGGAARCAGCATACTTTATCTTAAAGCTAGCAGGAAGATGGCCAGTAAAAGCAATACACACAGACAATGGCAGCAATTTYACCAGTAGTGCAGTTAAGGCCGCCTGTTGGTGGGCRGGGGTCAAGCAGGAATTTGGCATTCCCTRCAATCCCCAAAGTCAAGGAGTAGTAGAATCYATGAATARAGAATTAAAGAAAATTATAGGACAGGTAAGAGATCAAGCTGAACATCTTAAGACAGCAGTACAAATGGCAGTATTCATTCACAATTTTAAAAGAAAAGGGGGGATTGGGGGRTACAGTGCAGGGGAAAGAATAGTAGACATAATAGCAACAGAAATACAAACTAAAGAACTACAAAAACAAATTACAAAAATTCAAAATTTTCGGGTTTATTACAGGGACAGCAGAGATCCACTTTGGAAAGGACCAGCAAAGCTTCTCTGGAAAGGTGAAGGGGCAGTAGTGATACAAGATAACAGTGACATAAAAGTAGTGCCAAGAAGAAAAGCAAAAATCATTAGGGATTATGGAAAACAGATGGCAGGTGATGATTGTGTGGCAAGTAGACAGGATGAKGAT---
139889|IN_668|-IR,TTTCTAGATGGAATAGATAAGGCCCAAGARGAGCATGAAAAATATCACAATAATTGGAGAGCAATGGCTAGTGATTTTAACCTGCCGCCTGTAGTAGCAAAAGAAATAGTAGCCAGCTGTGATAAATGYCAGCTAAAAGGAGAAGCCATGCATGGACAAGTAGAYTGTAGTCCAGGAATATGGCAACTAGATTGYACACATTTAGARGGAAAAATTATCCTGGTAGCAGTACATGTAGCCAGTGGATATATAGAAGCAGAAGTTATTCCAGCAGAGACAGGGCAGGAAGCAGCATACTTCCTCTTAAAATTAGCAGGGAGATGGCCAGTAAAGACAATACATACAGACAATGGCAGCAATTTTACCAGTGCTGCGGTCAAGGCCGCATGTTGGTGGGCAGGGATCAAGCAGGAATTCGGCATTCCCTGCAATCCCCAAAGTCAAGGGGTAGTAGAATCTATGAATAAAGAATTAAAGAAAATTATAAGACAGGTAAGAGATCAGGCAGAACATCTTAAGACAGCAGTGCAAATGGCAGTATTCATCCACAATTTTAAAAGAAAAGGGGGGATTGGGGGATACAGTGCAGGGGAAAGAATAGTAGACATAATAGCAACAGACATACAAACTCAAGAACTACAAAAACAAATTACAAAAATTCAAAATTTTCGGGTTTATTACAGGGACAGAAGAGATCCACTTTGGAAAGGACCAGCAAAGCTTCTCTGGAAAGGTGAAGGGGCAGTAGTAATACAAGATAATAGTGACATAAAAGTAGTRCCAAGGAGAAAAGCAAAGATCATTAGGGATTATGGAAAACAGATGGCAGGTGATGATTGTGTGGCARGTAGACAGGATGAGGAT---
139935|IN_508|-IR,TTTCTGGATGGAATAGATAAAGCCCAAGAAGAGCATGAGAAATATCACAACAATTGGAGAGCAATGGCTAGTGACTTTAACTTGCCACCTRTAGTAGCAAGAGAAATAGTAGCTCGCTGTGACAAATGCCAGTTAAAGGGAGAAGCCATGCAYGGACAAGTAGACTGTAGTCCAGGAATATGGCAGCTAGATTGTACACATCTAGAAGGAAAAATCATCATGGTAGCAGTTCATGTAGCCAGTGGATATATAGAAGCAGAAGTTATTCCAGCAGAGACAGGGCAAGAAGCAGCGTACTTTCTCTTAAAACTAGCAGGAAGATGGCCAGTAAAAACAATACATACAGACAATGGCACCAATTTCACCAGTGCTACAGTTAAGGCCGCCTGTTGGTGGGCGGGAATCAAGCAGGAATTTGGTATTCCCTCCAATCCCCAAAGCCAAGGGGTAGTAGAATCTATGAATAAAGAATTAAAGAAAATTATAGGGCAGGTAAGAGATCAGGCAGAGCATCTTAAGACAGCAGTACAAATGGCAGTATTCATCCACAATTTTAAAAGAAAAGGGGGGATTGGGGGATACAGTGCAGGGGAAAGAATAGTAGACATARTAGCATCAGACATACAAACTAAAGAATTACAAAAGCAAATTACAAAAATTCAAAATTTTCGGGTTTATTACAGGGAACGCAGAGATCCACTTTGGAAAGGACCAGCAAAGCTTCTCTGGAAAGGTGAAGGGGCAGTAGTAATACAAGATAATAGTGACATAAAAGTAGTGCCAAGAAGAAAAGCAAAGATCATTAGGGATTATGGAAAACAGATGGCAGGTGATGATTGTGTGGCAAGTAGACAGGATGAGGAT---
73503|Virus114|GU121790-IR,TTTTTGGATGGAATAGATAAGGCCCAAGAAGAACATGAGAAATATCACAGTAATTGGAGAGCAATGGCTAGTGATTTYAACCTGCCACCTGTAGTAGCAAAAGAAATAGTAGCCAGCTGYGATAAGTGYCAGCTAAAAGGAGAAGCCATGCATGGACAAGTAGACTGTAGCCCAGGAATATGGCAAATAGATTGTACACATTTAGAAGGAAARATTGTCATAGTAGCAGTCCATGTAGCTAGTGGATATATAGAAGCAGAAGTTATTCCAGCAGAGACAGGGCAAGACACAGCATACTTTATCCTRAAATTAGCAGGAAGATGGCCAGTAAAAATAATACATACAGACAATGGCAGCAATTTCACTAGTACTACAGTTAAAGCCGCCTGTTGGTGGGCAGGGATCAAACAGGAATTTAGTATTCCCTACAATCCCCAAAGTCACGGAGTAGTAGAATCTATGAATAAAGAATTAAAGAAAATTATAGGACAGGTAAGAGATCAGGCTGAACATCTTAAGACAGCAGTACAAATGGCAGTATTCATACACAATTTTAAAAGAAAAGGGGGGATTGGGGGGTACAGTGCAGGGGAAAGAATAGTAGACATAATAGCTACAGACCTACAAACTAAAGAACTACAGAAACAAATTACAAAAATTCAAAATTTTCGGGTTTATTACAGAGACAGCAGAGAACCAYTTTGGAAAGGACCAGCAAAGCTYCTCTGGAAAGGTGAAGGGGCAGTAGTAATACAAGATAACAGTGACATAAAAGTAGTGCCAAGAAGAAAAGCAAAGATCATTAGGGATTATGGAAAACAGATGGCAGGTGATGATTGTGTGGCAAGTAGACAGGATGAGGAT---
140326|IN_1820|-IR,TTTYTAGATGGAATAGATAAAGCCCAAGAAGAACATGAGAAATATCACAGTAATTGGAGAGCAATGGCTAGTGACTTTAACCTGCCACCTGTGGTAGCAAAGGAAATAGTAGCAAGCTGTGATAAATGTCAACTAAAAGGAGAAGCYATGCATGGACAAGTAGACTGTAGTCCAGGAATATGGCAASTAGATTGTACACATTTAGAAGGAAAAATTATCATGGTAGCAGTTCATGTAGCCAGTGGATATATAGAAGCAGAAGTTATTCCAGCAGAAACAGGGCAGGAAGCAGCATACTTTCTCTTAAAATTAGCAGGAAGGTGGCCAGTAAAAACAATACATACAGACAATGGCACCAATTTCACCAGCGCTACRGTTAAGGCTGCCTGTTGGTGGGCAGGGATCAAGCAGGAATTTGGTATTCCCTGCAATCCCCAAAGTCAAGGAGTAGTAGAATCCATGAATAAAGAATTAAAGAAAATCATAAGACAGGTAAGAGATCAGGCTGAACATCTTAAGACAGCAGTACAAATGGCAGTATTCATCCACAATTTTAAAAGAAAAGGGGGGATTGGGGGGTACAGTGCAGGGGAAAGAATAGTAGACATRATAGCAACAGACATACARACTARAGAATTACAAAARCAAATTACAAAAATTCAAAATTTTCGGGTCTATTACAGGGACCGCAGAGACCCCCTTTGGAAAGGACCAGCAAAGCTTCTCTGGAAAGGTGAAGGGGCAGTAGTAATACAAGATAATAGTGACATAAAAGTAGTGCCAAGAAGAAAAGCAAAGATCATTAGGGATTATGGAAAACAGATGGCAGGTGATGATTGTGTGGCAAGTAGACAGGATGAGGAT---
139442|BRSP271|-IR,TTTTTAGATGGGATAGATAAGGCACAGGAAGACCATGAAAAATATCACAACAATTGGAGAGCAATGGCCAGTGATTTTAATCTGCCACCTGTAGTAGCAAAAGAAATAGTAGCTAGCTGTGATAAATGTCAACTAAAAGGGGAAGCAATGCATGGACAAGTAGATTGTAGTCCAGGAATATGGCAAGTAGATTGTACRCATTTAGAAGGAAAAATTATAATAGTAGCAGTCCATGTAGCTAGTGGGTACCTGGAAGCAGAAGTYATCCCAGCAGAAACAGGACAAGAAACAGCCTACTTCATACTAAAGTTAGCAGGAAGATGGCCAGTAAGAACACTACATACAGACAATGGCCCCAATTTTACCAGTACTGCGGTTAAGGCCGCCTGTTGGTGGGCAGGGATCAAGCAGGAATTTAGCATTCCCTACAATCCCCAAAGTCACGGAGTAGTAGAATCTATGAATAAGGAGTTAAAGAAAATTATARAKCAGATAAGAGATCAGGCTGAACATCTTAAGACAGCAGTACAAATGGCAGTATTCATCCACAATTTTAAAAGAAAAGGGGGGATTGGGGGATACAGTGCAGGGGAAAGAATAATAGACATCATAGCATCAGACATACAAACTAAAGAATTACAAAAACAAATTACAAAAATTCAAAATTTCCGGGTTTATTACAGGGACAGCAGAGACCCAGTTTGGAAAGGACCAGCAAAGCTACTCTGGAAAGGTGAAGGGGCAGTGGTCATACAAGACAATAGTGAAATAAAGGTAGTACCAAGAAGAAAAGCAAARATCATTAGGGATTATGGAAAACAGATGGCAGGTGATGATTGTGTGGCAGGTAGACAGGATGAGGAT---
140055|IN_2493|-IR,TTTTTAGATGGAATAGACAAAGCCCAGGAAGAACATGAGAAATATCACAATAATTGGAGAGCAATGGCTAGTGATTTTAACCTGCCACCTATAGTAGCTAAAGAAATAGTAGCCAGCTGTAATAAGTGTCAGCTAAAAGGAGAAGCCATGCATGGACAAGTAGACTGTAGTCCAGGAATATGGCAAATAGATTGTACACATTTAGAAGGAAAAATTATCATGGTAGCAGTTCATGTAGCCAGTGGCTATATAGAAGCAGAAGTTATTCCAGCAGAAACAGGGCAGGAAGCAGCATACTTCATCTTAAAATTAGCAGGAAGATGGCCAGTAAAAACAATACATACAGACAATGGCAGAAATTTTACCAGTGCTACAGTTAAGGCCGCCTGTTGGTGGGCAGGAATCAAGCAGGAATTTGGTATTCCCTGCAATCCCCAAAGTCAAGGAGTAGTGGAATCTATGAATAAAGAATTAAAGAAAATTATAACACAGGTAAGAGATCAGGCCGAACATCTTAAAACAGCAGTACAAATGGCAGTATTCATCCATAATTTTAAAAGAAAAGGGGGGATTGGGGGGTACAGTGCAGGGGAAAGAATAGTAGACATAATAGCAACAGACATACAAACTAAAGAGTTACAAAAACAAATTTCAAATATTCAAAAATTTCGGGTTTATTACAGGGRCCGCAGAGATCCACTTTGGAAAGGACCAGCAAAGCTTCTCTGGAAAGGTGAAGGGGCAGTAGTAATACAAGATAATAGTGATATAAAAGTAGTGCCAAGAAGAAAAGCAAAGATCATTAGGGACTATGGAAAACAGATGGCAGGTGATGATTGTGTGGCAGGTAGACAGGATGAGGAT---
153941|N241|LC022658-IR,TTTTTAGATGGAATAGATAAGGCCCAAGAAGAACATGAAAAATATCATAGTAATTGGAGAGCAATGGCTAGTGACTTCAACCTGCCACCTGTGGTAGCAAAAGAAATAGTAGCCTGCTGTGATAAATGTCAGCTAAAAGGAGAAGCCATGCATGGACAAGTAGACTGCAGTCCAGGAATATGGCAACTAGATTGTACACATTTAGAGGGGAAAATTATCGTGGTAGCAGTTCATGTTGCCAGTGGATATATAGAGGCAGAAGTTATCCCAGCAGAGACAGGGCAGGAAGCAGCATACTTTATCTTAAAATTAGCAGGGAGATGGCCAGTAAAAACAATACATACAGACAATGGCAGAAATTTCACCAGTGCTGCGGTAAAGGCCGCCTGTTGGTGGGCGGGGGTCAAGCAGGAATTTGGCATTCCCTGCAATCCCCAAAGTCAAGGAGTAGTAGAATCTATGAACAAAGAATTAAAGAAAATTATAGGACAAGTAAGAGATCAGGCTGAGCATCTTAAAACAGCAGTACAGATGGCAGTACTCATCCACAATTTTAAGAGAAAAGGGGGGATTGGGGGGTACAGTGCAGGGGAAAGAATAATAGATATAATAGCAACAGACATACAAACTAAAGAACTACAAAAACAAATTACAAAAATTCAAAATTTTCGGGTTTATTACAGAGACAGCAGAAACCCACTTTGGAAAGGACCAGCAAAGCTTCTCTGGAAAGGTGAAGGGGCAGTAGTAATACAAGATAACAGTGATATAAAAGTAGTGCCAAGAAGAAAAGCAAAGATCATTAGAGATTATGGAAAACAGATGGCAGGTGATGATTGTGTGGCAAGTAGACAGGATGAGGAT---
57910|pt4w36|EU908764-IR,TTTTTACAAGGAATAGATAAAGCCCAAGAAGAACATGAGAAATATCACAGTAATTGGAGAGCAATGGCTAGTGATTTTAACCTGCCACCTGTGGTAGCAAAAGAAATAGTAGCCAGCTGTGATAAATGTCAGCTAAAAGGAGAAGCCATGCATGGACAAGTAGACTGTAGTCCAGGAATATGGCAACTAGATTGTACACATTTAGAAGGAAAAATTATCATGGTAGCAGTTCATGTAGCCAGTGGATATATAGAAGCAGAAGTTATCCCAGCAGAAACAGGGCAAGAAGCAGCATACTTTATATTAAAATTAGCAGGAAGATGGCCAGTAAAAACAATACATACAGACAATGGCAGAAATTTCACAAGTAATGCAGTTAAGGCCGCCTGTTGGTGGGCGGGGATCAAGCAGGAATTTGGCATTCCCTGCAATCCCCAAAGTCAAGGGGTAGTAGAATCTCTAAATAAGGAATTAAAGAAAATTATAGGGCAGATAAGAGATCAGGCTGAACATCTTAAGACAGCAGTACAAATGGCAGTATTCATTCATAATTTTAAAAGAAAAGGGGGGATTGGAGGGTACAGTGCAGGGGAAAGAATAGTAGACATAATAGCAACAGACATACAAACTAGAGAACTACAAAAACAAATTACAAAAATTCAAAATTTTCGGGTTTATTACAGGGACAGCAGAGATCCACTTTGGAAAGGACCAGCAAAGCTTCTCTGGAAAGGTGAAGGGGCAGTAGTAATACAAGATAATAGTGAAATAAAAGTAGTGCCAAGAAGAAAAGCAAAG---------------------------------------------------------------------
140076|IN_761|-IR,TTTTTGGATGGAATAGATAAAGCCCAAGAAGAYCATGAKARATATCAYAGTAATTGGAGAGCAATGGCYAATGATTTTAACCTGCCACCTATAGTAGCAAAAGAAATAGTAGCCAGCTGTGAYAAATGTCAACTAAAAGGAGAAGCCATGCATGGACAAGTAGACTGTAGTCCAGGAATATGGCAAYTAGATTGTACACATTTAGAAGGAAAAATCATCCTGGTAGCAGTCCATGTRGCCAGTGGATATATAGAAGCAGAARTTATTCCAGCAGAAACAGGACAGGAAACAGCATACTTTATCTTAAAATTAGCAGGAAGATGGCCAGTAAAAACAATACATACAGACAATGGCAGCAATTTCACCAGTAGTGCGGTCAAGGCCGCCTGTTGGTGGGCAGGGATCAATCAGGAATTTGGTATTCCCTRCAATCCCCAAAGTCAAGGAGTRGTAGAATCTATGAATAAAGAATTAAAGAARATTATAGGACAGGTAAGAGATCAGGCAGAACACCTTAAGACAGCAGTACAAATGGCAGTATTCATCCACAATTTTAAAAGAAAAGGGGGGATTGGGGGGTACAGTGCAGGGGAAAGAATAGTAGACATAGTAGCAACAGACATACAAACTAAAGAACTACAAAAACAAATTACAAAAATTCAAAATTTTCGGGTTTATTACAGGGACAGCAGAGATCCACTTTGGAAAGGACCAGCAAARCTTCTTTGGAAAGGTGAAGGGGCAGTAGTAATACAAGATAATAGTGACATAAAAGTAGTACCAAGAAGAAAAGCAAAAATCATTAGGGATTATGGAAAACAGATGGCAGGTGATGATTGTGTGGCAAGTAGACAGGATGAGGAT---
139936|IN_1391|-IR,TTTTTAGATGGGATAGATAAGGCCCAAGAAGAACATGAGAGATATCACAGTAATTGGAGAGCAATGGCTAGTGATTTTAACCTGCCACCAATAGTAGCAAAAGAAATAGTAGCCAGCTGTGACAAATGTCAGCTAAAAGGAGAAGCCATGCATGGACAAGTAGACTGTAGTCCAGGAATATGGCAAYTAGATTGTACACACTTAGAAGGAAAAATTATCCTGGTAGCAGTGCATGTAGCCAGTGGATATATAGAAGCAGAAGTTATCCCAGCAGAGACGGGGGCTGAAGCAGCATACTTTATCTTAAAATTAGCAGGGAGATGGCCAGTAAAAACAATACATACAGACAATGGCACCAATTTCACCAGTGCTACAGTTAAGGCCGCCTGTTGGTGGGCAGGGATCAAGCAAGAATTTGGCATTCCCTGCAATCCCCAAAGTCAAGGAGTAGTAGAATCTCTAAATAAAGAATTAAAGAAAATTATAGGACAGGTAAGAGATCAGGCTGAACATCTTAAGACAGCAGTACAAATGGCAGTATTCATTCACAATTTTAAAAGAAAAGGGGGGATTGGGGGGTACAGTGCAGGGGAAAGAATAATAGACATAATAGCAACAGACATACAAACTAAAGAACTACAAAAACAAATTACAAAAATTCAAAACTTYCGGGTTTATTACAGGGAYAGAAGAGATCCACTTTGGAARGGACCAGCAAAACTTCTCTGGAAAGGTGAAGGGGCAGTAGTAATACAGGATAACAGTGACATAAAAGTAGTGCCAAGAAGAAAAGCAAAGATCATTAGGGATTATGGAAAACAGATGGCAGGTGATGATTGTGTGGCAAGTAGACAGGATGAGGAT---
140300|IN_2519|-IR,TTTTTAGATGGAATAGATAAGGCCCAAGAAGAYCATGAAAGATATCACAGTAATTGGAGAACAATGGCTGGTGAATTTAACCTGCCACCTGTGGTAGCAAAAGAAATAGTAGCCTGCTGTGATAAATGTCAGGTAAAAGGAGAAGCTATGCATGGACAAGTAGACTGTAGTCCAGGAATATGGCAACTAGATTGTACACATTTAGAAGGAAAAATTATCATGGTAGCAGTTCATGTAGCCAGTGGATATATAGAAGCAGAAGTTATTCCAGCAGAGACAGGGCAGGAAGCAGCATACTTTATCTTAAAATTAGCAGGAAGATGGCCAGTAAAAACAATACATACAGACAATGGCGGCAATTTCATCAGTACTGCAGTTAAGGCCGCCTGTTGGTGGGCAGGGATCAAGCAGGAATTTGGCATTCCCCACAATCCCCAAAGTCAAGGAGTAGTAGAATCTATGAATAAAGAATTAAAGAAAATTATAAGACARGTAAGAGATCAGGCTGRACAYCTTAAGACAGCAGTACAAATGGCAGTATTCATYCACAATTTTAAAAGAAAAGGGGGGATTGGGGGGTACAGTGCAGGGGAAAGAATAGTAGACATAATAGCAWCAGACATACAAACTAAAGAACTACAAAAACACATTACAAAAATTCAAAATTTTCGGGTTTATTACAGGGACAGCAGAGATCCACTTTGGAAAGGACCAGCAAAGCTCCTCTGGAAAGGTGAAGGGGCAGTAGTAATACAAGATAATAGTGATATAAAAGTAGTGCCAAGAAGAAAAGCAAAGATCATTAGGGATTATGGAAAACAGATGGCAGGTGATGATTGTGTGGCAARYAGACAGGATGAGGAT---
140279|IN_2908|-IR,TTTCTAGATGGAATAGATAAGGCTCAAGAAGACCATGAAAAGTATCATAGTAATTGGAGAGCTATGGCTAGTGATTTTAACATACCACCTGTGGTAGCAAAAGAAATAGTAGCCTGCTGTGATAAATGTCAGTTAAAAGGAGAAGCCATGCATGGACAAGTAGACTGTAGTCCAGGAATATGGCAACTAGATTGTACACATTTAGAAGGAAAARTTATCCTGGTAGCAGTCCATGTAGCCAGTGGATATATAGAAGCAGAAGTTATTCCAGCAGAAACAGGACAGGAAACAGCATACTTTATYTTAAAATTAGCAGGAAGATGGCCAGTAAAAACAATACATACAGACAATGGCAGCAACTTCACCAGTACTACAGTTAAGGCCGCCTGTTGGTGGGCAGGAGTCAAGCAGGAATTTGGTATTCCCTGCAATCCCCAAAGTCAAGGAGTGGTAGAATCTATGAATAAAGAATTAAAGAAAATTATAAGACAAGTAAGAGACCAGGCTGAGCATCTTAAGACAGCAGTACAAATGGCAGTACTCATCCACAATTTTAAAAGAAAAGGGGGGATTGGGGGGTACAGTGCAGGGGAAAGAATAATAGACATAATAGCAACAGACATACAAACYAAAGAACTACAAAATCAAATTACAAAAATTCAAAATTTTCGGGTTTATTACAGRGACCGCAGAGATCCACTTTGGAAAGGACCAGCAAAGCTCCTYTGGAAAGGTGAAGGGGCAGTAGTAATACAAGATAATAGTGACATAAAAGTAGTGCCAAGRAGAAAAGCAAAGATCATTAGGGAYTATGGAAAACAGATGGCAGGTGATGATTGTGTGGCAAGTAGACAGGATGAGGAT---
139868|IN_3146|-IR,TTTTTAGATGGGATAGATAAGGCCCAAGAAGAACATGAGAGATATCACAGTAATTGGAGAGCAATGGCTAGTGATTTTAACCTGCCACCAATAGTAGCAAAAGAAATAGTAGCCAGCTGTGACAAATGTCAGCTAAAAGGAGAAGCCATGCATGGACAAGTAGACTGTAGTCCAGGAATATGGCAAYTAGATTGTACACACTTAGAAGGAAAAATTATCCTGGTAGCAGTGCATGTAGCCAGTGGATATATAGAAGCAGAAGTTATCCCAGCAGAGACGGGGRCTGAAGCAGCATACTTTATCTTAAAATTAGCAGGGAGATGGCCRGTAAAAACAATACATACAGACAATGGCACCAATTTCACCAGTGCTACAGTTAAGGCCGCCTGTTGGTGGGCAGGGATCAAGCAAGAATTTGGCATTCCCTGCAATCCCCAAAGTCAAGGAGTAGTAGAATCTATGAATAAAGAATTAAAGAAAATTATAGGACAGGTAAGAGATCAGGCTGAACATCTTAAGACAGCAGTACAAATGGCAGTATTCATTCACAATTTTAAAAGAAAAGGGGGGATTGGGGGGTACAGTGCAGGGGAAAGAATAATAGACATAATAGCAACAGACATACAAACTAAAGAACTACAAAAACAAATTACAAAAATTCAAAACTTTCGGGTTTATTACAGGGAYAGAAGAGATCCACTTTGGAARGGACCAGCAAAACTTCTCTGGAAAGGTGAAGGGGCAGTAGTAATACAGGATAACAGTGACATAAAAGTAGTGCCAAGAAGAAAAGCAAAGATCATTAGGGATTATGGAAAACAGATGGCAGGTGATGATTGTGTGGCAAGTAGACAGGATGAGGAT---
73544|Virus101|GU121777-IR,TTTTTAGATRGAATAGATAAAGCACAAGARGAACATGAGAAATATCACAGTAATTGGAAAGCAATGGCTAGTGATTTTAACCTGCCCCCTGTGGTAGCRAAAGAAATAGTGGCCAGCTGTGATAAATGTCAGCTAAAAGGAGAAGCCATGCATGGACAAGTAGATTGTAGCCCAGGAATATGGCAACTAGATTGTACACATTTAGAAGGAAAAATTATCCTGGTAGCAGTTCATGTAGCCAGTGGATATATAGAAGCAGAAGTTATTCCAGCAGAAACAGGGCAGGAAGCAGCATACTTTCTCTTAAAATTAGCAGGAAGATGGCCAGTAAAAGTAGTACATACAGACAATGGCAGCAATTTCACCAGTACAGCAGTTAAGGCCGCCTGTTGGTGGGCAGGGATCAAGCAGGAATTTGGCATTCCCTRCAATCCCCAGAGTCAAGGGGTAGTAGAATCTATGAATAAAGAATTAAARAAAATTATAGGACAGGTAAGAGATCAGGCTGAACAGCTTAAGACAGCAGTACAAATGGCAGTATTCATCCACAATTTTAAAAGAAAAGGGGGGATTGGGGGAYACAGTGCAGGGGAAAGAATGGTAGACATGATAGCAACAGACATACAAACTAAAGAACTACAGAAACAAATTACAAAAATTCAAAATTTTCGGGTTTATTACAGGGACCGCAGAGATCCACTTTGGAAAGGACCAGCAAAGCTCCTCTGGAAAGGTGAAGGGGCAGTAGTAATACAAGATAATAGTGACATAAAAGTAGTGCCRAGAAGAAAAGCAAAGATCATTAGGGATTATGGAAAACAGATGGCAGGTGATGATTGTGTGGCAAGTAGACAGGATGAGGAT---
139853|IN_2589|-IR,TTTTTAGATGGAATAGATAAGGCCCAAGAAGAGCATGAAAGRTATCACAGTAATTGGAGAGCAATGGCTAGTGATTTTAACCTGCCACCTGTGGTAGCAAAAGAAATAGTAGCCAGCTGTGATAAATGTCARTTAAAAGGAGAAGCCATGCATGGACAAGTAGACTGTAGTCCAGGAATATGGCAAMTAGATTGYACACATTTAGARGGAAAAATTATCATAGTAGCAGTCCATGTGGCCAGTGGATATATAGAAGCAGAAGTTATTCCAGCAGAGACAGGGCAGGAAGCAGCATACTTTATTTTAAAATTAGCAGGAAGATGGCCAGTAAAAACAATACACACAGACAATGGCASCAAYTTCACCAGCACTACGGTCAAGGCCGCCTGCTGGTGGGCGGRRATCAAACAGGAGTTTGGCATTCCCTGCAATCCCCAAAGTCAAGGAGTAGTAGAATCTATGAATAAAGAATTAAAGAAAATTATAGGACAGGTAAGAGAGCAGGCTGAACATCTTAARACAGCAGTACAAATGGCAGTATTCATCCACAATTTTAAAAGAAAAGGGGGGATTGGGGGTTACAGTGCAGGGGAAAGAATAGTAGACATAATAGCAACAGACCTACAAACTCAAGAATTACAAAAACAAATTACAAAAATTCAAAATTTTCGGGTTTATTACAGGGATAGAAGAGATCCACTTTGGAAAGGACCAGCAAAGCTTCTCTGGAAAGGTGAAGGGGCAGTAGTAATACAAGACAATAGTGACATAAAAGTAGTGCCAAGAAGAAAAGCAAAGATCATTAGAGATTATGGAAAACAGATGGCAGGTGATGATTGTGTGGCAAGTAGACAGGATGAGGAT---
139969|IN_505|-IR,TTTTTAGATGGAATAGATAAGGCCCAAGAAGAACATGAGAAATATCACAATAATTGGAGAGCAATGGCTAGTGACTTTAACCTGCCACCTGTGGTAGCAAAAGAAATAGTAGCTAGCTGTGAYAAATGTCAGCTAAAAGGAGAAGCCATGCATGGACAAGTAGACTGTAGTCCAGGAATATGGCAAYTAGATTGTACACATYTRGAAGGAAAAATTATCCTGGTGGCAGTTCATGTAGCCAGTGGATATATAGAAGCAGAAGTTATTCCAGCAGAAACAGGGCAGGAAACAGCATACTTTATCCTAAAAYTAGCAGGAAGATGGCCAGTAAAAACAATACATACAGACAATGGCAGCAACTTCACCAGTGCRGTGGTYAAGGCCGCCTGTTGGTGGGCGGGRATYAAGCAAGAATTTGGWATTCCCTRCAATCCCCAAAGCCAAGGAGTAGTAGAATCCATGAATAAAGAATTAAAGAAAATTATARAACARGTRAGAGATCAGGCTGAACATCTTAAGACAGCAGTACAAATGGCAGTATTCATCCAYAATTTTAAAAGAAARGGGGGGATTGGGGGATACAGTGCAGGGGAAAGAATAGTAGACATAATAGCAACAGACATACAAACTAAAGAACTACAAAAACAAATTTCAAAAATTCAAAATTTTCGGGTTTATTACAGGGACMGCAGAGATCCAYTTTGGAAAGGACCAGCAAAGCTGCTCTGGAAAGGTGAAGGGGCAGTAGTAATACARGATAATAGWGACATAAAAGTAGTGCCAAGAAGRAAAGCAAAGATCATTAGGGATTATGGAAAACAGATGGCAGGTGATGATTGTGTGGCAAGTAGACAGGATGAGGAT---
139868|IN_3146|-IR,TTTTTAGATGGGATAGATAAGGCCCAAGAAGAACATGAGAGATATCACAGTAATTGGAGAGCAATGGCTAGTGATTTTAACCTGCCACCAATAGTAGCAAAAGAAATAGTAGCCAGCTGTGACAAATGTCAGCTAAAAGGAGAAGCCATGCATGGACAAGTAGACTGTAGTCCAGGAATATGGCAAYTAGATTGTACACACTTAGAAGGAAAAATTATCCTGGTAGCAGTGCATGTAGCCAGTGGATATATAGAAGCAGAAGTTATCCCAGCAGAGACGGGGRCTGAAGCAGCATACTTTATCTTAAAATTAGCAGGGAGATGGCCRGTAAAAACAATACATACAGACAATGGCACCAATTTCACCAGTGCTACAGTTAAGGCCGCCTGTTGGTGGGCAGGGATCAAGCAAGAATTTGGCATTCCCTGCAATCCCCAAAGTCAAGGAGTAGTAGAATCTATGAATAAAGAATTAAAGAAAATTATAGGACAGGTAAGAGATCAGGCTGAACATCTTAAGACAGCAGTACAAATGGCAGTATTCATTCACAATTTTAAAAGAAAAGGGGGGATTGGGGGGTACAGTGCAGGGGAAAGAATAATAGACATAATAGCAACAGACATACAAACTAAAGAACTACAAAAACAAATTACAAAAATTCAAAACTTTCGGGTTTATTACAGGGAYAGAAGAGATCCACTTTGGAARGGACCAGCAAAACTTCTCTGGAAAGGTGAAGGGGCAGTAGTAATACAGGATAACAGTGACATAAAAGTAGTGCCAAGAAGAAAAGCAAAGATCATTAGGGATTATGGAAAACAGATGGCAGGTGATGATTGTGTGGCAAGTAGACAGGATGAGGAT---
139940|IN_1752|-IR,TTTTTAGATGGRATAGATAAGGCCCAAGAAGAACATGACARATATCATAATAATTGGAGAGCAATGGCTAGTGATTTTAAYCTACCACCYATAGTAGCAAAAGAAATAGTAGCCAGCTGTGATAAATGTCAGCTAAAAGGAGAAGCCATGCATGGACAAGTAGACTGTAGTCCAGGAATATGGCAAMTAGATTGTACACATTTAGARGGAAAAATTATCATGGTAGCAGTTCATGTAGCCAGTGGATATATAGAAGCAGAAGTTATTCCAGCAGAAACAGGGCAGGAAGCAGCATACTTCATCTTAAARTTAGCAGGAAGATGGCCAGTAAAAGCAATACATACAGACAATGGCAGAAATTTCACCAGYACTACGGTYAAAACCGCCTGTTGGTGGGCGGGGATCAAGCAGAAATTTGGCATTCCCTGCAATCCCCAAAGTCAAGGAGTAGTAGAATCTATGAATAATGAATTAAAGAARATCATAGGACAGGTAAGAGATCAAGCTGAACATCTTAAGACAGCAGTACAAATGGCAGTATTTATCCACAATTTTAAAAGAAAAGGGGGGATTGGAGGGTACAGTGCAGGRGAAAGAATAGTAGACATAATAGCAACAGACCTCCAAACTAAAGAACTACAAAAACAAATAACAAAAATTCAAAATTTTCGGGTTTATTACAGAGACCGCAGAGATCCCCTTTGGAAAGGACCAGCAAAGCTCCTCTGGAAAGGTGAAGGGGCAGTAGTAATAAAAGATAATAGTGACATAAAAGTAGTGCCAAGAAGAAAAGCAAAGATCATTAGGGATTATGGAAAACAGATGGCAGGTGATGATTGTGTGGCAAGTAGACAGGATGAGAAT---
140083|IN_1795|-IR,TTCTTAGATGGAATAGATAAGGCCCAGGAAGAACATGAGAAATACCACAATAATTGGARAGCAATGGCYAGTGATTTTAACCTACCACCTATAGTAGCAAAAGAAATAGTAGCCAGCTGTGATAAATGTCAGCTAAAGGGAGAAGCTATGCATGGACAAGTAGACTGTAGTCCAGGAATATGGCAACTAGATTGTACACATTTAGAAGGAAAAATYATCCTGGTAGCAGTTCATGTATCCAGTGGATATATAGAAGCAGAAGTTATTCCAGCAGAAACAGGACAGGAAGCAGCATACTTTATCCTAAAATTAGCAGGAAGATGGCCAGTAAAAACAATACATACAGACAATGGCACCAATTTCACCAGTGCTGCAGTTAAAGCCGCCTGTTGGTGGGCAGGAATCAAGCAGGAATTTGGCATTCCCTGCAATCCCCAAAGTCAAGGAGTAGTTGAATCTATGAATAAAGAATTAAAGAAAATTATARGACARGTAAGAGATCAGGCTGAACATCTTAAGACAGCAGTACAAATGGCAGTATTCATCCACAATTTTAAAAGAAAAGGGGGGATTGGGGGGTATAGTGCAGGGGAAAGAATAGTAGACATAATAGCATCAGACATACAAACTAAAGAATTACAAAAACAAATTACAAAAATACAAAATTTTCGGGTCTATTACAGAGACAGAAGAGATCCACTTTGGAAAGGACCAGCAAAGCTTCTTTGGAAAGGTGAAGGGGCAGTAGTAATACAAGATAATAGCGAAATAAAAGTAGTGCCAAGAAGAAAGGCAAAGATCATTAGGGATTATGGAAAACAGATGGCAGGTGATGATTGTGTGGCAGGTAGACAGGATGAGGAT---
140247|IN_787|-IR,TTTTTGGATGGAATAGATAAGGCCCAAGATGAACATGAAAAATATCATAGTAATTGGAGAGCAATGGCCAGTGATTTTAACCTGCCACCTATAGTAGCAAAAGAAATAGTAGCCAGCTGTGATAAATGCCAGCTAAAAGGAGAAGCCATACATGGACAAGTAGACTGTAGTCCAGGAATATGGCAGCTAGATTGTACACATGTGGAAGGAAAAATTGTCATGGTAGCAGTTCATGTAGCCAGTGGATATATAGAAGCAGAAGTTATTCCAGCACAAACAGGGCAAGACGCAGCATACTTTATCTTAAAATTAGCAGGAAGATGGCCAGTAAAAACAATACATACAGACAATGGCACCAATTTCACCAGTAATGCAGTYAAAGCCGCCTGCTGGTGGGCAGGGGTCAAGCAGGAATTTGGAATTCCCTACAATCCCCAAAGTCAAGGAGTGGTGGAATCTATGAATAAACAGTTAAAGMMAATTATAGGACAGGTAAGAGAYCAGGCTGAACATCTTAAAACAGCAGTACAAATGGCAGTATTCATCCACAATTTTAAAAGAAAAGGGGGGATTGGAGGGTACAGTGCAGGGGAAAGAATAGTAGACATAATAGCAACAGACATGCAAACTAAAGAATTACAAAAACAAATTACAAAAATTCAAAATTTCCGGGTTTATTACAGAGACAACAGAGAGCCATTTTGGAAAGGACCAGCAAAACTTCTCTGGAAAGGTGAAGGGGCAGTAGTAATACAAGAAAATAGTGAAATAAAAGTAGTACCAAGAAGAAAAGCAAAGATCATTAGGGATTATGGAAAACAGATGGCAGGTGATGATTGTGTGGCAAGTAGACAGGATGAGGAT---
140083|IN_1795|-IR,TTCTTAGATGGAATAGATAAGGCCCAGGAAGAACATGAGAAATACCACAATAATTGGARAGCAATGGCYAGTGATTTTAACCTACCACCTATAGTAGCAAAAGAAATAGTAGCCAGCTGTGATAAATGTCAGCTAAAGGGAGAAGCTATGCATGGACAAGTAGACTGTAGTCCAGGAATATGGCAACTAGATTGTACACATTTAGAAGGAAAAATYATCCTGGTAGCAGTTCATGTATCCAGTGGATATATAGAAGCAGAAGTTATTCCAGCAGAAACAGGACAGGAAGCAGCATACTTTATCCTAAAATTAGCAGGAAGATGGCCAGTAAAAACAATACATACAGACAATGGCACCAATTTCACCAGTGCTGCAGTTAAAGCCGCCTGTTGGTGGGCAGGAATCAAGCAGGAATTTGGCATTCCCTGCAATCCCCAAAGTCAAGGAGTAGTTGAATCTATGAATAAAGAATTAAAGAAAATTATARGACARGTAAGAGATCAGGCTGAACATCTTAAGACAGCAGTACAAATGGCAGTATTCATCCACAATTTTAAAAGAAAAGGGGGGATTGGGGGGTATAGTGCAGGGGAAAGAATAGTAGACATAATAGCATCAGACATACAAACTAAAGAATTACAAAAACAAATTACAAAAATACAAAATTTTCGGGTCTATTACAGAGACAGAAGAGATCCACTTTGGAAAGGACCAGCAAAGCTTCTTTGGAAAGGTGAAGGGGCAGTAGTAATACAAGATAATAGCGAAATAAAAGTAGTGCCAAGAAGAAAGGCAAAGATCATTAGGGATTATGGAAAACAGATGGCAGGTGATGATTGTGTGGCAGGTAGACAGGATGAGGAT---
73544|Virus139|GU121815-IR,TTTTTAGATGGAATAGATAAAGCACAAGARGAACATGAGAAATATCACAGTAATTGGAAAGCAATGGCTAGTGATTTTAACCTGCCCCCTGTGGTAGCRAAAGAAATAGTRGCCAGCTGTGATAAATGTCAGCTAAAAGGAGAAGCCATGCATGGACAAGTAGAYTGTAGCCCAGGAATATGGCAACTAGATTGTACACATTTAGAAGGAAAAATTATCMTGGTAGCAGTTCATGTAGCCAGTGGATATATAGAAGCAGAAGTTATTCCAGCAGAAACAGGGCAGGAARCAGCATACTTTCTCTTAAAATTAGCAGGAAGATGGCCAGTAAAAGTAGTACATACAGACAATGGCASCAATTTCACCAGTACAGCAGTTAAGGCCGCCTGTTGGTGGGCAGGGATCAAGCAGGAATTTGGCATTCCCTRCAATCCCCARAGTCAAGGRGTAGTAGAATCTATGAATAAAGAATTAAAGAAAATYATAGGACAGGTAAGAGATCAGGCTGAACAGCTTAAGACAGCAGTACAAATGGCAGTATTCATCCACAATTTTAAAAGAAAAGGGGGGATTGGGGGATACAGTGCAGGGGAAAGAATGGTAGACATRATAGCAACAGACATACAAACTAAAGAACTACAGAAACAAATTWCAAAAATTCAAAATTTTCGGGTYTATTACAGGGACMGCAGAGATCCACTTTGGAARGGACCAGCAAAGCTCCTYTGGAAAGGTGAAGGGGCAGTAGTAATACAAGATAATAGTGACATAAAAGTAGTGCCAAGAAGAAAAGCAAAGATCATTAGGGATTATGGAAAACAGATGGCAGGTGATGATTGTGTGGCAAGTAGACAGGATGAGGAT---
113917|Pt1W20|JN163877-IR,TTTCTAGATGGAATAGATAAAGCCCAAGAAGAACATGAGAAATATCCCAGTAATTGGAGAGCAAGGGCTAGTGATTTTAACCTGCCACCTGTGGTAGCAAAAGAGATAGTAGCCAGCTGTGATAAATGTCAGCTAAAAGGAGAAGCCATGCATGGACAAGTAGACTGTAGTCCAGGAATATGGCAACTAGATTGTACACATCTAGAAGGAAAAATTATCCTGGTAGCAGTTCATGTAGCCAGTGGATATATAGAAGCAGAAGTTATTCCAGCAGAAACAGGGCAGGAAGCAGCATACTTTATCTTAAAGTTAGCAGGAAGATGGCCAGTAAAAACAATACATACAGACAATGGCCGCAATTTCACCAGTACTACTGTTAAGGCCGCCTGTTGGTGGGCGGGGATCAAGCAGGCATTTGGCATTCCCAAAAATCCCCAAAGTCAAGGAGTAGTAGAATCCATGAATAATGAATTAAAGAAAATTATAGGACAGGTAAGAGATCAGGCTGAACATCTTAAGACAGCAGTACAGATGGCAGTTTTCATCCACAATTTTAAAAGAAAAGGGGGGATTGGGGGGTACAGTGCAGGGGAAAGAATAGTAGACATAATAGCAACAGACCTACAAACTAAGGAACTACAAAAACAAATTACAAAAATTCAAAATTTTCGGGTTTATTACAGGGACAGCAGAGATCCACTTTGGAAAGGACCAGCAAAACTTCTTTGGAAAGGTGAAGGGGCAGTAGTAATACAAGATAATAGTGACATAAAAGTAGTACCAAGAAGAAAAGCAAAGATCATTAGGGATTATGGAAAACAGATGGCAGGTGATGATTGTGTGGCAAGTAGACAGGATGAGGAT---
139935|IN_508|-IR,TTTCTGGATGGAATAGATAAAGCCCAAGAAGAGCATGAGAAATATCACAACAATTGGAGAGCAATGGCTAGTGACTTTAACTTGCCACCTRTAGTAGCAAGAGAAATAGTAGCTCGCTGTGACAAATGCCAGTTAAAGGGAGAAGCCATGCAYGGACAAGTAGACTGTAGTCCAGGAATATGGCAGCTAGATTGTACACATCTAGAAGGAAAAATCATCATGGTAGCAGTTCATGTAGCCAGTGGATATATAGAAGCAGAAGTTATTCCAGCAGAGACAGGGCAAGAAGCAGCGTACTTTCTCTTAAAACTAGCAGGAAGATGGCCAGTAAAAACAATACATACAGACAATGGCACCAATTTCACCAGTGCTACAGTTAAGGCCGCCTGTTGGTGGGCGGGAATCAAGCAGGAATTTGGTATTCCCTCCAATCCCCAAAGCCAAGGGGTAGTAGAATCTATGAATAAAGAATTAAAGAAAATTATAGGGCAGGTAAGAGATCAGGCAGAGCATCTTAAGACAGCAGTACAAATGGCAGTATTCATCCACAATTTTAAAAGAAAAGGGGGGATTGGGGGATACAGTGCAGGGGAAAGAATAGTAGACATARTAGCATCAGACATACAAACTAAAGAATTACAAAAGCAAATTACAAAAATTCAAAATTTTCGGGTTTATTACAGGGAACGCAGAGATCCACTTTGGAAAGGACCAGCAAAGCTTCTCTGGAAAGGTGAAGGGGCAGTAGTAATACAAGATAATAGTGACATAAAAGTAGTGCCAAGAAGAAAAGCAAAGATCATTAGGGATTATGGAAAACAGATGGCAGGTGATGATTGTGTGGCAAGTAGACAGGATGAGGAT---
139940|IN_1752|-IR,TTTTTAGATGGRATAGATAAGGCCCAAGAAGAACATGACARATATCATAATAATTGGAGAGCAATGGCTAGTGATTTTAAYCTACCACCYATAGTAGCAAAAGAAATAGTAGCCAGCTGTGATAAATGTCAGCTAAAAGGAGAAGCCATGCATGGACAAGTAGACTGTAGTCCAGGAATATGGCAAMTAGATTGTACACATTTAGARGGAAAAATTATCATGGTAGCAGTTCATGTAGCCAGTGGATATATAGAAGCAGAAGTTATTCCAGCAGAAACAGGGCAGGAAGCAGCATACTTCATCTTAAARTTAGCAGGAAGATGGCCAGTAAAAGCAATACATACAGACAATGGCAGAAATTTCACCAGYACTACGGTYAAAACCGCCTGTTGGTGGGCGGGGATCAAGCAGAAATTTGGCATTCCCTGCAATCCCCAAAGTCAAGGAGTAGTAGAATCTATGAATAATGAATTAAAGAARATCATAGGACAGGTAAGAGATCAAGCTGAACATCTTAAGACAGCAGTACAAATGGCAGTATTTATCCACAATTTTAAAAGAAAAGGGGGGATTGGAGGGTACAGTGCAGGRGAAAGAATAGTAGACATAATAGCAACAGACCTCCAAACTAAAGAACTACAAAAACAAATAACAAAAATTCAAAATTTTCGGGTTTATTACAGAGACCGCAGAGATCCCCTTTGGAAAGGACCAGCAAAGCTCCTCTGGAAAGGTGAAGGGGCAGTAGTAATAAAAGATAATAGTGACATAAAAGTAGTGCCAAGAAGAAAAGCAAAGATCATTAGGGATTATGGAAAACAGATGGCAGGTGATGATTGTGTGGCAAGTAGACAGGATGAGAAT---
1556|CA124202|-IR,TTCCTGGATGGAATAGATAGGGCCCAAGAGGAACATGAGAAATATCACAATAATTGGAGAGCAATGGCTAGTGATTTTAACCTACCACCTGTAGTAGCAAAAGAAATAGTGGCCAGCTGTGACAAATGTCAGCTAAAAGGAGAAGCCATGCATGGACAAGTAGACTGTAGTCCAGGAATATGGCAGTTAGATTGTACACATTTAGAAGGAAAAATTATCATGGTAGCAGTTCATGTAGCCAGTGGCTATATAGAAGCAGAAGTTATTCCAGCAGAGACAGGGCAAGAAGCAGCATACTTTATCTTAAAATTAGCAGGAAGATGGCCAGTACAAAAAATACATACAGACAATGGCCGCAATTTTACCAGTACTACAGTTAAAGCCGCCTGTTGGTGGGCAGGGATCAAGCAGGAATTTGGCATTCCCTGCAATCCCCAAAGTCAAGGAGTAGTAGAATCTATGAATAAAGAATTAAAGAAAATTATAGGGCAAGTAAGAGATCAGGCTGAACATCTCAAGACAGCAGTACAAATGGCAGTATTCATCCACAATTTTAAAAGAAAAGGGGGGATTGGGGGGTACAGTGCAGGGGAAAGAATAGTAGACATAATAGCATCAGACATACAAACTAGAGAACTACAAAAACAAATTACAAAGATTCAAAATTTTCGGGTTTATTACAGGGACAGAAGAGATCCACTTTGGAAAGGACCAGCAAAACTTCTCTGGAAAGGTGAAGGGGCAGTAGTAATACAAGATAATAGTGAAATAAAAGTAGTGCCAAGAAGAAAAGCAAAGATCATTAGGGATTATGGAAAACAGATGGCAGGTGATGATTGTGTGGCAAGTAGACAGGATGAGGAT---
139437|BRSP148|-IR,------------------------------------------TATCACAATAATTGGAGATCAATGGCTAGTGAGTTTAATCTACCACCTATAGTAGCAAAAGAAATAGTAGCCAGCTGTGATAAATGTCAGCTAAAAGGAGAAGCCATGCATGGACAGGTAGACTGTAGTCCAGGAATATGGCAGMTAGAYTGTACACACTTAGAAGGAAAAATTATCATAGTAGCAGTTCATGTAGCCAGTGGATACATAGAAGCAGAAGTTATTCCAGCAGAAACAGGGCAAGAAACAGCATACTTTATCTTAAAATTAGCAGGAAGATGGCCAGTAAGAACACTACATACAGACAATGGCCCCAATTTCATCAGCACTGCAGTTAAGGCCGCCTGTTGGTGGGCAGGAATCAAGCAGGAATTTAGCATTCCCTACAATCCCCAAAGTCACGGAGTAGTAGAATCTATGAATAAAGAATTAAAGAAAATTATAGAACAGGTAAGAGATCAGGCTGAACARCTTAAAACAGCAGTGCAAATGGCAGTATTCATYCACAATTTTAAGAGAAAAGGGGGGATTGGGGGGTAYAGTGCAGGGGAAAGAATAGTAGACATAATAGCAACAGACATACAAACTAAAGAATTACAAAAACAAATTTCAAAAATTCAAAATTTCCGGGTTTATTACAGGGACAGCAGAGACCCTCTGTGGAAAGGACCAGCAAAACTACTTTGGAAAGGTGAAGGGGCAGTAGTAATACAAGATAATAGTGACATAAAAGTAGTGCCAAGAAGAAAGGCAAAGATCATTAGGGATTATGGAAAACAGATGGCAGGTGATGATTGTGTGGCAGGTAGACAGGATGAGGAT---
140115|IN_852|-IR,TTTTTAGATGGAATAGATAAAGCCCAAGAAGAACATGARAAATATCACAATAATTGGAGAGCAATGGCTAGTGATTTTAACCTGCCACCGGTAGTAGCAAAGGAAATAGTAGCCAGCTGTGATAAATGTCAGCTAAAAGGAGAAGCCATGCATGGACAAGTAGACTGTAGTCCAGGAATATGGCAACTAGATTGTAYACATTTAGAAGGAAAAATTATCCTGRTAGCAGTTCATGTWGCCAGTGGATATATAGAAGCAGAAGTTATTCCAGCAGAGACAGGGCAGGAAACAGCATACTTTATCTTAAAAYTAGCAGGAAGATGGCCAGTAAAAACAATACATACAGACAATGGCAGCAATTTCACCAGTAATGTGGTTAAGGCCGCCTGTTGGTGGGCGGGGGTCAAACAGGAATTTGGCATTCCCTRCAATCCCCAAAGTCAAGGAGTAGTAGAATCTATGAACAAAGAATTAAAGAAAATTATAGAACAAGTAAGAGATCAGGCTGMACATCTTAAGACAGCAGTACAAATGGCAGTATTCATTCACAATTTTAAAAGAAAAGGGGGGATTGGGGGGTACAGTGCAGGGGAAAGAATAGTAGACATAATAGCAACAGACCTRCAAACTAAAGAATTACAAAAACAAATTACRAAAATTCAAAATTTTCGGGTTTATTACAGGGACAGCAGAGATCCACTTTGGAAAGGACCAGCAAAGCTTCTCTGGAAAGGTGAAGGGGCAGTAGTAATACAAGATAATAGTGACATAAAAGTAGTGCCAAGAAGAAAAGCAAAGATCATTAGGGATTATGGAAAACAGATGGCAGGTGATGATTGTGTGGCAAGTAGACAGGATGAGGAT---
113918|Pt2W64|JN163885-IR,TTTCTAGATGGAATAGATAAAGCCCAAGAAGAACATGAGAAATATCACAGTAATTGGAGAGCAATGGCTAGTGATTTTAACCTGCCACCTGTGGTAGCAAAAGAAATAGTAGCCAGCTGTGATAAATGTCAGCTAAAAGGAGAAGCCATGCATGGACAAGTAGACTGTAGTCCAGGAATATGGCAACTAGATTGTACACATTTAGAAGGAAAAATTATCATGGTAGCAGTTCATGTAGCCAGTGGATATATAGAAGCAGAAGTTATCCCAGCAGAAACAGGGCAAGAAGCAGCATACTTTATATTAAAATTAGCAGGAAGATGGCCAGTAAAAACAATACATACAGACAATGGCAGAAATTTCACAAGTAATGCAGTTAAGGCCGCCTGTTGGTGGGCGGGGATCAAGCAGGCATTTGGCATTCCCTGCAATCCCCAAAGTCAAGGGGTAGTAGAATCTCTAAATAAGGAATTAAAGAAAATTATAGGGCAGATAAGAGATCAGGCTGAACATCTTAAGACAGCAGTACAAATGGCAGTATTCATTCATAATTTTAAAAGAAAAGGGGGGATTGGAGGGTACAGTGCAGGGGAAAGAATAGTAGACATAATAGCAACAGACATACAAACTAGAGAACTACAAAAACAAATTACAAAAATTCAAAATTTTCGGGTTTATTACAGGGACAGCAGAGATCCACTTTGGAAAGGACCAGCAAAGCTTCTCTGGAAAGGTGAAGGGGCAGTAGTAATACAAGATAATAGTGAAATAAAAGTAGTGCCAAGAAGAAAAGCAAAGATCATTAGGGATTATGAAAAACAGATGGCACGTGATGATTGTGTGGCAAGTAGACAGGATGAGGAT---
139856|IN_2414|-IR,TTTTTAGATGGAATAGATAAGGCCCAAGAAGAGCATGAGAAATACCACAATAATTGGAGAGCAATGGCTAGTGATTTTAACCTGCCACCTRTAGTAGCAAAAGAAATAGTAGCCAGCTGTGATAAATGTCAGCTAAAAGGAGAAGCCATGCATGGACAAATAGACTGTAGTCCAGGAATATGGCAACTAGATTGTACACATTTAGAAGGAAAAATTATCATAGTAGCAGTTCATGTAGCCAGTGGATACATAGAAGCAGAAGTCATTCCAGCAGAGACAGGACAGGAAGCAGCATACTTTATCTTAAAATTAGCAGGCAGATGGCCAGTAAAAGCAATACATACAGACAATGGCACCAATTTCACCAGTGCCACAGTTAAGGCCGCCTGTTGGTGGGCGGGGATCAAGCAAGAATTTGGCATTCCCTGCAATCCCCAAAGTCAGGGAGTAGTAGAATCAATGAATAAAGAATTAAAGAAAATTATAGGACAGGTAAGAGAYCAGGCTGAACATCTTAAAACAGCAGTACAAATGGCAGTATTCATYCACAATTTTAAGAAAAGAGGGGGGATTGGGGGGTACAGTGCAGGGGAAAGAATAGTAGACATAATAGCAACAGACATACAGACTAGAGAACTACAAAAACAAATTACAAAAATTCAAAATTTTCGGGTTTATTACAGGGACAGAAGAGATCCACTTTGGAARGGACCAGCWAAGCTTCTCTGGAAAGGTGAAGGGGCAGTAGTAATACAGGATAATAGTGAAATAAAAGTAGTGCCAAGAAGAAAAGCAAAGATCATTAGGGATTATGGAAAACAGATGGCAGGTGATGATTGTGTGGCAAGTAGACAGGATGAGGAT---
140122|IN_2436|-IR,TTTCTAGATGGAATAGATAAAGCTCAAGAAGAGCATGAAAGGTATCACAGCAATTGGAGAGCAATGGCTAGTGAATTTAATATACCTCCCATAATAGCAAAAGAAATAGTAGCTTGCTGTGATAAATGTCAACTAAAAGGGGAAGCCATGCATGGACAAGTAGATTGTAGTCCAGGGATATGGCAATTAGATTGTACACACTTAGAAGGAAAAATCATCCTGGTAGCAGTCCATGTGGCCAGTGGCTACATGGAAGCAGAAGTTATTCCAGCAGAAACAGGACAAGAAACAGCATACTTTATACTAAAATTAGCAGGAAGATGGCCAGTCAAAGTAATACATACAGACAATGGCAGCAATTTCACCAGCACTGCAGTAAAAGCAGCCTGTTGGTGGGCGGGTATCAAACAGGAATTTGGGATTCCCTGCAATCCCCAAAGCCAAGGAGTAGTAGAATCCATGAATAAAGAATTAAAGAAAATCATAAGGCAAGTAAGAGATCAAGCTGAGCACCTTAAGACAGCAGTACAAATGGCAGTATTCATTCACAATTTTAAAAGAAAAGGGGGGATTGGGGGGTACAGTGCAGGGGAAAGAATAATAGATATAATAKCAACAGACATACAGACTAAAGAACTACAAAACCAAATTTTAAAAATTCAACATTTTCGGGTTTATTACAGAGACAGAAGAGACCCTATTTGGAAAGGACCAGCCAAACTACTCTGGAAAGGTGAAGGGGCAGTAGTAATACAAGATAATAGTGACATAAAGGTAGTACCAAGGAGGAAAGCAAAAATCATTAGGGATTATGGAAAACAGATGGCAGGTGATGATTGTGTGGCAAGTAGACAGGATGAAGAT---
139864|IN_2564|-IR,TTTTTAGATGGGATAGACAAGGCCCAGGAAGACCACGAGAAATATCACAGTAATTGGAGAGCAATGGCTAATGAGTTTAACCTGCCACCCATAGTAGCAAAAGAAATAGTAGCCAGCTGTGATAAATGTCAGCTAAAAGGAGAAGCCATGCATGGACAAGTAGACTGTAGTCCAGGAATATGGCAACTAGATTGTACACATTTAGAAGGAAAAATTATCCTGATGGCAGTTCATGTAGCCAGTGGATATATAGAAGCAGAAGTCATTCCAGCAGAAACAGGGCAGGAAACAGCATACTTTATCYTAAAGATGGCAGGAAGATGGCCAGTAAAAACAATACATACAGACAATGGCAGCAAYTTCACCAGYACTGCGGTTAAGGCCGCCTGCTGGTGGGCAGGRATCAAACAGGAATTTGGTATTCCCTGCAATCCCCAAAGTCAAGGAGTARTAGAATCTATGAATAAAGAATTAAAGAAAATTATAAGGCAGGTAAGAGATCAGGCTGAACATCTTAAGACAGCAGTACAAATGGCAGTATTCATCCACAATTTTAAAAGAAAAGGGGGGATTGGGGGGTACAGTGCAGGGGAGAGAATAGTAGACATAATAACAACAGACATACAAACTAAAGAATTACAAAAACAAATTTCAAAAATTCAAAATTTTCGGGTTTATTACAGAGACAAGAGAGATCCACTTTGGAAAGGACCAGCAAAGCTTCTCTGGAAAGGTGAAGGGGCAGTAGTAATACAAGATAARGGTGACATAAAAGTAGTGCCAAGAAGAAAAGCAAAGATCATTAGAGATTATGGAAAACAGATGGCAGGTGATGATTGTGTGGCAAGTGGACAGGATGAGGAT---
140247|IN_787|-IR,TTTTTGGATGGAATAGATAAGGCCCAAGATGAACATGAAAAATATCATAGTAATTGGAGAGCAATGGCCAGTGATTTTAACCTGCCACCTATAGTAGCAAAAGAAATAGTAGCCAGCTGTGATAAATGCCAGCTAAAAGGAGAAGCCATACATGGACAAGTAGACTGTAGTCCAGGAATATGGCAGCTAGATTGTACACATGTGGAAGGAAAAATTGTCATGGTAGCAGTTCATGTAGCCAGTGGATATATAGAAGCAGAAGTTATTCCAGCACAAACAGGGCAAGACGCAGCATACTTTATCTTAAAATTAGCAGGAAGATGGCCAGTAAAAACAATACATACAGACAATGGCACCAATTTCACCAGTAATGCAGTYAAAGCCGCCTGCTGGTGGGCAGGGGTCAAGCAGGAATTTGGAATTCCCTACAATCCCCAAAGTCAAGGAGTGGTGGAATCTATGAATAAACAGTTAAAGMMAATTATAGGACAGGTAAGAGAYCAGGCTGAACATCTTAAAACAGCAGTACAAATGGCAGTATTCATCCACAATTTTAAAAGAAAAGGGGGGATTGGAGGGTACAGTGCAGGGGAAAGAATAGTAGACATAATAGCAACAGACATGCAAACTAAAGAATTACAAAAACAAATTACAAAAATTCAAAATTTCCGGGTTTATTACAGAGACAACAGAGAGCCATTTTGGAAAGGACCAGCAAAACTTCTCTGGAAAGGTGAAGGGGCAGTAGTAATACAAGAAAATAGTGAAATAAAAGTAGTACCAAGAAGAAAAGCAAAGATCATTAGGGATTATGGAAAACAGATGGCAGGTGATGATTGTGTGGCAAGTAGACAGGATGAGGAT---
